AMT_INCOME_TOTAL,AMT_CREDIT,AMT_ANNUITY,DAYS_BIRTH,DAYS_EMPLOYED,CNT_FAM_MEMBERS,NAME_CONTRACT_TYPE,NAME_INCOME_TYPE,NAME_EDUCATION_TYPE,NAME_FAMILY_STATUS,NAME_HOUSING_TYPE,REGION_RATING_CLIENT,REG_REGION_NOT_WORK_REGION,FLAG_OWN_CAR,FLAG_OWN_REALTY
394900.0,720700.0,33650.0,-22902,-36,1,1,0,3,0,0,2,1,1,1
216100.0,923600.0,54350.0,-23668,-1717,1,0,3,3,1,0,3,0,0,0
181400.0,620900.0,35430.0,-11298,-68,1,1,3,3,1,0,2,1,1,1
119200.0,441700.0,22400.0,-18547,-168,2,0,3,3,1,0,2,0,0,1
177700.0,673900.0,35860.0,-10691,-4117,4,0,1,3,1,0,2,0,0,1
159600.0,707400.0,44030.0,-19437,-3025,1,0,3,3,3,1,2,0,0,1
152200.0,514100.0,21830.0,-13826,-7252,2,0,0,3,1,0,2,0,0,1
154700.0,540600.0,28410.0,-13893,-703,2,0,3,3,3,0,2,0,1,1
296600.0,770400.0,51750.0,-15667,-3852,1,0,3,3,1,0,2,0,1,1
89100.0,270500.0,12300.0,-7762,-1188,1,1,3,3,0,0,2,0,0,1
115500.0,335500.0,15330.0,-9697,-687,4,0,3,1,0,0,2,0,0,0
340500.0,1301500.0,73160.0,-18983,-5024,1,1,3,3,1,0,3,1,0,0
237700.0,921200.0,62350.0,-15966,-226,3,0,1,0,1,1,2,1,0,1
81700.0,171300.0,8770.0,-19555,-1723,2,0,0,3,0,0,3,0,1,1
144300.0,359600.0,21350.0,-19333,-2324,1,0,0,3,1,0,2,0,1,1
109700.0,490700.0,28460.0,-8517,-475,1,0,1,3,1,0,2,0,0,1
137300.0,534000.0,36270.0,-21781,-1952,2,0,2,0,2,0,2,0,0,1
354400.0,1383100.0,90860.0,-11733,-999,2,1,3,3,1,2,2,0,0,1
150900.0,274500.0,12830.0,-20214,-4643,2,0,3,3,1,0,2,1,0,1
136200.0,608900.0,40070.0,-13450,-2010,2,0,3,3,1,2,3,0,0,1
163300.0,460200.0,21740.0,-11928,-420,1,0,0,3,2,0,1,0,0,1
112500.0,393200.0,19090.0,-17574,-87,2,0,3,0,1,0,2,0,0,0
64400.0,140800.0,8190.0,-8770,-36,2,0,0,3,3,0,1,1,0,0
114100.0,498400.0,26370.0,-14906,-5674,3,0,2,3,0,0,2,0,1,1
48800.0,139200.0,8980.0,-13742,-237,1,0,3,3,1,0,2,0,1,1
105900.0,254500.0,13160.0,-20027,-828,2,0,0,0,1,0,2,0,1,1
108600.0,460700.0,28360.0,-20625,-3316,4,0,3,0,3,0,2,0,1,1
194400.0,433300.0,20960.0,-18556,-2603,1,0,3,3,2,0,3,0,0,1
197300.0,844300.0,54670.0,-12679,-1132,2,0,3,3,1,0,2,0,0,1
232200.0,1026100.0,48500.0,-12614,-2036,2,0,3,3,3,0,3,1,0,0
118300.0,272700.0,17950.0,-9780,-205,1,0,3,3,0,0,3,0,0,0
133100.0,446900.0,27100.0,-18092,-316,3,0,3,3,1,0,2,0,1,1
283600.0,906700.0,45120.0,-17503,-1030,3,1,3,3,1,0,2,0,0,1
124900.0,486900.0,27550.0,-20441,-930,2,0,0,0,1,0,3,0,0,1
91900.0,227600.0,12950.0,-9134,-2560,3,0,3,0,3,0,2,0,1,1
223600.0,590400.0,32420.0,-15140,-1038,2,0,3,3,3,0,2,0,0,1
135000.0,257200.0,12350.0,-19542,-4271,3,0,0,0,1,0,3,0,0,1
59500.0,145000.0,8580.0,-12780,-839,1,0,1,0,3,0,2,0,1,1
130200.0,506200.0,22930.0,-10592,-551,2,0,0,3,0,1,3,0,1,1
365300.0,1414700.0,90290.0,-16743,-985,1,1,0,3,1,0,2,1,0,1
191300.0,623800.0,42070.0,-8550,-1975,3,0,1,3,1,2,3,0,0,1
129200.0,515000.0,21790.0,-19382,-1288,5,0,3,0,0,0,2,1,1,0
501000.0,2098300.0,125010.0,-22872,-497,4,0,1,3,1,0,2,0,0,0
239900.0,691200.0,42220.0,-16283,-4108,2,1,0,0,0,0,2,1,1,0
107600.0,402500.0,21880.0,-20557,-2339,2,0,1,3,1,0,2,1,0,1
127100.0,255400.0,11340.0,-18687,-546,2,1,3,3,3,0,2,0,1,1
215300.0,580800.0,38030.0,-16112,-461,2,0,1,3,1,0,2,1,0,0
155300.0,417000.0,23570.0,-10312,-2793,1,0,2,0,1,0,1,0,0,1
109900.0,401300.0,21280.0,-16209,-462,3,0,3,3,1,0,1,0,1,1
267600.0,813000.0,37680.0,-9324,-361,3,0,3,0,1,0,2,0,1,0
71100.0,225400.0,10640.0,-15644,-2377,2,0,3,3,1,0,2,0,1,0
119600.0,236700.0,11280.0,-9949,-371,2,0,1,3,1,0,1,0,0,0
80500.0,199900.0,9990.0,-19132,-1013,3,0,0,3,3,0,3,0,0,1
101400.0,283700.0,14740.0,-19389,-1177,1,0,0,0,3,0,3,1,0,1
147200.0,379600.0,23660.0,-14271,-58,2,0,3,3,1,0,3,0,0,0
126500.0,448400.0,29740.0,-10690,-211,4,0,1,3,1,0,3,0,0,1
209100.0,429400.0,19220.0,-22692,-2501,2,0,3,3,1,3,2,0,1,0
259800.0,689400.0,37750.0,-12199,-1301,3,0,3,3,4,0,2,0,0,1
46600.0,120200.0,5420.0,-20041,-758,3,0,0,0,2,0,1,0,0,1
119800.0,413800.0,26820.0,-19380,-832,2,0,3,3,1,0,2,1,0,0
290100.0,1010600.0,66940.0,-15418,-2855,1,0,0,3,1,0,2,0,1,0
168100.0,723200.0,32000.0,-22046,-98,1,0,1,0,1,0,2,0,0,0
150300.0,338500.0,15090.0,-20805,-3319,3,0,0,3,3,0,2,0,1,1
143200.0,403100.0,24300.0,-15985,-564,3,0,3,3,3,0,1,1,0,1
187000.0,342300.0,14940.0,-21529,-319,2,0,2,3,2,0,1,0,0,0
149300.0,653400.0,42480.0,-9920,-3346,2,0,0,1,0,0,2,0,0,1
222600.0,645900.0,32330.0,-11649,-211,4,0,1,3,0,0,2,0,0,1
248300.0,963800.0,42300.0,-9426,-780,1,0,0,0,1,1,2,0,0,0
182400.0,807200.0,49250.0,-20100,-3170,2,0,0,3,1,0,2,0,0,1
110900.0,246500.0,12540.0,-9725,-2290,1,0,0,3,3,0,3,1,0,1
134200.0,300400.0,15260.0,-13580,-694,2,0,3,3,3,0,3,1,1,1
117100.0,502600.0,22930.0,-19887,-3713,2,0,1,3,1,0,2,0,0,1
385600.0,1718800.0,86180.0,-20085,-246,1,0,1,3,1,0,3,0,0,0
195000.0,833900.0,40360.0,-22774,-259,2,0,3,0,3,0,2,0,1,1
178600.0,713600.0,43990.0,-20578,-908,3,0,2,3,1,3,2,0,0,1
292500.0,636100.0,29950.0,-14819,-609,1,0,0,3,1,0,2,0,0,0
361200.0,1358100.0,80710.0,-21851,-1254,2,0,1,3,1,2,3,0,0,1
364600.0,805400.0,50730.0,-21115,-2113,3,0,3,0,1,0,3,0,0,1
184000.0,412600.0,22200.0,-14801,-5479,1,0,0,3,1,0,2,0,0,1
162200.0,684900.0,34540.0,-11710,-36,3,0,1,0,2,0,2,1,0,1
197300.0,776400.0,45250.0,-15748,-2650,2,0,1,0,1,0,3,0,1,1
87100.0,219300.0,10530.0,-8550,-1975,2,0,3,0,1,0,2,1,1,1
300200.0,1018100.0,44460.0,-16188,-477,2,0,1,3,4,0,2,0,1,1
174100.0,609300.0,29720.0,-10032,-216,2,0,3,3,2,0,2,0,1,1
234500.0,837100.0,45300.0,-16067,-748,3,0,1,3,2,0,1,0,1,1
93600.0,332000.0,16740.0,-12064,-566,2,1,1,3,1,0,1,0,1,0
194000.0,757000.0,36150.0,-13571,-297,1,0,1,3,0,0,2,0,0,0
340800.0,1229300.0,79030.0,-8297,-1722,1,0,3,3,1,0,3,0,0,1
153100.0,398500.0,26890.0,-9694,-1893,2,0,0,3,3,0,2,0,1,1
342000.0,1347400.0,63880.0,-14430,-599,2,0,1,3,1,0,1,1,0,1
120300.0,452900.0,29340.0,-7963,-254,4,0,1,3,2,0,1,0,1,1
99300.0,206500.0,12670.0,-15649,-366,3,0,1,3,1,0,2,1,1,1
162200.0,453000.0,26070.0,-7820,-1245,2,0,0,0,1,0,3,0,0,1
166800.0,333500.0,16970.0,-8363,-651,5,0,3,3,3,0,2,0,0,1
95600.0,266600.0,12690.0,-20751,-3247,1,0,3,3,1,0,2,0,0,1
393100.0,836800.0,44890.0,-16964,-899,2,0,1,0,2,0,3,0,0,1
179000.0,480100.0,31900.0,-17254,-36,1,1,3,3,1,0,2,0,0,0
116800.0,372100.0,21410.0,-13636,-2260,2,1,0,3,3,0,2,1,1,1
141800.0,485800.0,21070.0,-20747,-2783,2,0,0,3,1,3,2,1,0,0
63400.0,232800.0,13020.0,-16366,-897,2,0,0,2,1,0,2,1,0,1
58000.0,178800.0,10570.0,-17249,-208,1,0,0,3,1,0,3,1,0,1
105000.0,290200.0,14560.0,-17744,-2035,2,0,3,3,2,0,2,0,1,1
380900.0,1165100.0,64160.0,-13420,-3047,1,1,0,3,3,0,2,1,0,0
153500.0,416100.0,25100.0,-15878,-783,1,0,0,3,0,0,2,0,0,1
67500.0,223300.0,15130.0,-11859,-2767,1,0,3,3,3,0,3,0,0,1
137200.0,583300.0,29250.0,-19321,-2264,3,0,3,3,1,0,3,0,0,1
131900.0,258400.0,10880.0,-14270,-3367,2,0,3,0,1,0,2,1,1,1
188400.0,362000.0,21030.0,-17780,-341,4,0,1,3,3,0,2,0,0,1
275600.0,997200.0,63310.0,-10397,-3073,1,0,3,3,1,0,1,0,1,1
201300.0,488100.0,32840.0,-17038,-1410,1,0,3,3,1,0,1,0,1,0
144500.0,389300.0,25840.0,-20181,-358,2,0,3,3,1,0,2,0,1,1
115000.0,210800.0,9010.0,-14196,-4816,3,0,0,3,1,0,2,1,0,0
123700.0,276500.0,14210.0,-8770,-1601,3,0,3,3,1,2,2,0,0,1
47100.0,193900.0,11980.0,-10197,-189,2,0,3,3,1,0,2,1,0,1
94200.0,301500.0,20230.0,-14378,-513,2,0,3,3,1,0,3,0,0,0
94000.0,400500.0,22690.0,-18540,-217,1,0,1,0,3,0,1,0,1,1
162500.0,529400.0,31430.0,-9293,-2719,2,0,0,3,0,0,3,0,0,0
131900.0,476000.0,21880.0,-10184,-1493,2,0,3,3,3,0,2,0,0,1
180000.0,424200.0,21880.0,-9840,-1420,2,0,3,3,1,3,2,0,1,0
210300.0,738300.0,39280.0,-23436,-72,2,0,3,0,1,0,2,0,0,1
97100.0,195700.0,8650.0,-8055,-1480,1,0,1,3,0,0,3,0,1,1
137600.0,591000.0,32780.0,-13533,-612,1,0,1,3,3,0,2,0,0,0
82400.0,348200.0,20270.0,-16103,-4200,2,0,3,3,1,2,2,0,0,0
141100.0,418700.0,27740.0,-8587,-2013,2,0,1,0,1,0,2,0,0,1
140400.0,536400.0,29040.0,-18143,-735,4,0,1,3,1,0,2,1,0,0
76400.0,181100.0,8870.0,-22266,-1237,3,0,1,0,1,0,2,0,0,1
180700.0,678000.0,28760.0,-21682,-111,1,0,0,3,1,0,1,0,0,0
181300.0,582600.0,39080.0,-15597,-904,2,0,0,3,1,0,1,0,1,1
252100.0,1006900.0,50040.0,-23673,-1140,2,0,0,3,1,0,2,0,0,1
141800.0,423100.0,25180.0,-15930,-1186,2,0,2,0,1,0,2,0,1,1
282800.0,787300.0,45140.0,-9433,-844,3,0,3,3,3,0,2,0,0,1
135800.0,495300.0,26440.0,-10517,-3942,3,0,3,3,1,3,2,0,0,1
174700.0,320800.0,20650.0,-23591,-1452,2,0,3,3,1,0,2,0,0,0
77300.0,344900.0,19670.0,-11933,-3729,2,1,3,3,4,0,2,0,0,1
113100.0,373300.0,23660.0,-11887,-1897,1,0,3,3,1,0,2,0,1,1
201100.0,744800.0,48320.0,-9252,-36,3,0,3,3,3,0,2,0,1,1
186600.0,548000.0,36240.0,-22285,-1791,2,0,3,3,0,0,2,0,1,0
161800.0,383700.0,20950.0,-9054,-1445,2,0,1,2,4,0,1,0,0,1
111800.0,252000.0,16110.0,-22987,-3463,4,1,3,3,2,0,2,0,0,1
69200.0,247500.0,15290.0,-10197,-670,2,0,3,0,4,3,2,0,1,1
206000.0,579500.0,38930.0,-12658,-511,4,0,3,3,3,1,2,0,0,1
266800.0,546800.0,31410.0,-16047,-216,1,0,1,3,1,0,2,1,0,1
104600.0,415600.0,20440.0,-11068,-379,5,0,0,3,1,0,2,0,0,1
281100.0,760000.0,47440.0,-20108,-3944,2,0,1,0,1,0,2,0,0,0
411800.0,1080900.0,67980.0,-8667,-496,3,0,1,0,1,0,2,0,0,1
208500.0,898800.0,58480.0,-23278,-2349,5,0,1,3,1,0,2,0,0,1
109600.0,341100.0,15420.0,-11065,-751,3,0,1,3,3,0,2,0,0,1
141600.0,318800.0,17380.0,-21234,-2399,2,0,3,3,1,0,3,0,0,1
86200.0,204900.0,9380.0,-9559,-55,3,0,3,0,0,1,2,0,0,0
123600.0,482700.0,30700.0,-10071,-3496,1,1,3,3,3,0,2,0,1,1
160600.0,543900.0,29470.0,-14394,-721,2,0,0,0,1,0,2,0,1,1
312800.0,1001800.0,49340.0,-19616,-7726,2,0,3,3,1,0,2,0,1,1
226400.0,943900.0,47610.0,-17535,-6985,2,0,3,3,1,0,3,0,0,0
256800.0,783400.0,37680.0,-10356,-746,1,0,0,3,1,0,2,1,1,0
149800.0,344800.0,21370.0,-19298,-60,2,0,0,3,1,0,2,1,1,1
263600.0,713700.0,43220.0,-12825,-708,1,0,3,1,0,0,2,0,0,1
115400.0,444500.0,28510.0,-7906,-667,3,0,3,3,1,1,2,1,1,1
126300.0,358400.0,21480.0,-19678,-13104,1,0,0,3,1,0,2,1,0,1
147000.0,341400.0,18680.0,-14712,-2029,2,0,0,3,1,0,2,0,0,0
242200.0,467700.0,25370.0,-18338,-2102,1,0,0,3,1,0,3,0,0,1
200600.0,896700.0,48960.0,-17407,-159,3,0,0,3,0,0,2,0,1,0
287100.0,754100.0,38490.0,-16788,-2380,2,0,3,3,1,0,2,1,1,1
105800.0,234900.0,11230.0,-8789,-2215,2,0,3,3,1,0,2,1,0,1
99500.0,347100.0,16340.0,-15906,-367,2,0,1,3,1,0,2,1,0,1
115400.0,409300.0,20160.0,-21388,-521,1,0,1,3,1,0,2,0,0,1
130400.0,380300.0,16170.0,-20569,-417,2,0,3,3,1,0,1,0,0,1
114600.0,357000.0,17940.0,-8294,-107,4,0,0,3,1,0,2,0,1,1
164300.0,364700.0,18350.0,-13776,-1262,1,0,0,3,4,0,2,0,0,0
134100.0,488800.0,20750.0,-19498,-2506,3,1,3,0,3,0,2,0,1,1
140800.0,503000.0,21340.0,-12929,-155,1,0,1,0,3,0,2,0,0,0
179900.0,431100.0,25050.0,-19636,-265,2,0,3,3,3,0,2,0,1,1
115900.0,263000.0,11210.0,-20798,-680,1,0,3,3,1,0,2,0,0,1
236400.0,535600.0,26990.0,-17115,-998,5,0,0,3,1,0,1,0,1,1
117700.0,523800.0,33510.0,-12751,-42,2,1,3,0,4,0,2,0,1,1
156000.0,371200.0,19130.0,-9300,-1480,3,1,3,0,1,0,2,0,0,0
97300.0,314700.0,19700.0,-12944,-668,2,0,3,0,0,0,2,0,1,1
113300.0,379300.0,22750.0,-10978,-1720,1,1,0,3,1,0,2,0,1,1
123900.0,396800.0,18920.0,-15723,-561,1,0,3,3,1,3,3,0,1,1
136600.0,567200.0,27550.0,-16841,-1059,3,0,3,3,0,0,2,0,0,1
117600.0,513300.0,23100.0,-10618,-2031,2,0,3,3,1,0,2,0,0,0
240100.0,850700.0,56530.0,-11634,-3133,2,0,1,0,4,0,2,0,0,1
168300.0,599000.0,38930.0,-21801,-133,2,0,0,3,3,0,2,0,0,1
148300.0,438500.0,26980.0,-18818,-1006,2,0,1,3,0,0,3,0,0,1
105900.0,392200.0,21430.0,-13401,-1756,3,0,1,0,1,0,2,1,0,1
45000.0,87700.0,4800.0,-17426,-1813,2,0,1,3,1,0,2,1,0,1
154700.0,485500.0,23820.0,-9775,-184,1,0,0,3,1,0,2,1,0,0
45300.0,138900.0,6710.0,-10152,-2126,1,0,3,3,1,0,2,0,1,1
143900.0,404300.0,18540.0,-21690,-204,1,0,3,3,1,0,2,0,0,1
137700.0,476600.0,22340.0,-13224,-971,4,0,1,0,3,2,1,0,0,1
172700.0,389700.0,24050.0,-19327,-249,4,0,3,3,1,0,2,0,0,1
169600.0,385900.0,24470.0,-10290,-841,2,0,0,3,0,0,2,0,1,1
277300.0,888000.0,43980.0,-19556,-3047,1,0,0,3,1,0,3,0,1,1
304900.0,999600.0,63710.0,-22059,-2753,2,0,3,0,1,0,2,0,1,1
89400.0,168100.0,10110.0,-9487,-2199,3,0,0,3,1,0,3,0,1,1
181700.0,544100.0,24480.0,-13227,-500,3,0,1,3,3,0,2,0,0,1
323500.0,697700.0,44810.0,-12128,-5553,2,0,3,3,1,3,2,0,0,0
120700.0,396200.0,25420.0,-23425,-3478,2,0,1,2,1,0,2,0,0,1
237000.0,543900.0,34830.0,-11909,-36,2,0,3,0,2,0,2,0,0,1
258600.0,875700.0,55000.0,-23585,-3071,2,0,1,0,1,0,3,0,0,1
48700.0,196500.0,10500.0,-9654,-461,3,0,3,3,1,0,2,0,0,0
308000.0,598800.0,27770.0,-10940,-1491,2,0,3,3,4,0,2,1,0,1
100200.0,221000.0,11950.0,-18833,-713,1,0,0,0,1,0,2,0,0,1
238100.0,763100.0,41650.0,-12530,-890,2,0,3,0,0,0,3,0,1,1
90800.0,286500.0,17660.0,-21160,-1356,2,0,1,3,1,0,2,0,1,0
109000.0,454800.0,30180.0,-12243,-300,2,0,0,3,4,0,2,0,1,1
113300.0,257900.0,15040.0,-19958,-388,1,0,3,0,0,0,2,1,0,1
211100.0,761000.0,36690.0,-21673,-345,1,0,3,3,2,0,1,1,0,0
115700.0,319900.0,19130.0,-11121,-983,2,0,3,3,1,0,3,0,0,1
259500.0,1056400.0,58240.0,-13725,-4989,2,0,0,3,1,0,2,0,0,0
128000.0,382200.0,22040.0,-21770,-402,2,0,0,3,4,0,1,0,0,1
215100.0,439300.0,20170.0,-8389,-361,4,0,1,0,3,0,3,0,1,1
107400.0,374900.0,22810.0,-13916,-2665,2,0,3,2,1,0,3,0,1,1
168300.0,529700.0,29220.0,-12714,-376,2,0,3,3,3,3,2,0,0,0
101300.0,442300.0,22560.0,-20872,-751,1,0,3,3,3,0,2,0,0,0
82200.0,350700.0,22890.0,-14614,-994,3,0,3,2,1,0,3,0,1,1
136800.0,472600.0,22820.0,-22640,-5132,2,0,3,0,1,0,2,0,1,1
148600.0,449000.0,30000.0,-8675,-2101,2,0,3,0,3,0,2,0,0,1
207800.0,831000.0,46180.0,-13871,-302,3,1,3,0,0,0,1,0,1,1
137600.0,597500.0,32160.0,-23189,-6018,3,0,0,1,1,0,1,0,1,1
162300.0,517800.0,29270.0,-10653,-1946,2,0,3,3,1,1,2,1,0,1
236300.0,471200.0,28100.0,-7872,-839,1,0,0,0,1,0,2,0,1,1
224900.0,714800.0,33340.0,-16715,-1228,3,0,3,0,2,0,2,0,0,1
79100.0,194100.0,10050.0,-16820,-1116,2,1,3,3,0,0,2,0,0,1
158700.0,408300.0,25180.0,-16056,-71,3,1,2,0,1,0,1,0,0,1
214700.0,569800.0,36920.0,-10967,-936,2,0,3,3,1,0,2,1,0,1
102300.0,306700.0,18460.0,-11446,-160,2,0,3,0,1,0,2,0,0,0
184100.0,777100.0,48190.0,-19522,-2294,1,0,3,3,1,0,2,0,0,1
326900.0,1037800.0,68710.0,-7767,-81,2,1,3,3,0,0,1,0,0,1
279800.0,1120200.0,55970.0,-11124,-4549,2,0,3,3,3,0,2,0,1,1
119600.0,324700.0,21960.0,-8025,-336,4,0,3,3,1,0,2,1,1,1
86000.0,209800.0,9120.0,-17155,-1759,2,0,3,3,4,0,3,1,1,1
176400.0,393100.0,25590.0,-8251,-300,2,0,2,3,3,0,2,0,0,1
171300.0,534000.0,34990.0,-22648,-3467,3,0,3,0,1,0,3,0,0,1
192800.0,854400.0,38390.0,-18514,-1549,2,0,0,3,1,0,2,0,1,1
121300.0,409100.0,19650.0,-11847,-3076,1,0,3,3,1,0,2,1,0,1
210900.0,472400.0,26420.0,-22258,-932,4,0,0,2,3,0,2,0,0,1
58400.0,210100.0,11060.0,-14387,-681,2,0,3,3,1,0,3,0,0,0
184500.0,652500.0,35880.0,-13005,-890,2,0,0,3,3,3,2,0,0,1
604500.0,2451500.0,112540.0,-15451,-1553,4,1,3,1,0,0,2,0,1,1
329800.0,761100.0,44620.0,-12463,-1588,2,0,1,3,1,3,2,1,0,1
122200.0,346600.0,23500.0,-16971,-1065,1,0,3,3,1,0,2,0,0,1
133200.0,471700.0,29590.0,-9447,-769,2,0,3,3,1,0,2,0,0,0
122300.0,358000.0,23910.0,-20634,-4307,2,0,2,3,1,0,1,1,1,1
170500.0,431600.0,18290.0,-16001,-345,2,0,3,0,1,0,2,0,1,0
90700.0,196100.0,9120.0,-14394,-3568,3,0,0,3,1,0,2,0,1,0
78100.0,342200.0,21940.0,-12446,-555,4,0,3,3,1,0,3,0,1,1
195300.0,522800.0,34510.0,-23257,-158,1,0,0,3,1,0,1,0,0,1
118300.0,285000.0,19110.0,-21833,-2881,2,0,3,0,3,0,3,1,1,1
180600.0,638700.0,31520.0,-22499,-935,5,0,0,3,1,3,2,0,1,1
186100.0,739500.0,40020.0,-12350,-1035,4,1,2,3,1,0,2,0,0,1
118100.0,519200.0,33580.0,-9008,-562,1,0,1,0,2,0,2,0,0,1
195300.0,830100.0,38860.0,-17782,-355,2,0,0,3,1,0,2,1,1,1
87500.0,392100.0,23160.0,-9023,-1334,2,0,1,0,3,0,2,0,1,1
248700.0,1114700.0,62820.0,-9381,-2807,2,0,3,3,3,0,3,0,0,1
45000.0,184600.0,8070.0,-15974,-969,2,0,3,3,1,1,3,0,0,0
134500.0,585400.0,31620.0,-18039,-1670,1,0,0,3,1,0,2,1,0,1
111000.0,483100.0,28750.0,-16622,-984,2,0,0,0,1,0,2,0,0,1
60800.0,188000.0,11440.0,-21770,-819,3,0,2,3,1,0,3,1,0,1
107600.0,378600.0,23960.0,-20361,-456,2,0,3,3,0,0,2,0,0,1
105800.0,458600.0,21770.0,-22946,-432,4,0,3,0,3,0,2,0,1,1
96000.0,306600.0,14360.0,-12824,-106,2,0,3,3,1,0,3,0,0,1
100300.0,190200.0,9550.0,-11279,-216,3,0,3,3,0,0,2,0,0,0
211500.0,637200.0,31700.0,-22316,-302,3,0,2,0,1,0,3,0,0,1
200200.0,439000.0,25640.0,-12350,-1806,2,0,3,0,1,0,2,0,1,0
45000.0,193700.0,9830.0,-9672,-627,1,0,0,3,1,1,1,0,1,1
86200.0,264800.0,15980.0,-14074,-1813,1,0,2,3,0,0,2,0,1,1
305500.0,725000.0,45590.0,-20609,-1261,1,0,3,3,0,0,1,0,1,0
576200.0,1627800.0,74230.0,-15862,-3831,1,0,0,0,1,0,2,1,0,0
90400.0,323100.0,19800.0,-16992,-689,2,0,0,0,1,0,2,0,0,1
104800.0,338400.0,22410.0,-13644,-3894,1,0,2,3,3,0,2,1,1,1
134600.0,533700.0,31190.0,-21457,-76,1,0,3,3,1,0,2,0,0,0
341300.0,1024700.0,48660.0,-17369,-36,2,0,1,3,0,0,2,0,0,1
256700.0,983000.0,48890.0,-13288,-1419,1,0,3,3,1,0,2,0,1,1
97500.0,402400.0,21350.0,-22745,-351,1,1,3,3,1,0,2,0,0,0
157800.0,597400.0,29250.0,-13298,-2567,4,0,0,3,1,0,2,0,1,1
226600.0,711200.0,32850.0,-12169,-389,4,0,1,3,1,0,2,1,1,1
110300.0,199000.0,11480.0,-22929,-90,2,0,3,3,1,0,3,0,0,0
156400.0,544700.0,22950.0,-19422,-3390,2,0,3,3,1,0,1,1,1,0
172000.0,518500.0,22820.0,-17959,-1374,2,0,3,3,0,0,2,0,0,0
242000.0,1045800.0,46140.0,-11486,-1302,4,1,3,3,1,0,2,1,0,1
185800.0,535700.0,23780.0,-10217,-3643,2,1,1,0,1,3,2,0,1,0
108700.0,329400.0,22300.0,-10705,-616,1,0,3,3,4,0,3,0,1,1
129600.0,316000.0,14100.0,-10337,-478,2,0,3,3,1,3,2,0,0,1
192300.0,387600.0,19170.0,-12361,-1471,1,0,3,3,1,0,2,0,0,0
88400.0,183900.0,9900.0,-18130,-1383,2,0,3,3,0,0,2,0,0,0
154500.0,530100.0,32870.0,-19593,-242,1,0,1,0,1,0,1,0,1,0
179100.0,362500.0,22040.0,-14813,-2202,4,0,3,3,1,0,2,0,1,1
124900.0,270000.0,18140.0,-16965,-971,1,0,3,3,2,0,1,0,0,1
45000.0,180900.0,10840.0,-9553,-1061,2,0,3,3,2,0,1,0,0,1
217900.0,748400.0,38190.0,-16042,-102,3,1,3,3,1,0,2,0,0,0
102600.0,459900.0,29000.0,-10111,-96,2,0,1,3,1,0,2,1,1,1
130800.0,546500.0,23150.0,-8907,-1451,2,0,0,0,0,0,2,0,0,1
260200.0,940300.0,61230.0,-22715,-1613,3,0,1,0,3,0,2,0,0,0
205900.0,754100.0,49860.0,-21806,-802,3,0,2,0,1,0,2,0,0,1
340100.0,749100.0,44610.0,-21609,-872,1,0,0,3,0,0,2,0,0,0
117500.0,267800.0,14520.0,-12540,-1344,2,1,0,3,3,0,3,0,0,1
52400.0,228800.0,12060.0,-20653,-901,3,0,3,2,1,0,3,0,1,1
57700.0,230900.0,13640.0,-17301,-2588,2,1,0,0,1,0,2,0,0,1
424400.0,985300.0,53520.0,-10821,-3216,2,0,3,3,1,0,2,0,0,0
164000.0,380800.0,16160.0,-23208,-670,2,0,3,3,1,0,1,1,0,1
125700.0,333100.0,19950.0,-15799,-410,4,1,3,3,1,0,2,0,0,0
141600.0,342300.0,20240.0,-10447,-2015,2,0,3,3,1,0,2,0,0,1
217100.0,932000.0,56690.0,-18338,-1486,1,1,1,0,0,0,1,0,0,1
155100.0,617700.0,40820.0,-9269,-44,3,0,3,3,1,0,2,0,1,1
79300.0,332100.0,17310.0,-15945,-4525,2,0,1,0,0,0,3,0,0,0
121900.0,249100.0,12080.0,-15056,-2503,2,0,2,0,1,0,2,0,0,0
349600.0,719700.0,35600.0,-16353,-1342,1,0,0,3,1,3,2,0,1,0
424500.0,1503100.0,94480.0,-12706,-1968,1,0,3,0,1,0,2,1,1,0
184000.0,538800.0,24910.0,-11224,-134,2,0,3,3,1,0,2,0,0,1
124000.0,488400.0,25180.0,-19176,-332,5,0,2,0,1,0,2,0,0,0
226800.0,892300.0,49470.0,-13366,-3853,2,0,3,3,1,0,1,0,0,1
280100.0,542200.0,33080.0,-16221,-84,1,0,1,3,1,0,2,0,0,1
107600.0,365900.0,22590.0,-10174,-714,1,0,3,3,1,0,2,1,0,1
204500.0,826500.0,49960.0,-14239,-375,2,0,1,3,1,2,3,0,0,0
242900.0,1072300.0,49350.0,-21445,-1118,2,0,0,3,1,0,3,1,0,1
93500.0,346600.0,22930.0,-12551,-3637,4,0,1,0,2,0,2,0,0,1
318900.0,849100.0,51640.0,-14993,-4596,2,0,3,3,1,0,3,0,1,0
119800.0,416600.0,23920.0,-8640,-2065,4,0,3,3,1,0,2,0,1,1
107600.0,372400.0,16220.0,-20238,-409,2,0,3,3,1,0,2,0,0,1
79800.0,323200.0,15780.0,-22676,-111,3,0,2,3,1,0,3,0,0,0
280900.0,1234900.0,72780.0,-9406,-2547,3,0,3,0,1,0,2,1,0,1
48600.0,167100.0,10590.0,-13780,-55,4,0,0,3,1,0,2,0,1,1
207600.0,890400.0,51810.0,-19633,-496,2,1,3,3,1,0,2,1,1,1
141500.0,276700.0,12250.0,-19183,-12608,2,0,0,0,1,3,2,0,0,1
141300.0,410300.0,21820.0,-20988,-86,1,0,0,3,1,0,3,0,1,1
86200.0,162400.0,8280.0,-12999,-4970,2,0,1,0,1,0,2,0,1,1
236800.0,797100.0,40160.0,-21765,-798,2,1,1,3,1,0,2,0,1,1
91700.0,326900.0,16200.0,-18711,-293,1,1,1,3,1,0,3,0,0,0
72500.0,172100.0,11060.0,-8974,-2399,1,0,0,3,1,0,2,0,0,1
379900.0,710800.0,29920.0,-18863,-1212,5,0,3,0,2,0,2,0,0,1
123700.0,289200.0,12760.0,-16507,-36,2,0,1,3,3,0,2,0,0,0
108500.0,431500.0,19570.0,-13580,-1656,1,0,1,0,1,0,2,0,0,1
281200.0,1107000.0,69940.0,-17200,-1548,4,0,3,3,1,0,3,1,0,0
121800.0,504800.0,22050.0,-12898,-4581,1,0,1,3,1,0,3,0,0,0
202500.0,769900.0,33600.0,-14794,-856,1,0,1,3,4,0,2,0,0,1
215800.0,582500.0,37210.0,-23104,-2994,2,0,1,0,3,0,3,0,1,1
91700.0,263300.0,15530.0,-10841,-3227,2,0,3,3,1,0,2,0,0,1
162200.0,302500.0,13430.0,-7865,-1290,1,0,3,3,1,0,2,1,0,1
109100.0,390500.0,25410.0,-18305,-822,2,1,1,3,1,0,2,0,1,0
228300.0,930600.0,44750.0,-10480,-1676,2,0,0,3,1,2,2,0,1,1
75800.0,185500.0,11960.0,-18797,-12222,2,0,1,0,1,0,2,0,0,0
127500.0,294400.0,19840.0,-22092,-249,2,0,1,0,1,0,2,0,0,1
67700.0,200000.0,10310.0,-16007,-689,1,1,3,3,1,0,2,1,0,1
113900.0,322600.0,18920.0,-21107,-1200,1,0,1,3,1,0,2,0,0,0
156400.0,373800.0,21520.0,-14776,-1966,3,0,3,1,1,0,1,0,1,1
187500.0,715800.0,33310.0,-7788,-544,3,0,3,3,1,0,3,0,0,1
411300.0,1403100.0,60750.0,-11818,-1236,1,0,0,3,1,0,2,0,1,1
338200.0,934700.0,48210.0,-16995,-146,3,0,0,0,1,0,2,0,0,1
241600.0,483400.0,21990.0,-16032,-240,1,0,3,3,1,0,2,0,0,1
213100.0,452600.0,26150.0,-9942,-1383,2,0,1,3,2,0,2,0,1,1
98500.0,279200.0,14950.0,-18399,-492,2,0,0,0,1,0,2,0,1,0
167700.0,407600.0,21950.0,-16948,-1052,4,0,3,3,1,0,2,0,0,1
239200.0,718700.0,32420.0,-12040,-1685,3,0,0,3,1,0,2,0,0,1
372100.0,886100.0,59980.0,-21298,-2898,2,0,3,0,1,0,1,1,0,1
231300.0,904700.0,52000.0,-14387,-835,2,0,3,3,1,0,1,1,1,0
108800.0,320000.0,17290.0,-15140,-2234,3,0,3,3,1,0,2,0,1,1
98200.0,212900.0,13900.0,-15469,-1750,2,0,1,0,1,0,2,0,1,0
150900.0,460900.0,30900.0,-19305,-1197,1,0,3,3,2,0,2,1,1,0
286900.0,851500.0,51070.0,-11981,-634,2,0,3,0,1,0,3,0,1,1
174400.0,775000.0,46760.0,-21658,-2183,4,0,1,3,1,0,2,0,0,1
99000.0,407200.0,22350.0,-7991,-769,1,0,3,3,1,0,2,0,0,0
301900.0,673700.0,42420.0,-17162,-935,2,0,2,0,1,0,2,0,0,0
167800.0,522100.0,28210.0,-21588,-1495,2,0,0,3,0,0,2,0,0,1
142200.0,575800.0,27030.0,-9371,-463,2,0,0,3,4,0,1,0,0,1
127700.0,401400.0,18330.0,-20266,-198,2,0,3,3,4,0,3,1,1,1
89800.0,307100.0,13590.0,-8569,-776,3,0,1,3,3,0,2,0,0,0
228000.0,462400.0,29580.0,-13033,-844,1,1,3,3,1,0,2,0,0,1
181800.0,589000.0,33280.0,-11216,-4641,2,0,1,3,3,0,2,0,1,0
172400.0,375900.0,23990.0,-20771,-1443,2,0,0,3,1,0,2,1,1,1
71900.0,197900.0,12500.0,-10367,-3792,3,0,1,3,1,0,1,0,0,1
109800.0,261500.0,15060.0,-16404,-4405,4,0,3,3,1,0,1,0,1,0
67500.0,192900.0,12410.0,-12506,-238,2,0,3,0,1,0,2,0,0,1
509100.0,2169800.0,147390.0,-9705,-775,1,0,1,3,1,0,1,0,0,1
62800.0,240400.0,12160.0,-21667,-7839,2,0,3,0,1,0,2,0,1,0
195500.0,840800.0,46370.0,-15980,-36,2,0,2,3,1,0,2,0,1,0
205900.0,424800.0,20980.0,-14217,-702,2,0,3,0,3,0,2,0,1,1
174000.0,457900.0,27980.0,-8348,-1602,1,0,1,3,1,0,2,0,0,1
132300.0,573400.0,30840.0,-11125,-928,1,0,3,1,1,0,3,0,0,1
123500.0,436400.0,28650.0,-18395,-1003,5,1,1,0,1,0,2,0,1,1
233000.0,839300.0,37800.0,-11321,-683,4,0,0,3,1,0,2,0,0,0
414600.0,1383600.0,72440.0,-23157,-2182,2,0,3,3,1,0,2,0,0,1
106200.0,207600.0,9440.0,-10549,-1357,2,0,0,0,2,0,1,0,1,1
149900.0,672500.0,30100.0,-8579,-2005,3,0,3,3,1,0,2,0,0,1
213000.0,712800.0,31340.0,-13445,-2254,2,0,3,3,3,0,2,0,0,1
328100.0,1410700.0,88850.0,-13561,-1864,2,1,3,0,1,0,1,0,0,1
115800.0,309000.0,18970.0,-11555,-2247,1,0,3,0,1,0,3,0,0,1
108500.0,365600.0,21890.0,-19529,-2079,2,0,2,3,2,0,1,0,0,1
160000.0,340100.0,19400.0,-15840,-1327,3,0,0,0,1,0,2,0,0,0
329800.0,1151300.0,64800.0,-8535,-1245,2,1,3,0,2,0,3,1,0,1
191400.0,709200.0,45730.0,-17579,-1674,4,0,3,3,1,0,1,0,1,0
67900.0,135700.0,6600.0,-23028,-825,3,0,2,3,1,0,2,0,0,1
192400.0,358200.0,19990.0,-15236,-868,2,1,2,0,2,0,2,0,1,1
121000.0,269700.0,16310.0,-11146,-3155,3,1,3,3,1,0,1,1,1,0
189800.0,750100.0,39030.0,-19831,-372,2,0,0,3,1,2,2,0,0,0
212000.0,790300.0,53650.0,-15218,-1580,3,0,0,0,0,0,2,0,0,0
105200.0,225900.0,13620.0,-12384,-561,4,0,3,0,3,0,2,1,1,0
199800.0,647800.0,40400.0,-23183,-2693,2,0,1,0,1,0,1,0,1,0
423400.0,1118900.0,65420.0,-14895,-4109,3,0,3,3,4,0,2,0,0,0
500300.0,1664200.0,83530.0,-20662,-2225,2,0,1,0,1,0,2,0,0,1
183000.0,804200.0,52260.0,-12745,-2592,3,0,3,3,2,0,2,0,0,0
127500.0,370000.0,20360.0,-19910,-799,5,0,2,3,1,0,2,0,0,1
173300.0,519700.0,29930.0,-18222,-2234,1,0,1,3,1,0,2,0,1,1
145700.0,590700.0,38620.0,-22183,-701,3,0,3,3,1,0,3,0,0,1
196000.0,863800.0,48320.0,-20244,-1380,1,0,3,1,1,0,3,0,0,1
202000.0,572900.0,27890.0,-9042,-1443,3,0,3,3,0,0,2,0,0,1
245400.0,547700.0,26710.0,-20469,-3026,1,0,1,0,0,0,3,0,1,1
187900.0,793000.0,38050.0,-17252,-540,4,0,3,0,3,0,2,1,0,1
83600.0,216900.0,9660.0,-12277,-2119,3,1,3,3,0,3,2,0,0,1
289500.0,554600.0,28320.0,-17279,-1319,5,0,1,3,3,0,2,0,0,1
289600.0,762900.0,45920.0,-15030,-306,2,0,3,3,1,0,3,0,0,1
226200.0,656500.0,32120.0,-10100,-546,3,0,3,3,1,0,2,0,0,1
146100.0,360700.0,24330.0,-16470,-2329,1,0,0,0,3,1,2,1,1,1
96100.0,373800.0,21280.0,-17971,-4060,1,0,3,3,0,0,3,0,0,1
146400.0,545900.0,36160.0,-13276,-36,2,0,1,3,0,0,2,1,0,1
150300.0,404300.0,22890.0,-20063,-1439,2,0,0,3,1,0,3,0,0,1
104200.0,274200.0,12880.0,-14310,-6014,3,0,2,3,2,0,2,0,0,1
172000.0,351300.0,23790.0,-22660,-1691,2,0,0,0,1,0,2,0,1,1
112400.0,439900.0,25000.0,-8083,-379,1,0,3,2,3,0,2,0,0,1
160100.0,551300.0,30560.0,-14869,-1815,1,0,0,3,1,0,1,1,1,1
176900.0,601600.0,28940.0,-13559,-1465,2,0,3,3,1,0,3,0,0,0
93400.0,363400.0,21480.0,-17192,-586,1,0,0,3,1,3,2,0,0,1
261400.0,880000.0,37920.0,-9744,-1415,1,0,3,3,3,0,1,1,0,1
144700.0,362300.0,17130.0,-8480,-1905,4,0,3,3,1,0,1,0,0,0
234000.0,947900.0,55380.0,-20276,-3423,2,0,3,3,1,0,3,0,0,1
143200.0,600900.0,37290.0,-8575,-1257,1,1,1,0,1,0,2,0,0,0
261600.0,883100.0,52920.0,-9800,-3225,2,0,1,3,1,0,2,0,1,0
165300.0,327900.0,20780.0,-8835,-1570,2,0,3,3,4,0,2,0,0,1
188200.0,482400.0,24860.0,-12616,-86,2,1,3,3,1,0,2,0,0,1
137600.0,311000.0,19170.0,-23435,-4185,2,1,0,3,0,0,2,0,0,1
193200.0,774700.0,44510.0,-8578,-444,1,0,3,3,1,0,1,0,0,1
111300.0,391400.0,17250.0,-7889,-1314,2,0,0,3,1,0,3,0,0,1
116100.0,515900.0,24000.0,-11363,-4789,1,0,3,0,0,0,1,1,1,1
127700.0,513100.0,28910.0,-10549,-1180,2,0,1,3,1,0,3,1,1,1
152900.0,318000.0,16110.0,-10661,-3208,2,0,3,3,1,3,2,1,0,1
166200.0,478200.0,24710.0,-22947,-2115,2,0,0,0,1,0,3,0,1,1
204400.0,817000.0,34690.0,-16892,-275,2,0,3,3,1,0,3,0,0,1
189700.0,476500.0,31590.0,-15151,-212,2,0,3,3,1,0,2,1,1,1
146800.0,587400.0,27220.0,-8290,-1715,2,0,0,2,3,0,2,0,0,1
136700.0,275400.0,18280.0,-10807,-2710,3,1,3,3,3,0,2,0,0,1
192400.0,542600.0,29680.0,-8259,-56,2,0,1,3,0,0,1,0,1,1
208800.0,611100.0,39730.0,-21918,-6292,3,0,2,3,2,0,2,0,0,0
156900.0,398900.0,16930.0,-15967,-203,2,0,3,0,1,3,2,0,1,0
105500.0,307900.0,18770.0,-19810,-1705,1,0,1,3,1,0,3,1,0,1
288200.0,737500.0,47490.0,-15503,-2473,4,0,3,0,1,2,3,0,1,0
99300.0,237300.0,14600.0,-17673,-36,2,0,0,3,1,0,2,0,0,1
100700.0,284800.0,16720.0,-21056,-2182,3,0,0,3,1,0,2,0,0,1
231800.0,433900.0,20980.0,-23622,-587,3,0,3,3,1,0,2,0,0,1
266900.0,493100.0,23970.0,-17860,-2416,1,0,3,2,4,0,1,0,0,1
200600.0,702400.0,46230.0,-16791,-3378,1,0,1,3,4,0,2,1,1,1
232300.0,873500.0,50100.0,-15394,-2447,2,0,3,3,1,3,2,0,0,0
306100.0,1176600.0,66180.0,-7784,-1209,3,1,3,3,3,0,3,0,0,1
129800.0,536600.0,25020.0,-12335,-2405,2,1,3,3,1,3,2,1,0,0
203500.0,859400.0,57630.0,-21533,-1666,1,0,1,3,1,0,2,0,1,0
66100.0,209800.0,9370.0,-10342,-723,4,0,3,3,3,0,2,0,1,1
253900.0,768900.0,35660.0,-10158,-1270,2,0,1,0,3,0,2,0,0,0
141900.0,395700.0,19870.0,-16490,-1019,1,0,2,3,3,0,3,0,1,1
365100.0,1322500.0,71400.0,-10692,-4118,2,1,1,3,3,2,2,1,0,1
288200.0,567700.0,30290.0,-13021,-4971,5,0,3,3,1,1,2,0,0,1
269500.0,882900.0,42600.0,-14304,-120,1,0,3,3,1,0,2,1,1,0
96800.0,236500.0,13890.0,-13524,-1018,3,0,1,3,1,1,2,0,0,0
143000.0,601200.0,34600.0,-19377,-717,5,0,3,3,1,0,2,0,0,0
62200.0,240900.0,11090.0,-9594,-314,2,0,3,3,1,0,1,1,0,1
62500.0,148000.0,7780.0,-14864,-113,2,0,3,3,0,0,2,0,0,0
66900.0,167200.0,10460.0,-12352,-4168,2,0,3,0,4,0,3,0,1,1
79800.0,156600.0,9950.0,-8496,-1922,2,0,3,3,1,0,3,0,0,1
113600.0,330000.0,18830.0,-18414,-565,1,0,0,3,1,0,2,0,1,1
140800.0,621200.0,41380.0,-8203,-1629,3,0,3,3,1,0,2,0,0,0
196900.0,413200.0,19450.0,-11802,-983,2,0,0,2,0,0,2,0,0,1
111500.0,292100.0,14070.0,-8742,-780,5,0,0,3,1,0,2,0,0,1
167000.0,382700.0,20990.0,-18112,-3444,1,0,1,3,3,3,3,0,1,1
100900.0,310000.0,18600.0,-14060,-798,2,0,3,3,1,0,2,0,1,1
190600.0,545100.0,35450.0,-22602,-685,1,0,3,3,0,0,3,0,0,1
142300.0,442000.0,25110.0,-9770,-150,4,0,3,3,1,0,3,1,0,1
194800.0,447200.0,23690.0,-19245,-2864,1,0,3,3,1,0,3,0,1,1
112500.0,242400.0,13420.0,-23510,-55,1,0,1,3,1,0,3,0,0,0
80900.0,147200.0,9880.0,-16219,-2231,3,0,3,3,3,0,3,1,0,1
136500.0,335600.0,22360.0,-22452,-1727,1,0,2,1,2,0,3,0,0,1
154600.0,475400.0,31270.0,-8338,-915,3,0,2,0,4,0,2,0,0,0
191500.0,544900.0,30770.0,-19554,-1224,2,0,0,3,1,0,2,0,0,1
117300.0,480300.0,25940.0,-13128,-133,1,0,1,0,1,0,2,0,0,1
178500.0,651000.0,41610.0,-23682,-3420,2,0,0,3,1,0,2,1,0,1
205800.0,550700.0,24230.0,-17271,-2946,3,1,3,3,1,0,2,0,0,1
84200.0,310000.0,15120.0,-10552,-501,2,0,0,3,1,0,3,0,0,1
92500.0,167400.0,11140.0,-15615,-3172,4,1,1,0,1,0,2,0,1,0
220700.0,718000.0,35130.0,-12001,-183,2,0,0,1,1,0,2,0,0,1
238100.0,460300.0,21120.0,-9769,-36,5,0,0,3,1,0,2,1,0,1
212900.0,770000.0,38250.0,-8559,-1910,2,0,3,0,4,0,3,1,0,1
150600.0,612800.0,38820.0,-16772,-3942,1,0,3,3,1,0,2,0,1,1
168500.0,412600.0,21510.0,-19427,-5886,3,0,3,3,1,1,2,0,1,0
131400.0,418700.0,26040.0,-13034,-630,4,0,3,3,1,0,2,0,0,1
84000.0,294400.0,17900.0,-19083,-4790,2,1,0,3,1,0,2,0,0,1
57800.0,155400.0,8880.0,-14220,-1354,2,0,1,3,1,0,1,1,0,1
67000.0,191500.0,8220.0,-20796,-1767,1,0,0,3,1,0,2,0,0,0
295800.0,1166200.0,76670.0,-15482,-1186,1,0,3,3,2,0,2,1,0,0
204400.0,646100.0,32020.0,-9559,-2984,4,0,1,3,1,0,2,1,0,0
89500.0,329000.0,21420.0,-17939,-366,1,0,1,1,1,0,2,1,0,0
114900.0,477500.0,28830.0,-15071,-6247,2,0,0,3,4,0,2,0,0,1
197400.0,731900.0,49320.0,-22381,-1125,1,0,0,3,1,0,2,0,1,0
151400.0,637800.0,34800.0,-12890,-751,1,1,2,0,3,0,2,0,0,1
105000.0,354300.0,17060.0,-20594,-1055,2,0,0,0,1,0,1,0,0,0
380200.0,1082000.0,50240.0,-16585,-1366,1,0,3,0,1,0,2,0,0,0
145000.0,404500.0,17140.0,-19231,-36,3,0,1,0,1,0,3,0,0,1
86300.0,162500.0,9610.0,-10151,-1454,2,0,3,3,1,0,1,0,0,0
73500.0,210300.0,9180.0,-23522,-624,5,0,1,3,4,0,2,0,1,0
87100.0,321200.0,15320.0,-15292,-1747,2,0,0,3,3,0,2,0,0,1
114600.0,341600.0,18350.0,-19784,-2149,3,0,0,3,1,0,2,0,0,0
104600.0,362800.0,20770.0,-20198,-311,1,0,1,1,1,0,2,0,1,0
72100.0,231100.0,12640.0,-15254,-371,2,0,3,3,0,1,3,0,1,1
249600.0,669000.0,33770.0,-15765,-377,3,0,3,3,0,0,2,0,1,1
84400.0,285400.0,18610.0,-13437,-3758,1,0,3,3,1,0,3,1,0,0
255800.0,735800.0,38450.0,-15448,-2348,1,0,3,3,1,0,2,0,0,1
381100.0,878500.0,57970.0,-17394,-1128,3,0,0,0,4,0,3,0,0,1
107200.0,354700.0,17470.0,-23614,-7732,1,1,0,3,4,0,1,0,0,1
179400.0,337700.0,20620.0,-19661,-1205,1,0,3,3,1,0,3,0,0,0
103100.0,436300.0,28550.0,-8160,-845,2,0,0,1,1,0,2,0,1,1
352500.0,1015800.0,62360.0,-18871,-929,3,0,3,1,3,0,1,0,1,1
182500.0,672300.0,35190.0,-18868,-1788,3,0,0,0,1,0,2,0,0,0
215200.0,918300.0,46130.0,-16779,-3034,3,0,2,0,1,0,2,1,0,1
135300.0,385600.0,25510.0,-10984,-298,2,0,1,3,3,0,2,0,0,1
146100.0,349900.0,14790.0,-23526,-753,2,0,0,3,3,0,2,0,1,1
95600.0,186300.0,8930.0,-19806,-283,1,0,0,3,1,0,2,1,0,0
105600.0,387600.0,23870.0,-23355,-2843,2,0,2,3,1,0,2,0,0,1
107600.0,329500.0,19710.0,-12297,-3031,1,0,3,0,4,0,3,0,0,1
78800.0,194400.0,9170.0,-12410,-3255,4,0,3,3,0,0,2,0,0,1
161700.0,416000.0,20060.0,-10594,-1135,2,0,0,3,0,2,1,0,0,1
245200.0,860400.0,50190.0,-16322,-1338,3,0,0,0,1,0,2,0,0,1
151500.0,627500.0,37690.0,-14128,-732,2,0,3,3,1,0,2,0,0,0
147500.0,491000.0,23350.0,-21446,-3100,2,0,1,3,1,0,2,1,0,1
222200.0,902100.0,39280.0,-17239,-2614,1,0,0,3,3,0,2,0,0,1
87500.0,212000.0,10530.0,-8886,-685,3,0,3,3,1,0,2,0,0,0
163100.0,600700.0,36610.0,-15087,-325,2,0,0,3,3,0,2,0,1,1
258100.0,763100.0,41650.0,-15994,-5922,2,0,0,0,0,0,2,0,0,0
208300.0,815800.0,50610.0,-9667,-2636,1,0,0,3,1,0,2,1,0,0
232000.0,531300.0,26570.0,-22379,-897,2,0,0,3,1,0,2,0,0,0
136400.0,365600.0,19990.0,-19009,-288,2,1,0,0,3,0,2,1,0,1
45000.0,133800.0,6760.0,-11213,-1134,3,1,3,0,0,0,1,0,1,0
135900.0,389800.0,20440.0,-8492,-1917,2,0,3,3,3,0,2,1,0,0
143900.0,571700.0,24200.0,-13303,-3421,2,0,3,3,3,0,2,0,0,0
427700.0,1384900.0,72820.0,-11693,-1884,1,0,3,0,3,0,1,0,0,1
285400.0,564400.0,36210.0,-15946,-1934,3,0,3,3,1,0,2,0,1,0
195500.0,461600.0,28650.0,-22897,-2182,2,0,3,0,1,2,1,0,1,1
111500.0,283200.0,15970.0,-15849,-2946,2,0,3,3,1,0,2,0,0,0
162500.0,636300.0,42480.0,-10282,-2181,2,0,3,3,3,2,2,0,0,1
145900.0,396900.0,25840.0,-11377,-75,2,0,0,0,4,1,1,0,1,1
140600.0,454700.0,27810.0,-17382,-439,3,0,0,3,3,0,2,0,1,1
578400.0,2237900.0,113530.0,-20762,-1391,2,0,1,3,1,0,2,0,1,1
136800.0,271800.0,13670.0,-12741,-36,2,0,2,3,1,0,2,0,0,1
78200.0,221000.0,9440.0,-20438,-1624,3,0,3,3,0,0,3,0,1,1
64200.0,265500.0,17110.0,-20828,-899,1,1,3,0,2,0,2,0,0,1
186900.0,773400.0,39770.0,-9739,-777,2,0,3,3,1,0,3,0,0,0
152200.0,368900.0,21910.0,-9046,-1820,3,0,1,3,1,0,2,0,0,1
330700.0,1442900.0,77920.0,-18076,-651,2,0,1,3,0,0,1,0,0,0
314000.0,574300.0,31280.0,-16935,-1142,4,0,0,3,1,0,2,0,0,1
200200.0,810100.0,51240.0,-7762,-831,2,1,3,3,1,0,2,0,0,0
111000.0,490300.0,23310.0,-22071,-1710,2,1,0,0,1,0,1,0,0,1
110300.0,357500.0,16260.0,-19051,-1093,4,0,3,3,1,0,1,0,0,1
77800.0,212800.0,13960.0,-10090,-1935,2,1,1,3,3,0,2,0,0,0
126300.0,447000.0,22250.0,-20307,-1142,4,1,3,3,1,0,1,0,1,0
62700.0,272500.0,11650.0,-9082,-2507,2,0,3,3,3,0,1,0,0,1
239800.0,966300.0,43320.0,-18759,-92,3,0,3,0,1,0,2,0,0,0
368200.0,913300.0,48220.0,-15585,-5759,1,0,3,0,3,0,2,0,0,0
132200.0,436900.0,29560.0,-21959,-4706,2,0,0,3,3,0,2,0,0,1
150500.0,319400.0,14030.0,-14540,-4082,3,0,3,0,4,0,2,0,0,1
363600.0,1367400.0,57660.0,-9136,-286,2,0,2,3,2,0,2,0,1,0
129900.0,378000.0,22880.0,-9387,-89,2,0,0,0,0,0,2,1,1,1
171600.0,323800.0,16760.0,-15845,-1947,2,0,3,3,1,0,2,0,0,0
160200.0,704400.0,33970.0,-16840,-1582,3,0,1,0,1,0,1,1,0,1
310200.0,978900.0,52890.0,-11845,-4367,2,1,3,3,1,2,2,1,0,1
123300.0,294600.0,17320.0,-17750,-4374,1,0,0,3,4,1,1,1,0,1
156700.0,643300.0,36940.0,-10671,-3321,4,1,0,3,1,1,1,0,0,1
72200.0,239800.0,13530.0,-15799,-64,1,0,3,2,1,0,3,0,1,1
107200.0,223600.0,9920.0,-9427,-1201,2,0,3,3,1,0,2,0,0,0
159100.0,467200.0,28010.0,-12201,-845,1,0,1,0,1,0,2,0,0,0
166200.0,569900.0,38600.0,-21067,-555,3,0,3,3,1,0,1,0,0,1
116600.0,387400.0,19520.0,-11441,-1715,1,1,3,2,4,0,2,0,1,1
162200.0,598800.0,27880.0,-18843,-1805,3,0,3,0,1,0,2,0,0,0
105500.0,296500.0,13710.0,-8410,-201,2,0,1,0,1,0,2,1,0,0
219700.0,624400.0,35240.0,-22263,-4176,2,0,0,1,1,0,1,0,0,1
45000.0,124700.0,5970.0,-12263,-3025,1,0,3,0,0,0,2,0,0,1
169200.0,580800.0,36270.0,-7760,-1186,2,0,3,0,1,0,2,0,0,1
79800.0,355600.0,17000.0,-10141,-198,4,0,3,0,1,0,2,0,0,1
90300.0,292700.0,13060.0,-22608,-1097,2,0,3,3,1,0,3,0,0,1
271500.0,698000.0,35640.0,-20822,-936,2,0,2,3,1,0,1,1,0,0
305700.0,1089400.0,63660.0,-7839,-1264,1,0,3,3,1,2,2,1,1,1
287500.0,836600.0,39260.0,-18298,-2599,1,0,0,0,1,0,2,0,1,1
199500.0,451500.0,22950.0,-23091,-537,1,0,3,3,2,0,2,1,1,0
73600.0,191900.0,11150.0,-20568,-569,3,0,1,3,1,1,3,0,0,1
708000.0,2992200.0,157240.0,-12164,-1414,3,0,3,3,1,0,2,0,0,1
96500.0,417800.0,28190.0,-20859,-3768,2,0,3,0,1,0,2,0,1,0
100300.0,191100.0,11650.0,-20911,-1408,2,0,3,3,3,0,2,0,1,1
114400.0,300300.0,19420.0,-16139,-577,1,0,0,3,1,0,2,0,1,1
276400.0,706800.0,33810.0,-12148,-1389,2,0,0,3,1,0,3,0,1,1
134500.0,520400.0,35040.0,-17473,-1825,2,0,0,1,1,0,2,0,1,0
207100.0,921000.0,46760.0,-14618,-111,2,0,2,3,1,0,3,0,1,1
123500.0,243800.0,14550.0,-12230,-914,2,0,3,0,1,0,3,0,0,1
84900.0,342000.0,15950.0,-19923,-1275,3,0,0,3,0,0,3,0,0,0
117800.0,414600.0,20270.0,-19363,-74,2,0,0,3,1,0,2,0,1,0
229600.0,889500.0,51730.0,-11838,-2463,2,0,1,3,1,0,3,0,0,1
149400.0,667500.0,32920.0,-9253,-2678,2,0,3,3,2,0,1,0,0,1
84100.0,187700.0,10070.0,-19752,-916,2,0,0,3,4,0,2,0,0,1
253600.0,880500.0,50590.0,-9209,-887,2,0,3,3,1,0,2,0,1,0
104500.0,455900.0,28170.0,-16885,-1949,2,1,3,3,3,0,1,0,0,0
227500.0,432400.0,21970.0,-12896,-4885,2,0,1,3,1,0,2,1,0,1
267500.0,955900.0,48280.0,-14055,-3323,2,1,3,3,0,0,3,0,1,0
89500.0,347100.0,22790.0,-15487,-2336,2,0,0,3,1,0,2,1,0,1
109600.0,484600.0,32080.0,-22667,-1067,4,0,3,0,3,0,2,0,1,1
225100.0,641900.0,29580.0,-12864,-1640,2,1,1,3,1,0,2,0,0,1
138200.0,267100.0,17950.0,-21202,-1162,3,0,3,3,1,0,1,0,1,1
114400.0,297200.0,19810.0,-17283,-2220,1,0,1,0,1,0,1,1,1,1
162800.0,513900.0,23980.0,-9449,-2058,1,0,1,0,1,0,2,0,0,0
150200.0,604900.0,38150.0,-18337,-4169,2,0,3,3,0,0,2,0,0,1
85500.0,298900.0,13650.0,-9724,-3150,3,0,0,3,3,0,2,0,0,1
117500.0,469800.0,20250.0,-8765,-756,2,0,3,0,1,0,2,0,0,0
132600.0,471000.0,27760.0,-16861,-1853,4,0,3,3,1,0,2,0,0,1
187400.0,793300.0,40590.0,-16764,-2662,1,0,3,3,3,0,2,0,1,1
162300.0,299800.0,14090.0,-20405,-976,2,0,3,3,1,0,2,0,0,1
145500.0,535900.0,31040.0,-18353,-1131,2,0,0,0,1,0,2,0,1,0
105000.0,271600.0,17250.0,-17574,-3658,2,0,0,3,1,0,3,0,0,1
208600.0,846000.0,49170.0,-7942,-1367,2,0,1,3,1,0,1,0,0,1
202600.0,412600.0,23950.0,-17420,-846,2,1,3,0,0,0,2,0,0,1
412700.0,1392500.0,60200.0,-14987,-1456,2,0,3,3,3,0,2,0,0,1
45000.0,122300.0,8090.0,-20502,-826,2,0,3,3,1,0,3,0,0,0
233800.0,450100.0,19460.0,-11784,-4780,1,0,1,3,0,0,2,0,0,1
93800.0,176400.0,7520.0,-19796,-441,2,0,1,3,1,0,1,0,0,1
220800.0,477300.0,25310.0,-21033,-848,1,0,3,2,1,0,3,0,0,1
212400.0,758300.0,34870.0,-11396,-1047,3,0,0,3,1,0,1,0,1,1
109700.0,293200.0,15730.0,-22775,-4020,1,0,1,3,1,0,3,0,0,1
197300.0,801200.0,37180.0,-20517,-510,2,0,3,3,1,0,2,0,1,1
105700.0,211400.0,12470.0,-16552,-679,4,0,1,3,1,0,1,0,0,1
207300.0,902700.0,60620.0,-7774,-1160,1,0,3,3,1,0,2,0,0,1
119800.0,334800.0,19120.0,-14067,-681,2,0,3,3,1,0,2,0,1,1
61700.0,121000.0,7550.0,-15441,-628,2,1,1,0,3,0,2,0,1,1
125500.0,361300.0,19940.0,-16322,-1132,2,0,3,1,0,0,2,0,1,1
181700.0,487800.0,22130.0,-16844,-3650,1,0,3,3,0,1,2,1,0,1
302300.0,1007300.0,56400.0,-13391,-2987,1,0,3,3,3,3,3,1,0,1
85400.0,207200.0,12960.0,-9548,-479,1,0,3,3,3,0,2,1,0,1
246800.0,915700.0,59230.0,-21624,-721,1,0,3,0,2,0,2,0,0,0
54700.0,201200.0,13470.0,-11474,-4900,1,0,0,3,1,0,1,1,0,1
312100.0,907500.0,40860.0,-11239,-1391,3,0,2,3,1,0,1,0,0,0
121700.0,295700.0,17670.0,-17150,-98,4,0,0,3,0,3,3,0,0,1
238900.0,1072500.0,66760.0,-16599,-2725,2,0,3,1,3,0,2,0,1,1
123200.0,419300.0,20140.0,-8587,-40,4,0,3,0,1,0,2,1,1,1
242400.0,886200.0,48330.0,-16294,-1426,1,0,3,0,4,0,2,0,0,1
206600.0,575500.0,31710.0,-21676,-1471,1,0,0,0,0,0,3,0,1,1
146200.0,325900.0,20980.0,-13260,-615,1,0,3,2,1,0,3,1,1,1
264000.0,843800.0,47120.0,-9346,-1240,2,0,2,0,1,3,2,0,0,1
117600.0,457200.0,20140.0,-19465,-1138,3,0,1,3,1,0,2,0,0,1
193100.0,505200.0,26030.0,-13290,-3793,2,0,3,3,1,0,1,0,1,1
113000.0,295100.0,13980.0,-22857,-365,3,0,3,3,1,0,1,0,0,1
60300.0,213300.0,12360.0,-18709,-349,2,0,2,0,1,0,1,0,1,1
106500.0,448400.0,22490.0,-11514,-779,4,0,2,0,0,2,2,0,0,0
193300.0,443200.0,18970.0,-9815,-241,1,0,3,3,3,0,2,0,1,1
252500.0,495100.0,33010.0,-23260,-2911,2,0,3,3,1,0,2,0,0,1
121100.0,485300.0,30610.0,-9928,-3353,3,0,3,3,0,0,2,0,0,1
69000.0,237400.0,14770.0,-9479,-1067,2,0,3,3,1,0,2,0,0,0
96000.0,186800.0,8660.0,-22180,-774,2,0,3,3,1,0,2,0,0,1
66600.0,221600.0,14410.0,-17166,-2202,2,0,3,3,1,0,3,0,1,1
102100.0,404900.0,17330.0,-9173,-1137,1,0,3,3,1,0,2,0,0,1
98100.0,409800.0,26780.0,-9850,-3275,2,0,3,3,1,0,2,1,1,1
105800.0,450200.0,19070.0,-8511,-520,2,0,3,2,1,0,3,0,0,1
97100.0,258300.0,16270.0,-8473,-1327,2,0,3,0,1,0,3,0,0,1
53100.0,116400.0,7490.0,-20654,-705,2,0,3,3,0,0,2,0,0,0
244000.0,582500.0,25850.0,-20005,-264,2,1,3,3,2,0,2,0,0,1
100500.0,185900.0,8450.0,-14508,-3301,4,0,0,3,1,0,2,0,0,1
372800.0,1069400.0,51750.0,-10743,-3696,3,1,3,3,1,3,2,0,0,1
159000.0,681900.0,42530.0,-18932,-2196,1,0,1,3,3,0,2,0,0,1
230600.0,597100.0,29170.0,-21608,-1837,3,0,1,0,1,0,1,1,0,1
231400.0,804400.0,37240.0,-15712,-528,1,0,3,0,1,0,1,0,1,1
148400.0,396800.0,23060.0,-9699,-251,2,0,3,3,1,0,2,0,0,1
107700.0,318700.0,14190.0,-19156,-412,4,0,3,0,0,0,2,0,1,1
194000.0,444000.0,21090.0,-22859,-740,2,1,3,1,1,0,2,1,0,1
309500.0,584300.0,31000.0,-12245,-149,2,0,3,3,1,0,3,0,1,1
143400.0,414000.0,18230.0,-22478,-4982,3,0,2,3,3,0,2,1,1,1
313500.0,764300.0,50310.0,-20785,-2912,2,0,3,3,1,0,3,0,0,1
125000.0,413800.0,26750.0,-23396,-1223,2,0,3,3,3,0,2,0,0,0
81600.0,365800.0,20690.0,-22495,-524,2,0,3,3,3,0,2,0,1,0
76300.0,256300.0,12860.0,-13968,-2036,2,0,1,0,0,0,1,0,0,1
94900.0,392200.0,17580.0,-18574,-132,1,0,3,3,0,0,3,0,0,1
98800.0,204800.0,8950.0,-11723,-241,2,0,3,0,1,0,2,0,0,1
204800.0,532300.0,27680.0,-16152,-99,1,0,3,3,1,0,2,0,1,1
114100.0,270300.0,11810.0,-19108,-2550,2,0,1,3,0,0,2,0,0,1
191600.0,830900.0,46120.0,-23606,-1708,2,0,3,0,1,0,1,0,1,1
355300.0,1258300.0,65640.0,-18232,-774,2,0,0,3,1,0,3,0,0,1
205800.0,624000.0,37910.0,-15602,-355,3,0,2,3,3,0,3,0,0,1
122900.0,455800.0,26460.0,-15527,-1609,2,0,3,3,1,1,2,0,0,1
114600.0,430400.0,24660.0,-23057,-260,4,0,0,3,0,0,1,0,0,0
107500.0,356800.0,17320.0,-10281,-3707,2,1,1,3,1,0,1,0,1,0
123000.0,313100.0,16530.0,-23356,-925,2,0,1,3,1,0,1,0,0,1
264400.0,919400.0,61260.0,-22085,-1602,1,0,1,3,1,0,2,0,1,1
102400.0,194000.0,8920.0,-18244,-499,2,0,3,3,1,1,1,0,0,0
181700.0,541100.0,24140.0,-23353,-1921,1,0,3,0,1,0,2,1,0,1
130100.0,563800.0,25700.0,-19832,-1705,1,0,3,0,3,0,2,1,1,1
84800.0,359300.0,22550.0,-21002,-414,2,0,0,3,1,0,3,0,0,1
78200.0,283700.0,15040.0,-10295,-3287,2,0,3,3,1,0,2,0,0,1
229100.0,502400.0,23180.0,-14503,-36,4,0,3,3,1,0,1,0,0,0
267100.0,771300.0,42540.0,-22666,-2013,1,0,0,3,2,0,3,0,0,1
256700.0,551000.0,24080.0,-17881,-5281,3,0,3,3,1,0,2,0,0,1
133000.0,438700.0,20400.0,-22812,-966,1,0,1,3,1,2,2,0,0,1
264200.0,482600.0,27000.0,-20929,-805,3,0,3,3,1,0,3,0,1,1
162900.0,625300.0,42220.0,-21305,-5011,2,0,3,3,1,3,1,1,1,1
84300.0,194100.0,11410.0,-15234,-3498,2,0,0,0,3,0,1,0,1,0
138300.0,292400.0,18510.0,-16942,-1159,2,0,2,3,0,0,2,0,0,1
188500.0,563200.0,36530.0,-12027,-3032,2,0,0,3,3,0,2,0,1,0
95600.0,335600.0,21390.0,-15900,-790,1,0,1,3,3,0,2,0,0,0
82700.0,277400.0,14820.0,-14101,-111,1,0,3,3,4,0,2,0,0,1
135200.0,272600.0,12430.0,-13652,-436,2,0,2,0,3,0,2,0,1,0
268000.0,1024200.0,67370.0,-21013,-178,1,0,3,3,1,0,2,0,0,0
170600.0,414400.0,18360.0,-14807,-1125,4,0,0,3,3,0,1,0,1,1
92300.0,180100.0,8900.0,-9697,-3122,5,0,3,3,1,3,3,0,0,1
154900.0,613500.0,29580.0,-10781,-136,1,0,3,0,3,0,2,0,0,1
91800.0,171300.0,8060.0,-16404,-37,2,0,3,3,3,0,2,0,0,1
156600.0,383300.0,20640.0,-17060,-1613,5,0,3,3,1,0,2,0,1,1
85400.0,251000.0,16900.0,-11970,-154,1,0,0,3,1,0,2,0,0,1
85500.0,199300.0,10560.0,-12268,-3565,2,0,3,0,1,0,2,1,0,0
125000.0,444500.0,20040.0,-19599,-114,1,0,3,3,1,0,3,0,1,1
239900.0,976500.0,57590.0,-11243,-2496,2,0,0,3,1,0,2,0,0,0
169700.0,587900.0,27110.0,-11101,-406,4,0,3,3,0,0,2,0,0,0
320200.0,820100.0,41840.0,-21278,-771,4,1,0,3,1,0,2,1,0,0
120300.0,473300.0,25870.0,-22869,-36,1,0,3,3,0,1,2,0,0,1
183800.0,406100.0,24500.0,-22292,-801,2,0,3,0,1,0,3,0,0,1
139900.0,478500.0,29680.0,-21968,-122,2,0,0,3,2,0,2,0,1,0
74500.0,160700.0,9660.0,-15208,-2533,1,0,3,3,1,0,2,0,1,1
215000.0,687800.0,38530.0,-18951,-2182,4,0,0,3,1,0,2,0,1,0
83000.0,343500.0,19800.0,-10837,-2629,2,0,3,3,1,0,2,0,1,1
147000.0,623300.0,26270.0,-15801,-471,1,0,1,3,1,0,1,0,0,0
151500.0,332400.0,14740.0,-13309,-6305,2,0,2,3,1,0,2,0,1,1
52400.0,108300.0,6070.0,-8040,-208,3,0,1,3,3,0,2,0,0,1
164800.0,622300.0,37690.0,-9490,-387,1,0,0,3,1,0,2,0,0,1
245900.0,978700.0,45660.0,-18202,-1957,4,0,0,3,1,0,3,0,1,1
158500.0,531000.0,22450.0,-22894,-1272,2,0,3,0,1,0,2,0,1,1
125000.0,235300.0,11700.0,-8586,-707,2,0,3,3,2,0,3,0,0,1
385800.0,803100.0,35030.0,-18933,-716,3,0,3,3,0,0,2,0,0,1
225300.0,450500.0,28800.0,-23391,-36,1,0,0,3,0,0,2,0,0,1
125800.0,508400.0,24250.0,-20317,-339,2,0,3,3,1,0,2,1,1,1
172000.0,323000.0,14800.0,-10039,-298,2,0,3,1,2,0,3,0,0,1
125400.0,510900.0,29130.0,-23387,-5830,1,0,3,3,0,0,2,1,0,1
174900.0,372500.0,18860.0,-20731,-1458,2,0,0,3,0,0,2,0,0,1
98600.0,295500.0,18600.0,-14851,-2368,2,0,0,3,1,0,3,0,0,1
69000.0,309200.0,20280.0,-21151,-673,1,0,1,3,3,2,2,1,0,0
83200.0,269000.0,17210.0,-14784,-1758,4,0,3,0,0,0,2,0,0,0
69200.0,138000.0,7850.0,-12126,-1013,2,0,0,3,1,0,3,0,1,0
114300.0,289500.0,16290.0,-13075,-856,3,0,1,3,1,0,2,0,0,1
283400.0,1253200.0,61080.0,-18849,-536,3,0,0,0,1,0,2,0,0,1
102900.0,382100.0,21870.0,-22237,-300,2,0,3,3,1,0,2,0,0,0
132700.0,260900.0,15880.0,-9933,-982,2,0,0,3,4,0,3,0,0,1
231100.0,744800.0,31360.0,-10729,-3455,2,0,3,3,1,0,2,0,1,1
158300.0,645300.0,31190.0,-7855,-372,2,1,1,3,4,0,2,0,0,0
157500.0,376200.0,24430.0,-18660,-3444,2,0,3,0,1,0,2,0,1,1
229400.0,697900.0,34150.0,-20765,-1214,2,0,3,0,1,0,2,0,1,1
389000.0,1527200.0,77860.0,-12098,-381,3,0,3,3,3,0,1,1,0,1
151100.0,676600.0,37680.0,-23159,-814,1,0,3,3,2,0,1,1,1,0
80700.0,305400.0,13040.0,-19970,-50,1,0,0,3,2,2,2,0,0,1
218900.0,667600.0,38920.0,-7674,-1099,1,0,3,3,0,0,2,1,1,1
163900.0,604000.0,26330.0,-17013,-3209,3,0,2,0,1,0,2,0,0,1
213500.0,523400.0,27860.0,-10787,-36,1,0,1,3,1,0,3,1,1,0
173600.0,643600.0,27290.0,-14131,-597,2,0,0,3,1,0,2,1,1,1
330600.0,1422800.0,74850.0,-15105,-1114,2,0,2,0,1,0,2,0,0,1
169200.0,729900.0,36440.0,-19226,-5044,2,0,0,3,1,0,3,0,0,1
68900.0,130200.0,7230.0,-10459,-3885,2,0,3,0,0,0,3,0,0,0
149000.0,536500.0,28810.0,-11660,-598,1,0,1,3,1,0,1,1,1,1
113700.0,370500.0,25160.0,-11975,-707,3,0,1,3,0,0,3,1,1,0
82600.0,210100.0,13470.0,-13228,-2326,4,0,1,3,0,0,3,1,0,0
214400.0,402000.0,19330.0,-19144,-5046,3,0,1,0,1,0,3,0,1,0
169500.0,616200.0,26940.0,-21239,-1686,2,0,3,3,1,0,2,0,0,0
280000.0,654400.0,36220.0,-10299,-363,1,0,3,3,1,0,2,0,0,0
188700.0,702800.0,45490.0,-20493,-2746,3,0,1,3,1,3,2,1,1,0
195600.0,643600.0,32820.0,-21615,-142,3,0,0,3,1,0,2,0,0,0
124800.0,471800.0,31500.0,-8006,-758,2,1,3,3,1,0,1,0,1,0
53500.0,125700.0,6450.0,-8719,-761,2,1,3,0,4,0,3,0,0,1
282900.0,930100.0,45650.0,-17207,-433,1,0,3,0,1,2,2,0,1,1
45000.0,86300.0,4660.0,-17286,-1856,3,0,0,0,4,0,3,0,0,1
163000.0,698200.0,33780.0,-23703,-595,2,0,0,1,2,0,3,0,1,1
122300.0,229400.0,15110.0,-21002,-3666,3,0,0,0,1,0,3,0,0,1
123400.0,278400.0,14700.0,-17833,-1437,3,1,0,3,1,0,2,0,0,1
96000.0,392200.0,18560.0,-23102,-847,4,0,3,3,1,3,1,1,0,1
204200.0,620900.0,32750.0,-10845,-71,3,0,0,3,0,2,2,0,1,1
79800.0,262400.0,14490.0,-10816,-1241,3,0,3,3,1,1,2,0,0,1
45000.0,99400.0,4730.0,-21637,-1718,2,1,1,3,1,0,2,0,1,1
193800.0,405800.0,23180.0,-15806,-3026,2,0,3,1,0,0,2,0,0,1
73300.0,201900.0,13010.0,-8611,-1190,2,0,3,3,1,0,2,0,1,0
119200.0,275400.0,14920.0,-21166,-1237,2,0,3,3,1,1,2,0,1,1
108200.0,332800.0,15000.0,-10582,-3987,2,0,1,3,3,1,2,0,1,1
77900.0,209800.0,11350.0,-11722,-933,1,0,3,3,3,0,2,1,0,1
140600.0,266700.0,16190.0,-12976,-321,2,0,1,3,3,0,2,0,0,1
166900.0,722100.0,47330.0,-20523,-205,2,0,3,3,3,0,2,0,0,0
138400.0,520300.0,30740.0,-23276,-235,2,0,3,3,1,0,2,0,0,0
197100.0,708600.0,36270.0,-22467,-956,2,0,1,3,1,3,2,1,0,1
45000.0,152000.0,8820.0,-8563,-1989,2,1,3,3,0,0,3,0,0,0
368300.0,1388700.0,81140.0,-22941,-1229,3,0,3,3,1,2,3,0,0,1
126600.0,378600.0,24300.0,-19521,-3029,2,0,0,3,3,0,2,0,0,0
128400.0,505900.0,31670.0,-12559,-1209,2,0,0,3,1,0,2,0,1,1
139100.0,601300.0,25760.0,-19520,-437,5,0,0,3,4,0,2,0,0,0
107800.0,295700.0,19110.0,-18912,-1126,3,0,0,0,3,0,2,0,1,1
149700.0,511300.0,33360.0,-15976,-758,1,0,3,0,1,0,2,0,0,0
292800.0,1078900.0,53480.0,-19164,-2333,2,0,2,3,3,1,2,0,1,1
94800.0,404100.0,24950.0,-9597,-1098,2,0,0,0,0,0,1,0,1,0
94900.0,322800.0,14530.0,-10888,-872,1,0,3,0,1,0,3,0,1,0
83500.0,353300.0,23040.0,-20793,-871,1,0,0,3,1,0,2,0,0,0
278000.0,656900.0,29830.0,-22900,-352,1,0,1,3,1,0,2,0,0,1
93800.0,237600.0,12020.0,-12801,-3892,2,0,3,3,4,0,2,0,0,0
167400.0,683300.0,28850.0,-7769,-642,1,1,0,3,3,0,1,0,0,0
219500.0,574100.0,27070.0,-20868,-998,1,0,3,3,1,0,2,0,0,0
203300.0,474200.0,32080.0,-14033,-732,3,0,1,3,1,0,2,0,0,1
94400.0,372100.0,21260.0,-15202,-495,1,0,1,0,3,0,1,1,1,0
50900.0,153400.0,9550.0,-19976,-328,1,1,3,3,1,2,1,0,1,1
270100.0,1047100.0,67300.0,-16470,-208,4,0,1,3,1,1,2,0,0,0
144000.0,536700.0,25680.0,-23600,-305,2,0,3,3,1,0,3,0,0,0
95600.0,334000.0,14900.0,-10756,-2180,4,0,1,3,1,0,2,1,1,0
95200.0,275800.0,12330.0,-13103,-1124,4,0,3,3,3,0,2,1,1,1
74700.0,181600.0,8580.0,-8006,-1431,1,0,1,0,1,0,2,0,0,1
45000.0,186900.0,8130.0,-14883,-2434,2,0,3,3,1,0,2,0,1,1
200600.0,894200.0,44150.0,-10682,-139,2,0,3,3,3,0,2,1,0,0
298100.0,1120200.0,73280.0,-14978,-197,2,0,3,3,1,2,2,0,0,0
78900.0,216600.0,12000.0,-15416,-2095,1,0,1,3,1,0,3,0,1,1
140300.0,261100.0,15220.0,-21037,-3206,4,0,3,0,1,0,3,0,1,1
140300.0,552500.0,34080.0,-10312,-2104,5,0,3,3,1,2,2,0,0,0
96400.0,301900.0,14020.0,-22945,-2386,1,0,0,3,0,0,3,0,0,0
82600.0,270300.0,14040.0,-12201,-1397,4,0,3,3,0,0,2,0,0,1
160300.0,298200.0,19150.0,-17084,-1450,1,0,2,3,1,0,2,0,0,1
158700.0,501300.0,25560.0,-23522,-7468,4,0,1,3,1,0,2,0,0,1
403000.0,1358800.0,58320.0,-11365,-367,1,0,2,0,1,0,2,0,0,1
117700.0,430400.0,21140.0,-23228,-510,2,0,0,0,1,0,3,0,0,0
167800.0,337700.0,16380.0,-23555,-1325,2,0,0,3,1,0,3,0,0,0
197600.0,837400.0,35670.0,-12595,-761,2,0,1,0,1,0,2,0,1,1
98800.0,429400.0,24260.0,-14087,-2404,1,1,2,0,1,0,2,1,1,1
233500.0,779400.0,34100.0,-15858,-1113,3,1,3,3,3,0,1,0,0,1
156100.0,440400.0,19540.0,-19134,-7079,2,0,0,3,3,0,2,0,0,1
219100.0,758300.0,47820.0,-23269,-594,3,0,3,3,0,0,2,0,0,1
72400.0,153000.0,6830.0,-9629,-2872,3,0,1,3,3,0,3,0,0,1
278600.0,1109000.0,51800.0,-18384,-3672,2,0,3,3,1,0,2,1,0,1
248200.0,935500.0,47480.0,-16456,-1113,2,0,0,3,4,0,3,0,0,1
119000.0,348000.0,20560.0,-16245,-36,1,1,3,3,4,0,2,0,0,1
185400.0,661700.0,43220.0,-14705,-7786,2,0,3,3,1,3,3,0,1,0
137300.0,381000.0,17110.0,-13258,-853,1,0,3,0,1,3,2,0,1,0
184700.0,493700.0,21880.0,-23728,-623,4,0,0,3,4,0,2,1,1,0
225600.0,1013100.0,48630.0,-12943,-2481,2,0,2,3,1,0,2,0,0,1
137800.0,331100.0,18070.0,-23682,-778,3,1,1,3,1,0,2,0,0,1
202400.0,858500.0,57140.0,-10823,-172,1,0,0,3,4,0,2,0,0,1
158400.0,531100.0,27540.0,-10982,-90,2,0,3,3,0,1,2,0,1,1
148400.0,410100.0,20500.0,-13529,-251,2,0,3,0,1,0,3,0,1,1
209100.0,409200.0,20770.0,-10831,-521,3,0,1,3,1,0,3,1,1,1
305100.0,1081600.0,73430.0,-11754,-2825,2,0,0,0,1,0,3,0,0,1
183100.0,690300.0,36810.0,-21926,-1557,2,0,3,3,1,0,3,1,0,1
277800.0,906800.0,59420.0,-10734,-1387,2,0,3,0,1,0,1,0,1,0
128800.0,394000.0,25640.0,-10753,-2154,2,0,3,3,0,3,1,0,0,1
100600.0,406800.0,20510.0,-22172,-131,2,0,1,3,1,0,2,0,0,1
94100.0,346600.0,16240.0,-21043,-4717,2,0,1,3,1,1,2,0,1,1
182900.0,599500.0,26780.0,-19529,-91,5,0,0,3,1,2,2,1,1,1
186600.0,699900.0,29620.0,-22582,-3044,3,0,3,0,1,0,2,0,1,0
120700.0,418200.0,19990.0,-18089,-66,3,0,3,3,1,3,3,0,0,1
122800.0,235800.0,10710.0,-17477,-1425,2,0,3,0,2,0,3,0,1,1
87400.0,237900.0,12660.0,-21210,-1487,3,0,3,0,4,0,2,0,1,1
286800.0,776700.0,35410.0,-15715,-1169,2,0,0,3,1,3,2,1,0,1
82900.0,176200.0,8920.0,-11472,-232,2,1,0,3,1,0,2,0,0,0
145500.0,369600.0,16510.0,-16304,-1034,3,0,0,3,3,0,2,0,0,0
295200.0,1171700.0,76020.0,-15656,-1253,2,0,3,3,1,0,3,1,1,1
122400.0,336000.0,19860.0,-15170,-1329,2,0,0,0,2,0,2,0,0,1
88900.0,319100.0,17460.0,-9894,-1371,2,0,1,0,0,0,1,0,0,1
118400.0,502400.0,26690.0,-17045,-3161,1,0,2,3,2,0,3,1,0,1
49100.0,137400.0,6460.0,-19129,-886,1,1,3,0,3,0,2,0,0,1
271900.0,635300.0,27340.0,-12393,-377,2,0,0,3,2,0,1,1,0,0
132000.0,256000.0,14450.0,-17377,-3543,3,0,0,3,1,0,2,0,1,0
305900.0,924700.0,48250.0,-8726,-745,2,0,1,3,3,0,1,0,1,1
281700.0,686700.0,30470.0,-15286,-60,2,0,1,3,1,0,3,0,0,0
148400.0,588600.0,31750.0,-22293,-1411,1,0,0,3,3,0,2,0,1,0
76200.0,237100.0,16060.0,-15487,-1311,2,0,3,0,1,0,2,0,0,1
170200.0,541700.0,35240.0,-15138,-101,3,0,3,3,1,0,2,0,1,1
181100.0,570100.0,36040.0,-14150,-1743,3,1,1,3,1,0,2,0,1,1
126800.0,404600.0,24150.0,-16192,-1681,2,0,3,3,1,0,3,1,1,0
96400.0,337000.0,22430.0,-20252,-482,3,0,3,0,2,0,2,0,0,1
91200.0,290300.0,18820.0,-11198,-4624,2,0,0,0,1,0,1,1,0,1
202700.0,868600.0,40370.0,-12839,-2625,3,0,0,0,1,0,2,0,0,1
195400.0,546000.0,27260.0,-7793,-589,4,0,2,3,1,0,1,0,0,0
136400.0,503300.0,22500.0,-14217,-3107,3,0,1,3,1,0,1,1,0,1
189500.0,831900.0,42730.0,-9489,-2915,1,0,2,3,3,0,1,0,1,1
82700.0,171300.0,8390.0,-22081,-3542,1,0,3,3,3,0,1,0,0,0
82200.0,153900.0,7680.0,-14352,-1514,2,0,3,3,1,0,2,0,1,0
650000.0,2421400.0,137530.0,-16035,-350,1,0,3,3,0,0,3,0,0,0
184800.0,352300.0,15450.0,-14352,-250,2,0,3,3,2,0,3,0,1,0
364900.0,1570200.0,83370.0,-13310,-183,1,0,3,3,2,0,2,0,0,0
194400.0,497700.0,27290.0,-11898,-36,4,0,0,3,1,0,2,0,0,0
50100.0,224700.0,11910.0,-13041,-494,4,0,3,3,1,0,2,0,1,1
192300.0,545400.0,26830.0,-23364,-2329,3,0,0,3,1,1,2,1,1,1
313100.0,955200.0,62600.0,-23632,-675,4,0,3,3,1,0,2,0,0,1
88200.0,289600.0,19220.0,-10288,-1979,1,0,1,3,0,0,3,0,1,0
171500.0,567000.0,32890.0,-9869,-599,2,0,1,3,1,0,3,0,0,1
258200.0,659900.0,40000.0,-16386,-1751,1,0,2,3,1,0,2,0,0,0
189600.0,772000.0,37150.0,-17768,-839,3,0,3,3,1,0,2,0,1,1
166300.0,343800.0,16160.0,-18292,-4091,2,0,3,3,3,0,3,0,0,1
103100.0,454100.0,26540.0,-11373,-956,2,0,0,3,3,0,2,0,1,0
110500.0,360200.0,20500.0,-9689,-829,2,0,3,3,1,0,1,0,0,1
236400.0,675200.0,31390.0,-17165,-2534,3,0,3,0,1,0,3,0,0,1
244900.0,865300.0,58760.0,-23614,-1034,2,0,3,3,1,0,3,0,1,0
164700.0,416200.0,22790.0,-13485,-202,2,0,3,3,1,0,1,0,0,1
129300.0,378300.0,16550.0,-13013,-1917,2,0,1,3,1,0,2,0,0,1
174700.0,358200.0,17060.0,-10911,-4336,4,0,3,0,1,0,3,0,0,1
158600.0,670600.0,30350.0,-16486,-905,1,0,1,3,1,0,2,0,1,0
104900.0,216700.0,10890.0,-9022,-364,2,1,3,3,3,0,2,0,0,0
131200.0,288200.0,14310.0,-14035,-554,2,0,3,0,3,0,2,0,0,0
326100.0,1455400.0,67840.0,-10473,-572,3,0,0,0,1,2,1,0,1,0
88700.0,237400.0,12170.0,-18256,-1040,1,0,0,3,1,3,1,0,0,1
260800.0,536900.0,30570.0,-19685,-539,2,1,3,3,1,0,2,0,0,1
76700.0,325200.0,20130.0,-16369,-2389,1,0,1,3,1,0,2,0,0,0
103900.0,317200.0,20550.0,-14058,-2775,2,0,3,3,3,1,3,0,1,1
146100.0,580400.0,30370.0,-15814,-1298,3,0,0,3,1,0,3,0,0,1
150500.0,423800.0,21480.0,-17303,-4790,2,0,3,3,1,0,3,0,0,0
80300.0,345700.0,19560.0,-18379,-1499,2,0,2,3,1,0,2,0,0,1
165500.0,404300.0,23660.0,-15417,-1699,4,0,3,2,3,0,2,0,0,0
124300.0,403800.0,26190.0,-18326,-267,1,0,1,3,1,0,2,0,1,0
68600.0,291400.0,14710.0,-20610,-560,2,0,0,3,1,0,2,0,0,0
98000.0,429900.0,18580.0,-17915,-1500,3,0,1,0,3,0,2,0,0,1
321000.0,609700.0,30600.0,-18272,-490,5,0,1,0,1,3,1,0,1,1
110600.0,460900.0,28590.0,-18331,-284,4,0,1,0,1,3,2,0,0,0
430100.0,1344300.0,60090.0,-9370,-1823,1,0,0,0,3,0,2,0,0,0
290600.0,1281400.0,80860.0,-14521,-1729,3,0,3,3,3,0,1,1,0,1
216400.0,537900.0,35900.0,-20341,-3078,1,0,1,3,3,3,2,0,1,0
162800.0,694400.0,44120.0,-22228,-2107,2,1,1,0,4,0,1,1,0,1
222000.0,444300.0,18960.0,-15541,-1907,1,0,3,0,1,0,2,0,1,1
136000.0,298400.0,15950.0,-12781,-897,2,0,0,0,2,0,2,0,0,1
222500.0,690300.0,44610.0,-11049,-2012,2,0,0,3,1,1,2,0,0,0
266700.0,599700.0,38700.0,-14449,-1512,1,0,3,3,3,0,2,0,1,1
152100.0,620300.0,34260.0,-7755,-81,4,0,3,3,4,1,1,0,1,1
345200.0,1537300.0,69190.0,-9119,-384,2,0,3,0,2,0,2,0,0,1
325400.0,860900.0,45550.0,-11213,-897,2,0,3,3,1,0,2,0,0,1
148700.0,367600.0,23250.0,-15676,-1312,2,0,3,3,1,0,3,0,0,0
64500.0,247000.0,14330.0,-16496,-823,3,1,2,3,1,0,3,0,1,1
160100.0,661300.0,44900.0,-18492,-3115,4,0,3,0,1,0,2,1,0,0
115300.0,415200.0,19630.0,-13306,-2121,3,0,3,0,0,0,3,0,0,0
74900.0,180200.0,9190.0,-19248,-2434,4,0,3,3,2,3,2,0,0,1
233000.0,558000.0,27370.0,-19528,-724,3,0,3,3,1,0,2,0,0,1
262700.0,801100.0,41750.0,-18396,-5565,1,0,1,3,0,0,2,1,0,1
271400.0,850900.0,38690.0,-18550,-370,2,0,0,3,1,0,2,0,1,0
89300.0,323900.0,19790.0,-16385,-6533,3,0,3,3,1,0,2,0,0,1
293300.0,810000.0,48390.0,-12870,-1306,4,0,1,3,1,0,2,0,1,1
86800.0,330100.0,19530.0,-21839,-887,1,0,3,0,1,0,2,1,0,0
109300.0,421200.0,20010.0,-15918,-7021,2,0,3,3,1,0,3,1,0,1
63500.0,152700.0,9260.0,-20572,-443,2,0,3,3,3,3,3,0,0,1
199400.0,680100.0,29120.0,-22354,-2015,2,0,3,3,3,1,3,1,0,0
148000.0,340000.0,16990.0,-21318,-349,2,0,0,3,1,3,3,1,0,0
103900.0,236200.0,15940.0,-18199,-2072,3,0,3,3,3,0,2,0,0,0
198500.0,553800.0,28380.0,-13795,-36,2,0,0,0,4,0,1,0,0,1
137600.0,469900.0,29750.0,-8207,-131,2,0,2,3,0,2,3,0,1,0
297200.0,1060500.0,50160.0,-10037,-1765,1,0,3,0,4,0,2,0,0,0
232900.0,1039200.0,46510.0,-16817,-59,1,0,1,3,1,0,2,0,1,1
129200.0,386900.0,24130.0,-21547,-1908,4,0,3,3,3,0,2,1,0,1
139000.0,325100.0,14530.0,-14223,-456,2,0,1,3,1,3,3,0,1,1
288300.0,521200.0,22200.0,-16603,-86,2,0,3,3,1,0,2,0,1,1
52800.0,168600.0,10710.0,-20852,-37,2,0,3,3,1,0,3,0,0,1
50200.0,186200.0,11420.0,-17371,-3102,1,0,3,3,1,0,3,0,0,1
86500.0,211400.0,11710.0,-18269,-251,4,0,1,0,0,0,2,0,0,1
201100.0,543200.0,32030.0,-13780,-2840,1,0,3,3,1,0,2,0,0,1
352200.0,1070800.0,56760.0,-15341,-454,4,0,3,3,3,0,2,0,0,1
134600.0,297700.0,13540.0,-8573,-1999,1,0,2,0,4,0,2,0,0,1
236000.0,690200.0,41880.0,-16740,-5704,1,0,2,3,0,0,3,0,0,1
179500.0,596100.0,35690.0,-14993,-1817,1,0,3,3,1,0,2,1,0,1
229700.0,922600.0,51500.0,-17409,-321,2,0,3,3,3,0,1,0,0,1
166600.0,300800.0,20380.0,-22238,-2821,2,1,3,3,1,0,1,0,0,1
91200.0,165800.0,11030.0,-23133,-668,5,0,0,3,0,0,2,0,1,1
114900.0,339500.0,22680.0,-13106,-2148,2,1,3,0,1,0,2,0,1,0
116600.0,249100.0,13490.0,-19296,-214,2,0,2,0,1,0,3,1,1,0
72200.0,137600.0,7240.0,-11051,-389,2,0,0,3,2,0,2,0,0,1
152500.0,669600.0,43730.0,-13572,-2300,3,0,1,0,1,0,1,0,0,1
54500.0,166200.0,11250.0,-14122,-1136,2,0,1,3,3,3,2,0,0,0
452400.0,1851000.0,115370.0,-9111,-2254,2,0,1,3,1,0,2,0,0,1
208200.0,811000.0,44020.0,-10582,-673,2,0,2,3,0,0,2,0,0,0
188400.0,373200.0,22350.0,-14926,-3765,4,0,3,0,1,0,2,0,0,1
112300.0,504700.0,32150.0,-11993,-641,5,0,0,0,1,0,1,0,0,1
112100.0,258400.0,15230.0,-8467,-1892,1,0,1,3,0,0,2,0,0,1
159800.0,718200.0,38500.0,-12921,-3084,3,0,1,3,1,0,2,0,0,0
106000.0,373400.0,18580.0,-22740,-3431,3,0,1,0,1,0,1,0,1,1
53700.0,203800.0,12070.0,-22426,-2146,3,0,3,3,1,2,2,0,0,0
179800.0,395500.0,24250.0,-15591,-4606,3,0,1,0,1,0,2,1,1,1
107100.0,293900.0,16070.0,-12051,-246,1,0,1,3,1,3,2,0,1,0
60300.0,194000.0,10790.0,-8021,-1446,2,0,3,3,0,0,2,0,1,1
45000.0,176900.0,9680.0,-12896,-217,1,0,3,3,1,0,2,1,1,0
296900.0,619100.0,26610.0,-15839,-2602,2,0,3,3,4,0,2,0,0,1
222400.0,552300.0,32500.0,-16266,-357,1,0,3,3,0,0,2,1,0,1
137400.0,488200.0,22490.0,-10559,-3985,2,0,0,3,0,0,2,1,1,1
125700.0,327100.0,15820.0,-21700,-1734,2,0,1,3,2,2,2,0,1,0
200100.0,894000.0,58990.0,-21143,-254,3,0,3,0,1,0,2,0,0,1
236900.0,1039800.0,62630.0,-7986,-1292,3,0,3,3,1,0,2,0,0,1
489300.0,1652000.0,83680.0,-23688,-815,3,1,1,0,2,0,2,0,0,0
116600.0,247300.0,14780.0,-13981,-4625,2,1,3,3,3,0,2,1,0,1
299600.0,1060600.0,48900.0,-9562,-1187,1,0,3,0,1,0,2,0,0,1
77300.0,226100.0,11060.0,-21839,-2567,2,0,0,3,3,0,2,0,0,1
105000.0,419800.0,21160.0,-17256,-2453,2,0,1,0,1,0,2,1,0,1
282300.0,591700.0,27180.0,-10199,-3624,1,1,0,3,2,0,2,0,0,1
68500.0,259500.0,16170.0,-22132,-1127,2,0,3,3,1,0,2,0,0,1
219100.0,861400.0,52310.0,-23584,-3308,2,1,3,0,1,0,1,0,0,0
364100.0,990800.0,58600.0,-15449,-1594,2,0,0,0,1,0,3,0,0,1
61200.0,241100.0,14560.0,-11820,-5246,4,0,0,3,0,0,3,0,0,1
75800.0,165600.0,10740.0,-15468,-375,2,1,2,0,1,0,3,1,0,0
190400.0,699700.0,46730.0,-11843,-4490,2,0,0,3,1,3,2,0,1,1
112900.0,417500.0,27510.0,-9188,-2119,2,0,3,0,1,0,2,0,1,1
143500.0,341000.0,20270.0,-18592,-225,2,0,3,3,2,0,2,0,0,1
180500.0,779600.0,42520.0,-16023,-1191,1,0,3,3,2,0,2,0,1,0
155400.0,521900.0,31960.0,-8852,-2277,2,0,0,0,1,0,3,1,1,0
94200.0,183000.0,8490.0,-17373,-4642,2,0,2,0,1,2,2,0,1,1
204900.0,895300.0,46640.0,-18751,-1750,3,0,3,0,1,0,3,0,1,1
258200.0,1101200.0,68750.0,-8832,-124,2,0,3,3,4,0,2,0,0,1
215000.0,718400.0,48730.0,-16813,-1794,3,0,3,0,1,0,2,1,0,1
196200.0,361800.0,19900.0,-18866,-2838,2,0,3,3,1,0,2,0,0,1
53500.0,198000.0,9190.0,-8747,-1490,2,1,0,0,1,1,2,0,0,1
168200.0,433400.0,20210.0,-22593,-36,3,0,3,3,1,0,2,1,1,1
121200.0,478000.0,32000.0,-21853,-1229,1,0,3,3,1,0,2,0,0,1
269600.0,977400.0,54980.0,-9592,-1525,1,0,3,3,1,0,2,0,1,1
189900.0,597300.0,31650.0,-12554,-1836,3,0,0,3,1,0,2,0,0,1
126500.0,349300.0,23240.0,-10123,-1056,2,0,3,3,1,0,2,0,0,0
105300.0,203300.0,9870.0,-7959,-1385,2,1,1,3,1,0,3,0,0,1
104800.0,447600.0,22560.0,-18667,-7348,3,1,3,1,1,0,2,0,0,1
131100.0,539800.0,33190.0,-8510,-127,2,0,2,0,1,0,3,0,0,0
291200.0,1169200.0,68760.0,-15188,-818,1,1,0,3,2,0,2,0,1,0
86900.0,201700.0,10550.0,-21434,-347,1,0,2,3,1,0,2,0,1,1
163100.0,688400.0,38230.0,-22686,-1564,1,0,0,2,1,0,2,0,1,1
95500.0,417700.0,23170.0,-12199,-4770,2,0,3,3,2,0,2,0,1,1
131300.0,236500.0,10470.0,-9285,-2711,2,0,0,3,0,0,3,0,1,1
95500.0,426000.0,26530.0,-12763,-2997,1,1,1,3,1,0,1,0,1,1
137800.0,291400.0,13880.0,-11164,-473,4,0,3,3,1,0,2,0,0,1
71600.0,190800.0,8770.0,-15661,-55,2,0,2,3,1,0,2,0,1,1
84900.0,223700.0,12140.0,-11973,-3360,1,0,0,3,1,1,2,0,0,0
237500.0,563700.0,31810.0,-10314,-2217,2,0,0,3,1,0,2,0,0,1
56100.0,142800.0,8910.0,-22675,-1711,5,0,0,1,0,0,3,0,0,1
73800.0,201000.0,9690.0,-9029,-683,1,0,3,3,3,0,3,0,0,0
144400.0,395200.0,24370.0,-20690,-613,3,0,1,1,0,0,2,0,0,0
167600.0,453800.0,28490.0,-11383,-649,4,0,1,3,1,0,2,1,0,1
251400.0,885700.0,50400.0,-16527,-516,1,0,3,2,2,0,2,1,1,1
277700.0,771000.0,45900.0,-14620,-3560,2,0,1,3,1,0,2,0,1,0
102500.0,378900.0,21840.0,-17262,-1266,3,0,3,3,1,0,2,0,0,1
120100.0,245500.0,15690.0,-20726,-585,1,0,3,3,1,0,3,0,1,0
170800.0,685800.0,39970.0,-20448,-4938,1,0,0,3,1,0,1,0,0,0
132200.0,331100.0,15280.0,-13173,-2086,2,0,2,0,1,0,2,1,0,1
97800.0,354300.0,15310.0,-9982,-773,1,0,3,3,1,0,3,0,0,0
162100.0,672300.0,31900.0,-7744,-157,2,0,3,0,0,0,1,0,0,0
148900.0,479900.0,24520.0,-18506,-321,3,0,3,3,1,0,2,0,1,1
150400.0,635800.0,36710.0,-14586,-1173,2,0,3,3,1,0,2,0,0,1
76100.0,316300.0,18570.0,-19834,-565,4,0,1,0,1,0,3,0,0,1
126200.0,517000.0,33910.0,-18040,-409,5,0,3,3,1,0,1,0,0,1
141600.0,521400.0,22810.0,-23631,-514,3,0,2,3,1,0,3,0,1,1
122100.0,303600.0,16950.0,-21674,-2605,1,0,0,3,3,0,3,0,0,0
140300.0,439200.0,25160.0,-14339,-2046,2,0,3,3,1,0,2,0,1,1
190700.0,457600.0,30850.0,-14947,-456,4,0,3,3,3,0,3,0,0,1
264700.0,958200.0,40550.0,-13659,-6466,2,0,3,3,1,0,3,0,1,1
222200.0,741300.0,40750.0,-18185,-1232,2,0,0,0,1,0,2,0,0,0
389300.0,1152200.0,61050.0,-11035,-256,3,0,3,3,1,0,2,0,0,1
95500.0,188900.0,8840.0,-13137,-547,1,0,2,3,1,1,2,0,0,1
227900.0,949300.0,48080.0,-10261,-1236,5,0,3,0,1,0,2,0,0,1
103700.0,301000.0,16210.0,-9363,-2788,2,0,3,0,1,0,2,0,0,1
267100.0,1131000.0,56810.0,-18306,-4689,1,0,1,3,1,0,2,0,0,1
291200.0,789000.0,50700.0,-18234,-2157,3,0,0,2,1,0,2,0,0,1
85100.0,294600.0,13510.0,-14447,-638,3,0,1,1,1,0,3,0,0,0
210700.0,926400.0,62970.0,-16688,-6419,2,0,1,3,1,0,2,0,0,1
181200.0,654900.0,40950.0,-10254,-1878,1,0,0,0,1,0,1,0,0,1
168000.0,748100.0,33820.0,-20749,-206,2,0,3,0,1,0,3,0,1,0
115300.0,244000.0,12330.0,-18908,-68,2,0,0,3,1,0,1,0,0,1
155400.0,491700.0,26040.0,-9712,-3137,3,0,1,3,1,1,2,0,1,1
94700.0,350900.0,23130.0,-9113,-216,2,0,3,0,3,0,2,0,0,1
75700.0,176500.0,9190.0,-8987,-64,2,1,0,3,3,0,2,0,1,1
130100.0,566500.0,30790.0,-10252,-3399,3,0,3,3,0,0,2,0,0,0
132400.0,488500.0,33090.0,-12314,-173,3,0,3,3,2,0,3,0,0,1
68800.0,157900.0,10170.0,-18143,-36,4,0,3,3,1,0,2,0,1,1
98200.0,293300.0,15280.0,-10819,-4245,1,0,3,3,1,0,2,0,0,1
148500.0,276000.0,12570.0,-20864,-5132,2,0,0,3,1,0,3,0,0,1
193200.0,696900.0,46900.0,-9794,-2959,2,0,2,0,0,0,2,0,1,1
119600.0,296900.0,16830.0,-15776,-5379,2,0,0,0,3,0,2,1,0,1
93300.0,192000.0,10020.0,-13919,-1112,1,1,0,3,0,0,2,0,0,1
192300.0,350900.0,19920.0,-9364,-2789,2,0,1,3,1,0,2,0,0,0
363500.0,1237100.0,63670.0,-17235,-1244,4,0,1,0,1,0,2,0,0,0
67900.0,213900.0,10960.0,-10242,-1243,3,0,3,0,1,0,2,0,1,1
130200.0,529200.0,32920.0,-21459,-2028,2,0,3,0,0,0,2,0,1,1
146100.0,512600.0,32200.0,-18878,-5302,2,0,3,3,3,0,1,0,1,1
101600.0,345000.0,17350.0,-8495,-1920,1,0,3,3,0,0,1,0,1,1
125600.0,396900.0,17400.0,-13435,-458,3,0,2,3,1,0,1,0,0,1
167300.0,306100.0,15040.0,-21876,-2426,3,0,3,3,0,3,2,0,0,1
133200.0,552700.0,32170.0,-19608,-1505,4,0,1,0,1,0,2,0,0,1
501000.0,2049400.0,86470.0,-17182,-1923,3,1,0,3,0,3,2,0,0,1
110000.0,392200.0,26220.0,-11132,-1778,2,0,1,3,3,0,2,1,0,1
164200.0,467700.0,29530.0,-14786,-810,2,0,3,3,1,0,3,0,0,0
45000.0,188800.0,11170.0,-18449,-500,1,0,3,0,1,3,2,0,0,0
80500.0,212100.0,10190.0,-9754,-404,4,0,3,3,1,0,2,0,1,1
215500.0,949600.0,58320.0,-13334,-4130,5,0,3,3,2,0,1,0,0,0
174200.0,498000.0,24240.0,-21141,-5239,5,0,1,3,1,0,2,0,0,1
168900.0,398300.0,25520.0,-13547,-101,2,0,1,3,1,0,3,0,0,1
236700.0,688600.0,41590.0,-10879,-36,2,1,1,0,0,0,2,0,0,0
304300.0,1205600.0,68210.0,-10801,-1955,2,0,3,3,1,0,2,0,0,1
166400.0,306900.0,18440.0,-16576,-43,2,0,3,3,4,0,1,0,1,1
232700.0,766200.0,38140.0,-11557,-733,3,0,0,3,3,0,2,0,1,1
136100.0,251900.0,13260.0,-11664,-788,4,0,3,0,3,0,2,0,0,0
79700.0,164200.0,10550.0,-18793,-534,1,1,3,3,3,0,2,0,0,1
164000.0,542600.0,31590.0,-10437,-1719,1,0,3,3,1,0,2,1,0,0
105700.0,451500.0,28950.0,-20867,-695,2,0,0,3,0,0,1,0,0,1
201700.0,370900.0,21880.0,-18160,-2403,2,0,3,3,1,0,1,0,0,1
125100.0,373900.0,21610.0,-12430,-105,2,0,3,3,2,0,2,0,0,0
230900.0,765400.0,38340.0,-18369,-1132,3,0,3,3,1,0,2,0,1,1
221900.0,703800.0,37250.0,-22570,-3009,2,0,3,3,2,1,2,0,0,1
217400.0,599100.0,40620.0,-12511,-1126,2,0,0,3,1,0,2,0,0,1
83800.0,252000.0,10750.0,-19881,-3797,2,0,3,3,1,0,1,0,0,1
313300.0,755700.0,34270.0,-12754,-3607,2,0,3,0,1,1,1,0,0,1
177100.0,502400.0,23900.0,-22316,-4805,4,0,3,0,1,0,2,0,1,1
82700.0,210400.0,11020.0,-10361,-223,4,0,3,3,1,0,2,0,0,1
126600.0,262200.0,12850.0,-22735,-439,2,0,3,3,0,1,1,1,0,1
83000.0,310500.0,20500.0,-14779,-1804,2,0,3,3,1,0,2,1,1,1
150100.0,286000.0,14330.0,-9741,-3137,2,0,0,0,1,0,2,0,0,0
474700.0,1492500.0,90470.0,-10563,-3988,2,0,1,1,4,0,2,0,0,1
71300.0,287400.0,17450.0,-13155,-823,2,0,0,3,0,0,3,0,1,1
227100.0,714400.0,33320.0,-13702,-775,3,0,1,3,1,0,1,0,0,1
90500.0,382500.0,25220.0,-10740,-321,1,0,0,1,4,0,1,0,0,1
298700.0,669900.0,37550.0,-9350,-48,2,0,3,3,0,0,2,0,0,1
224800.0,766800.0,37210.0,-22089,-2613,1,0,1,3,1,0,2,0,1,1
347700.0,1463800.0,82370.0,-18008,-288,2,0,3,3,1,0,2,1,0,1
111800.0,475700.0,21440.0,-8547,-1130,3,0,2,0,1,0,2,0,0,1
156400.0,388300.0,18710.0,-18455,-122,4,0,1,3,1,0,2,0,0,0
149600.0,366200.0,15440.0,-18555,-1274,1,0,0,3,0,0,2,0,0,1
90500.0,341300.0,17820.0,-7674,-93,2,0,0,3,3,0,2,0,0,0
88200.0,344400.0,16420.0,-13375,-287,4,0,0,3,1,0,2,1,0,1
256400.0,983300.0,48740.0,-14569,-427,2,0,1,3,3,0,2,0,1,1
123500.0,275000.0,12060.0,-18119,-357,2,0,1,3,1,0,1,0,1,1
241900.0,980700.0,46260.0,-10646,-715,2,1,3,3,3,0,2,0,0,0
85600.0,370100.0,18580.0,-17328,-784,1,0,3,0,1,0,2,0,1,0
149800.0,524700.0,29700.0,-9178,-204,4,0,0,0,0,3,2,0,0,1
76900.0,207400.0,12220.0,-16495,-77,2,0,0,3,1,0,2,0,1,0
123700.0,394100.0,16850.0,-9965,-2552,2,0,1,0,0,2,1,0,1,1
137400.0,502900.0,24950.0,-19744,-3060,1,0,3,0,3,0,2,0,0,1
108500.0,306100.0,20210.0,-12412,-36,2,0,0,0,1,0,1,0,0,0
153400.0,360900.0,16030.0,-22912,-5524,1,0,0,0,1,0,2,1,0,1
254600.0,682800.0,45810.0,-18983,-5751,2,0,3,3,2,0,1,0,1,1
161300.0,485700.0,28480.0,-19723,-3710,1,0,1,3,1,0,3,0,0,1
127900.0,337100.0,14480.0,-23708,-4512,5,0,3,3,0,0,3,0,0,0
198900.0,695600.0,30560.0,-22680,-1576,3,0,1,0,0,0,2,0,0,0
121100.0,356300.0,20270.0,-13149,-1324,2,0,3,3,1,0,2,0,0,0
131100.0,464700.0,24900.0,-14937,-320,1,0,0,3,0,0,3,0,0,1
116100.0,507500.0,33980.0,-13510,-138,2,1,3,3,3,0,3,0,1,0
122300.0,423600.0,28470.0,-14094,-1276,2,0,3,0,1,1,2,1,0,0
97300.0,302800.0,17010.0,-20024,-3477,1,1,3,3,1,0,3,1,0,0
86700.0,338700.0,15520.0,-19776,-226,2,0,3,0,0,0,2,0,1,1
121200.0,528700.0,31000.0,-21259,-1411,2,1,3,0,1,0,2,0,1,1
106800.0,377800.0,23830.0,-10351,-312,2,0,3,0,1,0,2,0,0,0
93900.0,320600.0,18820.0,-12945,-132,3,0,3,3,2,0,2,0,0,1
286300.0,785700.0,45890.0,-23542,-1940,2,0,1,3,1,0,2,0,0,1
292800.0,1092600.0,68110.0,-18867,-348,2,0,1,3,1,0,2,0,1,0
241600.0,483700.0,29120.0,-14038,-689,2,0,3,3,3,0,1,1,0,0
264700.0,608500.0,38170.0,-15162,-729,1,0,3,0,1,0,3,0,0,0
76000.0,272600.0,13540.0,-19659,-36,2,0,3,3,1,0,2,0,0,0
158900.0,358000.0,22500.0,-12202,-362,2,0,0,3,3,0,1,1,0,1
78800.0,170800.0,7310.0,-23706,-249,2,0,3,0,3,0,1,0,1,1
191100.0,605100.0,35780.0,-18408,-3795,1,0,2,3,1,0,3,1,0,1
84600.0,205500.0,10010.0,-21695,-1091,2,0,3,3,1,3,2,1,0,1
143500.0,369200.0,24040.0,-16720,-2756,3,0,2,3,1,0,2,0,0,1
224600.0,651800.0,38870.0,-13083,-6008,2,1,0,3,1,0,2,0,0,0
126200.0,339300.0,15660.0,-8170,-1573,2,0,3,0,4,0,3,1,0,1
313500.0,838400.0,36560.0,-18032,-955,5,0,3,3,3,0,2,0,1,0
155300.0,573900.0,33990.0,-15284,-433,2,0,3,3,1,0,2,0,1,1
154100.0,579300.0,31110.0,-13458,-1611,2,0,0,3,3,0,1,0,0,0
90800.0,402600.0,20900.0,-21067,-154,5,0,3,3,1,0,1,0,1,0
109600.0,312100.0,14260.0,-19481,-5232,2,0,1,0,3,0,3,0,0,1
170300.0,457300.0,28000.0,-7670,-1095,1,0,3,3,3,0,2,0,0,1
86600.0,305400.0,17490.0,-19028,-85,2,0,3,3,0,0,1,0,0,0
83200.0,326700.0,19670.0,-20816,-350,1,0,3,3,3,0,2,0,0,1
184400.0,438800.0,23780.0,-12406,-309,3,0,3,0,0,2,2,1,1,1
69000.0,143500.0,6080.0,-19570,-4153,1,0,3,3,1,0,2,0,0,0
146000.0,438900.0,21440.0,-16040,-267,3,0,1,3,1,0,2,0,0,1
190000.0,497100.0,31950.0,-16037,-3388,1,0,3,3,2,0,2,0,1,1
433000.0,1107100.0,67710.0,-20429,-718,2,0,0,3,1,0,2,0,0,1
163500.0,314100.0,15300.0,-18798,-2849,3,0,3,3,1,0,1,0,1,1
234300.0,642900.0,32100.0,-19354,-1971,2,0,3,3,0,0,2,0,0,1
92100.0,338000.0,17280.0,-7718,-1144,1,0,3,3,1,0,1,1,0,1
136000.0,418900.0,17740.0,-12274,-2529,1,0,0,3,3,0,3,0,0,0
91100.0,166200.0,10560.0,-23136,-1608,2,0,3,3,1,0,2,0,0,1
209900.0,390200.0,19310.0,-14790,-4915,2,0,3,3,1,0,3,0,0,0
158400.0,551400.0,25090.0,-18887,-406,2,0,0,3,3,0,3,0,0,1
103600.0,254000.0,15600.0,-10466,-933,2,1,1,0,1,0,2,0,0,0
111100.0,497700.0,24650.0,-20251,-200,4,0,0,0,1,0,2,0,0,0
194800.0,386000.0,21820.0,-8012,-82,2,0,3,3,1,0,2,0,1,1
253000.0,957800.0,50500.0,-13750,-508,3,0,3,3,3,0,2,0,1,0
118400.0,397000.0,24020.0,-9068,-1674,1,0,3,3,2,0,2,0,0,0
308300.0,1055800.0,45460.0,-11253,-37,2,0,2,3,1,2,2,0,1,0
115500.0,424500.0,23310.0,-23490,-2436,3,0,3,3,1,0,3,0,1,0
130400.0,345700.0,18300.0,-10068,-3401,1,0,2,0,2,0,2,0,1,1
100400.0,388100.0,18550.0,-19437,-1367,2,0,0,3,0,0,3,0,0,0
95900.0,424200.0,24200.0,-17996,-330,1,0,0,3,1,1,1,1,1,0
134400.0,582500.0,24800.0,-20921,-280,2,0,1,3,0,0,2,0,0,1
76500.0,338200.0,21330.0,-17352,-6219,1,0,3,3,1,0,1,0,1,1
311100.0,699600.0,44240.0,-23281,-1597,4,0,1,0,1,0,2,1,1,0
407600.0,1305600.0,72350.0,-11891,-338,5,0,3,1,0,3,2,0,0,0
306600.0,834900.0,45990.0,-13232,-1167,3,0,3,3,1,0,3,0,0,1
143200.0,591900.0,29090.0,-20569,-245,1,0,3,3,0,0,2,0,1,1
195100.0,868800.0,40460.0,-9240,-2666,2,0,3,0,0,0,2,1,0,1
71600.0,305100.0,13210.0,-22057,-2879,2,0,3,3,1,0,2,0,0,0
113000.0,349000.0,23120.0,-19452,-3743,2,0,0,3,1,0,3,0,0,1
270500.0,1161800.0,50550.0,-14409,-695,2,1,3,3,1,0,2,0,0,1
214700.0,695300.0,38460.0,-23349,-321,3,0,3,3,1,0,1,0,0,0
90900.0,216800.0,9800.0,-21918,-2355,2,0,3,1,1,0,1,0,0,1
49600.0,193900.0,13010.0,-12350,-1120,2,0,3,3,1,3,2,0,1,0
356500.0,1452300.0,66610.0,-12360,-2534,3,0,3,0,1,0,3,1,1,1
90800.0,174000.0,11390.0,-17675,-351,2,0,1,3,1,0,2,0,0,0
76200.0,182400.0,8430.0,-22013,-982,2,1,3,0,3,3,2,1,0,1
182100.0,486300.0,31200.0,-10656,-2192,2,1,1,0,1,0,3,0,0,1
252400.0,1005100.0,58250.0,-10996,-707,3,0,0,0,1,0,2,0,0,1
372600.0,1150800.0,52390.0,-12267,-831,4,0,3,0,1,0,2,0,1,1
103300.0,349100.0,17070.0,-21299,-205,4,0,3,3,1,0,1,0,0,1
96000.0,186800.0,12620.0,-9874,-2897,4,0,0,3,2,0,3,1,0,0
200700.0,876500.0,44560.0,-11043,-1235,2,0,0,3,1,0,2,0,0,0
403100.0,1468000.0,91530.0,-11309,-1059,3,0,3,3,2,0,2,0,1,1
107600.0,444500.0,29250.0,-22934,-2398,2,0,3,3,1,0,1,0,0,0
63300.0,172500.0,9800.0,-11716,-320,1,0,0,3,3,0,3,0,1,0
61200.0,158300.0,9050.0,-10268,-971,2,0,2,3,2,0,2,0,0,0
62400.0,228500.0,13220.0,-15406,-98,4,0,3,3,0,0,2,0,1,0
144600.0,553000.0,30040.0,-14207,-3971,2,0,3,3,1,1,2,1,0,0
145800.0,291200.0,14650.0,-12507,-3583,2,0,3,3,1,0,2,1,0,1
144900.0,641000.0,42470.0,-23420,-1363,2,0,1,3,1,0,2,0,1,0
145300.0,520600.0,33160.0,-16872,-36,1,0,1,3,1,0,1,0,0,1
210600.0,484700.0,31500.0,-22054,-912,2,0,2,3,1,0,2,0,0,0
485200.0,1543400.0,67870.0,-8700,-634,1,1,0,3,1,0,2,0,0,0
141300.0,515900.0,28820.0,-18188,-1598,1,0,0,3,1,3,1,0,0,1
169900.0,327200.0,20460.0,-11641,-5066,1,0,3,3,1,0,2,0,0,1
135300.0,250000.0,16210.0,-17343,-1770,3,1,2,3,1,0,2,0,0,1
100900.0,451100.0,23320.0,-12963,-464,3,0,1,3,1,0,1,0,0,1
249800.0,467400.0,23350.0,-8692,-2117,1,1,3,3,3,0,3,0,1,0
114100.0,444100.0,29460.0,-20775,-2745,2,0,2,3,1,3,2,0,1,0
312100.0,1161500.0,71560.0,-15995,-66,1,0,0,3,1,0,3,0,0,1
97500.0,393200.0,20360.0,-15962,-2018,2,0,3,3,0,0,3,0,0,0
244100.0,536200.0,34780.0,-8259,-106,1,0,1,0,1,0,1,0,1,0
186000.0,419700.0,23420.0,-20965,-2061,2,0,3,0,1,0,2,1,0,1
115500.0,348600.0,15590.0,-10707,-1402,2,0,3,3,2,0,2,0,1,1
77400.0,220400.0,9860.0,-22894,-206,2,0,1,3,0,0,3,0,1,1
318000.0,800400.0,46430.0,-17166,-3871,1,1,0,3,1,0,2,0,0,1
203400.0,663000.0,42240.0,-10905,-176,1,0,3,3,4,0,1,0,0,0
113500.0,462800.0,25780.0,-11557,-257,2,0,1,3,1,0,2,0,0,1
242100.0,689900.0,39460.0,-16185,-773,2,0,3,0,1,0,2,0,1,1
107300.0,205400.0,12000.0,-16394,-613,2,0,0,0,2,0,1,0,1,0
278800.0,1137800.0,62190.0,-13380,-1356,1,0,1,3,3,0,2,0,0,1
76400.0,222900.0,9410.0,-13616,-258,1,0,1,0,1,0,2,0,1,0
190700.0,496700.0,29000.0,-22625,-781,2,0,2,3,0,0,2,0,0,0
149000.0,450700.0,22370.0,-20119,-1998,4,0,0,3,3,0,3,1,1,1
100300.0,357400.0,18290.0,-11900,-1115,1,0,3,3,0,0,3,0,0,1
77000.0,295900.0,15700.0,-13613,-1748,2,0,0,3,1,0,2,0,0,1
222600.0,548400.0,33520.0,-14782,-6920,1,1,1,3,0,0,3,0,0,1
288400.0,600000.0,30530.0,-8880,-2305,4,0,0,3,0,0,2,0,1,0
101000.0,247600.0,12060.0,-15445,-1255,2,0,1,3,1,0,2,0,0,1
138000.0,250100.0,14660.0,-14725,-1272,1,0,0,0,1,0,1,1,0,1
202300.0,515200.0,32930.0,-17040,-3127,1,0,3,3,1,0,2,0,1,0
173800.0,769800.0,42750.0,-11978,-619,1,0,0,3,1,0,2,0,1,1
422100.0,947500.0,43330.0,-17725,-550,1,0,0,3,1,1,2,0,1,1
218900.0,659900.0,30090.0,-8784,-194,3,0,1,3,3,0,1,0,1,1
184500.0,677800.0,37090.0,-23566,-886,2,0,3,0,1,0,2,0,0,0
92000.0,304000.0,18160.0,-20784,-944,1,0,1,3,1,0,3,0,0,1
96100.0,357700.0,20590.0,-13075,-2380,2,0,0,3,1,0,2,0,0,1
262100.0,1021800.0,67280.0,-20154,-3225,4,0,0,0,1,0,1,0,0,1
170400.0,550700.0,34940.0,-13321,-777,2,0,3,3,1,0,3,0,0,1
255800.0,587800.0,38600.0,-14833,-384,2,0,0,3,1,0,2,1,0,1
77200.0,181100.0,11040.0,-16140,-4315,3,0,2,3,1,0,2,0,0,1
105900.0,454100.0,30030.0,-20229,-818,2,0,0,0,1,0,2,0,0,1
115400.0,305300.0,18220.0,-8919,-48,2,0,2,3,1,0,3,0,0,0
176300.0,711200.0,35310.0,-13026,-943,2,0,3,0,1,0,2,1,0,0
112700.0,282100.0,18390.0,-23391,-322,1,0,3,3,3,0,2,0,0,1
108200.0,445200.0,19920.0,-13728,-2852,4,0,3,3,1,0,2,0,0,0
123400.0,324700.0,20600.0,-15483,-83,2,0,0,3,0,1,3,0,1,1
119900.0,278600.0,13710.0,-17563,-307,3,0,3,3,1,0,1,0,0,1
264000.0,962400.0,50860.0,-11213,-2081,1,0,2,0,0,0,3,0,0,1
160600.0,548800.0,27440.0,-10104,-2809,1,0,3,3,4,0,2,0,1,1
135400.0,262800.0,13390.0,-13097,-2699,4,1,1,3,1,0,2,1,0,1
107800.0,324900.0,16950.0,-14518,-364,3,0,1,3,1,2,2,1,0,1
166600.0,309200.0,15470.0,-18426,-928,2,1,1,0,1,0,2,0,1,1
88200.0,247500.0,11020.0,-9110,-2536,2,1,0,3,3,0,2,0,0,1
76400.0,321400.0,13570.0,-9800,-2486,2,0,3,3,3,0,2,0,1,1
340300.0,663700.0,31870.0,-23192,-612,4,0,3,0,1,0,2,0,1,1
475800.0,1682900.0,77830.0,-22650,-429,2,0,1,3,1,0,1,1,0,1
271100.0,572100.0,37350.0,-12747,-599,2,0,3,3,1,0,1,0,0,0
106000.0,364400.0,17720.0,-12158,-3345,1,1,1,3,1,0,3,0,0,1
115300.0,380400.0,16240.0,-21620,-3069,2,0,3,3,1,0,2,0,1,1
121200.0,442800.0,28780.0,-16010,-1098,2,0,0,3,3,0,2,0,1,1
109800.0,249400.0,15360.0,-12193,-2538,1,0,1,3,3,0,2,0,0,1
97000.0,377600.0,16840.0,-22145,-4191,2,0,0,0,1,2,2,0,0,0
408400.0,1454800.0,82730.0,-17557,-2495,3,0,1,3,1,0,1,0,0,0
97800.0,274400.0,17950.0,-19379,-1102,1,0,2,0,0,0,3,0,0,1
119500.0,409100.0,22800.0,-15077,-2022,2,1,3,0,0,0,2,0,1,0
93400.0,237300.0,12290.0,-9314,-2064,2,0,0,0,1,0,1,1,1,1
86400.0,206600.0,11390.0,-12815,-226,2,1,1,3,1,0,2,0,0,0
81800.0,331700.0,17160.0,-20754,-2634,1,0,3,0,1,0,3,0,0,1
210900.0,735400.0,35420.0,-7991,-708,2,0,3,3,1,0,3,0,1,1
85200.0,376800.0,23950.0,-12823,-63,5,0,3,3,1,0,3,1,0,1
102400.0,243800.0,10250.0,-13238,-1816,3,0,1,3,3,0,1,0,0,1
238700.0,647400.0,31930.0,-20401,-1154,4,0,0,3,1,0,2,0,0,1
113300.0,445300.0,29040.0,-17873,-302,1,0,3,3,1,0,2,0,1,1
361900.0,1451400.0,92970.0,-21271,-1342,3,0,0,0,1,0,3,0,0,1
172800.0,543000.0,33230.0,-12049,-1185,5,1,0,0,1,0,3,0,0,1
219700.0,684500.0,29120.0,-20862,-529,2,0,0,3,1,0,3,0,0,1
158100.0,339000.0,14910.0,-10624,-2749,2,0,1,3,3,0,3,0,1,0
303300.0,1320800.0,83800.0,-19918,-4384,2,0,2,3,1,0,2,0,0,0
148500.0,365700.0,16390.0,-9470,-2896,1,0,3,3,0,0,3,0,0,0
84100.0,212300.0,9620.0,-21250,-858,2,0,0,3,1,0,2,0,0,0
151600.0,429000.0,18770.0,-8059,-832,4,0,1,3,1,0,3,0,1,1
235600.0,1015700.0,65180.0,-14579,-2317,2,0,3,3,0,0,2,0,0,1
100100.0,266000.0,15450.0,-16739,-438,2,0,3,3,3,0,2,0,0,1
183600.0,704700.0,33880.0,-10326,-3460,3,0,1,0,1,0,2,0,0,0
171000.0,570000.0,30390.0,-8483,-1908,5,0,3,3,0,0,2,1,1,1
147600.0,285200.0,18610.0,-13117,-2154,2,0,0,3,1,0,2,0,1,1
72800.0,256900.0,16180.0,-17224,-4767,2,0,3,1,1,0,2,0,0,1
240600.0,715500.0,37640.0,-23346,-787,1,0,3,0,1,0,2,0,1,0
104900.0,442900.0,28840.0,-8741,-1564,1,0,3,3,1,0,1,0,0,0
307400.0,1216400.0,66960.0,-18938,-736,3,0,3,3,0,1,2,1,1,0
94500.0,189100.0,11420.0,-13228,-2076,2,0,1,3,1,0,2,0,0,0
156100.0,549600.0,28760.0,-18962,-10254,2,0,3,3,1,0,3,0,0,0
112500.0,242900.0,13890.0,-14642,-362,2,0,3,0,1,0,2,0,0,1
136500.0,410700.0,18390.0,-23235,-1311,2,0,3,0,3,0,2,0,1,1
89300.0,344300.0,17380.0,-21401,-911,2,0,3,0,1,0,2,1,0,1
117800.0,395700.0,20320.0,-8106,-373,3,0,3,3,1,0,1,0,0,1
121300.0,350100.0,23740.0,-14624,-577,2,0,3,3,1,0,3,0,0,1
169300.0,581900.0,26000.0,-18552,-1890,4,0,3,1,1,0,1,0,0,1
79000.0,354100.0,21650.0,-11814,-2494,3,0,3,3,1,0,1,1,0,1
102000.0,383600.0,22760.0,-14900,-1232,3,0,3,0,0,0,2,0,0,0
77100.0,277400.0,16250.0,-8497,-1923,2,0,3,0,4,0,2,1,0,1
104500.0,439000.0,27330.0,-12482,-249,2,0,3,3,3,1,2,0,0,1
110700.0,429400.0,26340.0,-11120,-475,2,0,0,3,1,0,2,0,0,1
217600.0,617600.0,35170.0,-20647,-4230,3,0,3,3,1,0,2,0,0,1
259100.0,622400.0,40920.0,-8367,-279,2,0,3,0,0,3,2,0,1,1
136900.0,354700.0,21290.0,-20434,-348,3,0,3,3,1,0,3,0,1,0
203000.0,859400.0,42240.0,-8931,-1013,1,0,1,3,2,0,3,0,1,1
219500.0,505900.0,22380.0,-15945,-2998,2,1,3,3,1,1,2,0,0,1
110800.0,295500.0,13290.0,-23187,-1015,2,0,3,3,1,0,2,0,0,1
98300.0,350700.0,18350.0,-12925,-3371,2,0,3,0,0,0,3,0,0,1
150600.0,676800.0,38200.0,-22952,-1039,1,0,3,3,1,0,1,0,0,1
204900.0,764300.0,48260.0,-15121,-1407,2,0,3,3,1,0,2,1,0,0
269900.0,555300.0,36760.0,-12428,-2796,2,0,0,3,1,0,3,1,0,1
161100.0,712400.0,37150.0,-15239,-8664,2,0,3,0,1,0,2,0,0,1
192100.0,360200.0,20580.0,-9765,-3190,2,0,1,0,1,0,2,0,1,0
64100.0,215800.0,9700.0,-15076,-1350,1,0,3,3,3,0,3,0,0,1
96600.0,258300.0,16290.0,-8833,-1333,1,0,1,0,1,0,2,0,1,0
124900.0,433700.0,27660.0,-22164,-4261,1,0,3,3,1,3,3,0,1,0
82900.0,264600.0,12470.0,-12490,-2615,2,0,0,3,2,0,2,1,0,1
205600.0,480400.0,25790.0,-15572,-612,1,1,2,3,1,2,1,1,0,0
220800.0,918200.0,40020.0,-10870,-2274,1,0,0,3,0,0,2,0,0,1
165600.0,723500.0,36240.0,-20914,-36,1,1,3,0,1,0,2,0,0,1
338200.0,648800.0,40860.0,-17675,-1247,5,0,0,3,1,0,2,0,0,0
224900.0,452100.0,26450.0,-9114,-1886,3,0,1,3,1,0,2,0,0,1
128700.0,418700.0,27140.0,-8778,-813,1,0,3,3,1,0,2,0,1,0
161300.0,675500.0,33010.0,-21471,-2105,1,0,1,0,1,0,1,0,0,0
254100.0,518200.0,33630.0,-13717,-325,2,1,3,3,2,0,2,0,1,1
69800.0,224900.0,12020.0,-20107,-574,2,0,2,3,1,0,2,1,1,1
67000.0,298200.0,15870.0,-15073,-2567,2,1,3,0,1,0,3,1,1,1
195500.0,476500.0,23880.0,-15647,-967,5,0,3,3,3,1,2,0,0,1
215100.0,642200.0,38070.0,-14585,-216,1,0,0,3,1,0,2,0,0,0
155300.0,608800.0,30070.0,-22026,-222,2,0,3,3,1,0,1,0,0,1
199200.0,573600.0,31210.0,-8160,-1585,1,0,0,3,1,0,2,0,0,1
97900.0,328700.0,14450.0,-15905,-96,2,0,0,3,1,0,2,0,0,0
117200.0,462700.0,29140.0,-18424,-329,2,0,0,0,1,0,2,0,1,1
94900.0,339600.0,16940.0,-8276,-337,2,0,0,0,1,0,1,0,0,1
67200.0,207800.0,10200.0,-15398,-4717,2,0,3,0,1,0,2,0,1,1
169700.0,744100.0,41440.0,-11570,-4996,2,0,1,3,1,0,3,0,0,0
259000.0,1043000.0,44370.0,-11326,-2177,1,0,3,3,1,0,3,0,0,1
84500.0,269900.0,15410.0,-14054,-2365,2,0,0,3,1,2,2,0,0,1
225200.0,423800.0,21450.0,-8740,-1887,1,0,3,3,3,0,2,1,1,1
243800.0,717400.0,48410.0,-16850,-4999,2,0,0,0,3,0,2,0,0,0
128000.0,481600.0,26030.0,-19348,-702,3,0,0,0,1,0,2,0,0,0
157200.0,485100.0,30290.0,-12700,-1787,2,0,3,3,4,0,3,0,0,1
218200.0,508000.0,28040.0,-10522,-2449,1,0,3,3,1,0,3,0,1,1
113600.0,497200.0,32790.0,-15638,-1951,1,0,2,3,3,0,3,1,0,1
113900.0,506200.0,23200.0,-20570,-1378,3,0,3,0,1,1,2,1,0,1
134500.0,412300.0,20780.0,-15124,-1170,2,0,1,3,0,0,3,0,1,0
55400.0,213500.0,11430.0,-23204,-36,1,0,1,3,3,0,1,0,0,1
341800.0,879800.0,44090.0,-11284,-752,2,0,1,3,0,0,3,0,0,0
139400.0,326000.0,14070.0,-11643,-237,2,0,3,0,1,0,2,0,0,1
181000.0,383500.0,21650.0,-17422,-1888,2,0,0,3,1,0,2,1,0,1
165800.0,632900.0,34560.0,-21472,-2019,2,0,3,3,1,0,3,1,0,1
110900.0,420600.0,27860.0,-9194,-2620,3,1,3,3,1,3,3,0,0,1
113700.0,296000.0,19560.0,-9574,-2277,2,0,1,2,1,0,2,0,0,1
104100.0,378400.0,20680.0,-18647,-2997,2,1,3,3,1,0,2,0,1,1
148000.0,512900.0,27200.0,-7965,-1390,2,0,0,3,1,0,2,0,0,1
107500.0,396300.0,24090.0,-11109,-3550,2,0,1,3,1,0,2,0,1,0
56500.0,209800.0,13930.0,-13713,-106,3,0,3,3,1,0,2,0,0,1
235500.0,1007900.0,60820.0,-13497,-1909,2,0,3,3,1,0,1,0,0,1
107500.0,232100.0,13010.0,-8951,-588,3,0,0,0,1,0,2,0,1,0
151400.0,403200.0,25870.0,-18619,-2486,2,1,3,2,1,1,1,0,0,1
96700.0,198800.0,11070.0,-13091,-420,2,0,3,3,1,0,1,0,0,1
108200.0,472100.0,25620.0,-8136,-135,2,0,3,3,1,0,2,0,1,1
104000.0,340700.0,18860.0,-17249,-2619,2,0,3,3,0,0,2,0,0,1
99100.0,282800.0,15450.0,-23601,-36,3,0,1,0,2,0,2,0,1,1
115400.0,227000.0,13040.0,-21231,-310,1,0,0,0,3,0,2,0,0,1
165100.0,698000.0,43350.0,-17084,-3651,2,0,1,0,1,0,2,0,1,1
184900.0,646700.0,34870.0,-14965,-127,2,0,1,3,1,0,2,0,0,0
45300.0,161800.0,7490.0,-8839,-200,2,0,3,0,1,0,2,0,0,1
246300.0,727100.0,47840.0,-21431,-1167,2,0,3,3,2,0,1,0,0,1
111400.0,236300.0,11520.0,-20408,-1412,3,0,3,3,1,0,2,0,1,1
90300.0,249200.0,16090.0,-11154,-1038,1,0,0,3,1,0,1,0,0,1
340900.0,1080500.0,66370.0,-22770,-5639,2,0,0,3,1,2,1,0,1,0
45000.0,88700.0,5080.0,-7894,-1319,2,0,0,3,1,0,2,0,1,1
116400.0,247700.0,13440.0,-9652,-2969,1,0,3,3,1,0,2,0,1,0
246400.0,454200.0,29560.0,-13905,-83,3,1,3,0,1,0,2,0,1,0
84800.0,227500.0,12170.0,-16617,-933,5,0,3,3,1,0,2,0,0,1
86900.0,343500.0,23100.0,-13599,-2394,3,0,3,3,1,0,2,0,1,0
191500.0,590700.0,37540.0,-21828,-504,3,0,0,3,2,0,3,0,0,1
338400.0,641300.0,36390.0,-8177,-1063,3,0,3,0,3,0,2,0,0,1
278200.0,1168100.0,59720.0,-13386,-2683,2,0,3,3,4,0,2,1,1,0
128300.0,293700.0,17940.0,-17861,-1959,3,0,2,3,1,0,2,0,0,1
117800.0,429700.0,22500.0,-18181,-237,2,0,0,3,1,0,3,1,0,1
147300.0,592000.0,28540.0,-9192,-1013,2,0,3,3,3,0,2,1,0,1
146900.0,578700.0,34500.0,-10867,-735,1,0,1,3,3,0,1,0,0,1
397100.0,968700.0,42640.0,-17849,-5194,2,0,0,3,3,0,2,0,0,1
126700.0,447500.0,19620.0,-11159,-413,3,0,3,0,1,2,1,0,0,1
64700.0,210800.0,9310.0,-9538,-156,2,0,1,3,1,0,2,1,0,0
226000.0,526200.0,34730.0,-13332,-1502,1,0,3,3,1,0,2,0,0,1
121500.0,413700.0,17530.0,-16229,-3101,1,0,3,1,3,0,3,0,0,0
72700.0,217600.0,10100.0,-13595,-1172,1,0,3,3,1,3,2,0,0,0
270300.0,1011400.0,46700.0,-16358,-1679,1,0,3,3,0,0,2,0,1,0
176300.0,612500.0,37870.0,-15294,-1596,4,0,2,0,1,0,2,0,0,1
173600.0,739600.0,41590.0,-11606,-839,1,1,3,0,4,0,2,1,0,1
61100.0,166600.0,9850.0,-22808,-1333,1,0,3,0,3,0,2,0,0,1
346200.0,1494300.0,80310.0,-16095,-2240,3,1,3,3,1,0,3,0,1,1
60700.0,243900.0,16570.0,-23430,-1076,2,0,3,3,1,0,2,0,0,1
148700.0,569700.0,29950.0,-15794,-2128,3,0,3,3,1,0,3,0,1,1
122600.0,480100.0,23780.0,-20815,-1079,1,0,3,1,1,0,2,0,1,1
118700.0,508400.0,23390.0,-8841,-1742,3,0,1,3,1,0,2,0,0,1
191800.0,846900.0,35960.0,-8729,-602,4,1,3,0,1,0,2,0,1,1
121800.0,290900.0,17620.0,-22548,-155,2,0,1,3,1,0,2,1,0,0
140100.0,599800.0,27280.0,-15278,-1250,3,0,3,3,3,0,3,0,0,1
128300.0,234800.0,10600.0,-15039,-3499,3,0,0,0,1,3,2,0,1,0
235400.0,996700.0,48090.0,-15756,-722,2,0,0,3,1,0,2,0,0,1
290700.0,1036200.0,51210.0,-22919,-969,4,0,3,3,1,0,2,0,0,1
397400.0,1730500.0,89480.0,-10557,-1345,1,0,3,0,0,0,3,0,0,1
133000.0,294400.0,17520.0,-15235,-36,3,1,1,3,0,0,1,0,0,1
171900.0,526800.0,27520.0,-18259,-1050,2,0,3,3,0,0,3,0,0,1
127700.0,377700.0,18970.0,-8703,-85,2,0,0,3,4,0,1,1,0,1
183100.0,526100.0,22100.0,-10987,-3177,1,1,3,0,3,0,2,0,0,1
197200.0,872000.0,52190.0,-21710,-1166,1,0,3,3,3,0,2,1,0,0
45000.0,109400.0,5720.0,-8935,-2360,3,0,0,3,3,0,2,0,1,1
407800.0,1027300.0,65820.0,-15095,-4728,2,0,1,3,1,0,3,0,0,1
132700.0,332800.0,15510.0,-9326,-1090,2,0,0,3,1,0,2,0,0,1
207600.0,797300.0,41300.0,-14613,-2988,2,0,0,3,0,0,2,0,1,0
110600.0,385200.0,21020.0,-15942,-154,5,0,3,3,1,0,2,0,0,1
129700.0,353800.0,20660.0,-22926,-1430,2,0,1,3,1,0,2,0,0,1
449800.0,1630800.0,93530.0,-11917,-393,3,0,0,3,0,0,2,0,0,1
402500.0,880300.0,56030.0,-22369,-727,5,0,2,3,1,0,2,0,0,1
228800.0,696800.0,44190.0,-8748,-179,2,0,3,3,1,0,2,0,1,1
245800.0,458400.0,23050.0,-14681,-2381,2,0,0,3,1,0,3,0,0,1
219600.0,679300.0,43650.0,-17210,-1044,2,0,3,3,1,0,1,1,1,1
320800.0,946400.0,40480.0,-22467,-357,3,0,3,0,1,0,1,0,0,1
294100.0,1087100.0,54820.0,-16221,-624,4,0,0,0,1,0,2,0,0,1
83900.0,238900.0,14000.0,-18822,-877,2,0,2,3,3,0,1,1,0,1
176900.0,367000.0,18740.0,-17116,-1881,2,0,3,2,3,0,2,1,1,1
132200.0,269400.0,14830.0,-16664,-3590,2,0,0,3,4,0,2,0,0,0
124200.0,478500.0,28530.0,-22657,-36,1,0,3,1,3,0,2,0,0,0
216300.0,814800.0,34250.0,-14877,-1059,1,1,3,3,0,0,3,0,0,1
159600.0,543600.0,36350.0,-7958,-1093,1,0,3,0,1,0,2,0,0,1
117000.0,468200.0,25100.0,-10501,-3150,4,0,3,3,1,0,2,0,0,1
99000.0,226600.0,11270.0,-16703,-2231,1,0,0,3,1,0,2,0,0,1
57600.0,106400.0,6030.0,-14522,-2854,3,0,3,3,1,0,2,0,0,1
152300.0,489600.0,30080.0,-21061,-2226,2,0,3,0,4,0,3,0,0,0
98000.0,196900.0,9220.0,-12077,-2744,2,0,3,0,1,0,3,0,0,1
146700.0,330300.0,17970.0,-21120,-3760,2,0,3,0,1,0,1,0,0,1
68200.0,271500.0,16060.0,-13719,-112,3,0,2,3,4,0,2,0,0,0
240100.0,1048000.0,62620.0,-22872,-658,2,0,1,3,1,0,1,0,0,1
266400.0,666100.0,44660.0,-18954,-1356,3,0,0,0,3,0,2,1,1,1
110800.0,368000.0,22900.0,-10763,-326,2,0,3,0,1,0,2,1,0,1
102600.0,421200.0,21950.0,-23291,-2017,2,1,1,3,1,0,3,0,0,1
185300.0,524000.0,28690.0,-21422,-36,2,0,3,3,1,3,2,0,1,1
279500.0,771400.0,43420.0,-10069,-1619,1,0,3,3,1,1,2,0,0,1
75100.0,224200.0,14170.0,-18429,-294,2,0,0,3,4,0,2,0,1,0
110800.0,272500.0,14530.0,-17691,-215,2,0,0,3,1,0,2,0,1,0
211000.0,885800.0,54270.0,-16576,-1868,2,0,3,3,4,0,1,0,0,1
153400.0,471400.0,21520.0,-16875,-332,3,0,0,0,1,0,3,0,0,1
99900.0,256200.0,15770.0,-22911,-112,2,0,3,3,1,0,3,1,1,0
400900.0,1409400.0,66960.0,-23718,-1738,1,0,0,3,4,0,2,0,0,1
87600.0,225500.0,10700.0,-21443,-2173,5,0,2,3,1,0,3,0,0,0
205700.0,447200.0,25930.0,-21676,-1127,2,0,3,3,3,0,2,0,0,1
51600.0,227900.0,12380.0,-9741,-3167,2,1,0,3,1,0,2,0,0,0
218400.0,775600.0,44620.0,-8324,-1383,4,0,1,0,3,0,3,0,1,1
283000.0,823800.0,37490.0,-16276,-2989,2,0,3,0,4,0,2,0,1,0
113800.0,407600.0,22510.0,-20512,-2890,2,0,0,0,1,0,2,1,1,0
186400.0,367300.0,22440.0,-12309,-532,2,0,1,0,3,0,1,0,0,1
200000.0,811000.0,50890.0,-15967,-939,5,0,3,3,1,0,1,0,0,1
176200.0,714800.0,35040.0,-11612,-687,1,0,0,3,1,3,2,1,1,1
340700.0,1357000.0,92050.0,-15715,-413,2,0,3,3,3,0,2,0,0,1
108100.0,483600.0,22240.0,-18756,-595,1,0,3,2,1,0,3,0,0,0
89700.0,355800.0,19930.0,-12898,-1399,2,1,3,0,1,0,3,0,0,1
149900.0,292800.0,17590.0,-9195,-515,2,0,0,3,1,0,1,0,0,1
78600.0,147500.0,9310.0,-19171,-147,1,0,3,3,0,0,3,0,1,1
69900.0,277800.0,15820.0,-15102,-193,2,0,3,0,1,0,1,0,0,0
105800.0,268500.0,11730.0,-8548,-265,2,0,3,3,1,0,3,1,0,1
98000.0,246500.0,12770.0,-16693,-173,4,0,3,3,1,0,2,0,1,1
204000.0,418600.0,21260.0,-13170,-4061,2,0,3,3,1,0,2,0,0,1
293200.0,897900.0,50240.0,-12061,-3991,2,0,0,3,1,0,2,1,0,1
162100.0,483700.0,21490.0,-20958,-3732,3,0,0,3,0,0,2,1,0,1
202800.0,685000.0,30000.0,-21544,-1506,1,0,3,3,2,0,3,0,1,1
156500.0,589700.0,28330.0,-12794,-2437,2,0,3,0,4,0,2,0,0,1
160900.0,712400.0,33720.0,-19354,-2458,3,0,3,3,1,3,1,0,0,1
322800.0,724700.0,35710.0,-21273,-2567,4,0,0,1,3,0,2,0,0,1
89000.0,236100.0,10390.0,-22285,-492,2,0,3,3,1,0,2,0,1,1
249000.0,577300.0,35790.0,-15275,-41,4,0,1,3,1,0,2,0,0,1
117500.0,450400.0,28070.0,-13008,-562,2,0,2,3,1,0,2,0,1,1
45000.0,194800.0,9390.0,-21772,-2272,2,0,3,3,1,0,1,1,0,0
113200.0,362200.0,15920.0,-13987,-2042,1,0,3,3,1,0,2,0,0,0
103000.0,188900.0,9150.0,-10952,-1424,2,0,2,3,3,2,3,0,0,1
459900.0,1339700.0,67000.0,-22903,-118,1,0,3,3,0,0,2,0,1,1
52500.0,217600.0,14300.0,-18255,-466,1,0,0,3,1,0,3,1,0,0
219300.0,923800.0,51390.0,-11663,-1928,3,0,3,3,1,0,3,0,1,1
156700.0,397500.0,21760.0,-13287,-266,2,0,1,0,1,0,3,0,0,1
78800.0,180000.0,10850.0,-14480,-131,2,1,0,0,1,0,2,1,1,1
185100.0,621900.0,28400.0,-20211,-601,2,1,0,3,1,0,3,1,0,0
149200.0,639700.0,30080.0,-15866,-3125,3,0,1,3,1,0,2,0,1,1
293300.0,1005200.0,55000.0,-8844,-1605,3,0,3,3,1,3,3,0,0,1
68900.0,279800.0,16880.0,-20071,-1605,2,0,1,3,1,0,1,0,0,0
146700.0,523100.0,35440.0,-15705,-44,2,1,3,3,1,0,3,0,0,1
233800.0,1014100.0,46990.0,-21594,-3645,3,0,3,3,3,0,2,0,0,1
222600.0,580500.0,32460.0,-21798,-1709,2,0,3,0,4,0,2,1,1,1
295300.0,1215500.0,76400.0,-12618,-1898,2,0,1,0,3,0,2,0,0,1
102700.0,226100.0,15000.0,-7751,-1176,2,0,1,3,4,0,2,0,1,0
128900.0,372900.0,23560.0,-16592,-1940,2,0,0,0,4,2,1,1,0,1
120600.0,242500.0,11280.0,-22736,-2201,3,0,1,3,4,0,2,0,0,1
70400.0,211600.0,11620.0,-16454,-3115,2,0,3,3,1,0,2,1,0,1
201800.0,744800.0,35970.0,-12528,-1649,2,0,3,0,3,0,2,0,0,0
190400.0,658300.0,30650.0,-16547,-1914,2,0,3,0,0,0,2,0,0,0
373600.0,763800.0,38140.0,-10620,-1155,4,0,3,0,1,0,2,0,1,0
514800.0,1159400.0,77660.0,-13886,-2574,2,0,0,3,2,0,2,1,1,1
50000.0,106300.0,6110.0,-9668,-391,1,0,1,0,0,0,1,0,0,1
139200.0,412800.0,23620.0,-18737,-11615,3,0,1,3,2,0,2,0,0,0
261600.0,1145000.0,64860.0,-7875,-137,3,0,3,3,2,0,2,0,1,1
107800.0,237900.0,11760.0,-8260,-1685,2,0,0,3,1,0,2,0,1,0
139100.0,400100.0,18220.0,-21249,-564,5,0,3,3,1,0,2,1,0,0
162500.0,462100.0,20260.0,-10505,-1388,2,0,3,0,0,0,2,0,1,1
144300.0,518500.0,22030.0,-9092,-2517,2,0,3,3,1,0,2,1,0,1
118500.0,501300.0,23070.0,-20353,-1975,1,0,2,2,1,0,3,0,0,1
147800.0,541600.0,25990.0,-9558,-1992,2,0,1,3,1,0,2,0,0,0
192700.0,810100.0,42960.0,-20697,-1593,5,0,1,0,1,0,2,0,0,0
304800.0,1270800.0,85790.0,-12872,-475,2,0,3,3,1,0,2,0,0,1
130800.0,281200.0,15560.0,-11344,-594,2,0,1,3,1,1,2,0,1,1
301300.0,827200.0,40070.0,-8433,-1859,2,0,3,3,1,0,3,0,0,1
191200.0,729700.0,33660.0,-14580,-177,2,0,3,3,1,0,2,0,1,1
111100.0,284900.0,14270.0,-12581,-6007,3,0,0,3,1,0,2,1,0,1
193700.0,812700.0,38810.0,-20583,-121,4,0,3,3,1,0,3,0,0,0
234300.0,1046300.0,60590.0,-16860,-1231,2,0,1,0,1,0,3,0,0,0
111300.0,261700.0,14620.0,-18963,-242,4,0,3,3,3,0,2,0,1,1
139600.0,598100.0,32310.0,-21464,-1342,1,0,3,3,3,0,2,0,0,1
104800.0,416000.0,27110.0,-8671,-234,2,0,1,3,3,0,2,0,0,1
236400.0,614800.0,31350.0,-17528,-105,2,0,3,0,1,0,2,0,0,1
246100.0,524100.0,32950.0,-23548,-4595,2,0,3,3,1,0,2,0,0,0
133600.0,386000.0,25550.0,-13875,-1092,3,0,0,3,1,0,2,0,0,1
232500.0,815300.0,52630.0,-22507,-1623,3,0,2,3,1,0,2,1,0,1
248700.0,775100.0,34590.0,-10986,-1247,2,0,1,0,1,0,2,0,0,1
197300.0,565400.0,38390.0,-10800,-1017,5,0,3,3,1,0,3,0,0,0
146900.0,439400.0,22930.0,-21268,-2462,3,0,3,3,1,0,2,0,1,1
121900.0,444500.0,22350.0,-17849,-1098,4,0,2,3,1,0,2,0,0,1
133400.0,248800.0,14820.0,-16405,-1000,2,0,0,0,1,0,2,0,0,1
159400.0,407700.0,17870.0,-8117,-1543,2,0,3,3,0,0,2,0,0,0
287100.0,567200.0,32880.0,-15733,-1478,1,0,2,0,1,1,2,0,1,1
98600.0,225300.0,15000.0,-21910,-1809,3,0,3,0,3,0,1,0,1,1
466000.0,1608900.0,106930.0,-20705,-195,1,0,3,3,1,0,2,1,1,1
193400.0,620400.0,32330.0,-22828,-36,2,0,3,0,1,3,1,0,0,0
173700.0,702300.0,36130.0,-18018,-861,2,0,0,2,1,0,2,1,0,1
539700.0,1334700.0,78190.0,-16773,-3521,2,0,1,3,1,0,1,0,1,1
94200.0,273200.0,14220.0,-10268,-2064,1,0,3,3,1,0,2,0,0,0
167000.0,691100.0,40840.0,-21191,-2171,2,0,2,3,1,3,2,1,0,1
209800.0,580600.0,28810.0,-20649,-423,2,0,2,3,2,0,1,0,0,0
221700.0,789000.0,39980.0,-23476,-1781,2,0,2,3,1,0,2,0,1,1
116000.0,408100.0,22580.0,-21708,-791,2,0,3,3,4,0,2,0,0,0
139500.0,389400.0,19570.0,-13262,-6687,2,0,1,3,1,0,3,0,0,0
163000.0,394000.0,16800.0,-15719,-3379,1,0,0,3,1,0,2,0,0,1
284600.0,1159500.0,66360.0,-17774,-4791,1,1,0,3,1,0,3,1,0,0
120300.0,229900.0,9910.0,-22732,-880,1,0,0,3,3,0,2,0,1,1
174300.0,410700.0,18650.0,-7865,-1087,2,0,1,3,1,0,2,0,0,0
138200.0,343400.0,19240.0,-9377,-895,2,1,2,3,3,0,1,1,0,1
286200.0,1247400.0,56210.0,-7957,-1383,3,0,3,0,1,0,3,0,0,1
298800.0,1250800.0,74440.0,-16340,-1441,2,0,1,3,0,0,3,0,1,0
159000.0,706400.0,46890.0,-14200,-949,3,0,3,3,1,0,1,0,0,1
190200.0,625200.0,28070.0,-20370,-2664,3,0,3,0,0,0,2,0,0,1
128600.0,512100.0,29990.0,-13228,-5021,2,0,0,3,1,0,1,1,0,1
495200.0,1882400.0,90770.0,-18560,-521,3,0,3,0,1,0,1,0,0,1
151400.0,581500.0,34260.0,-12386,-2326,2,0,3,3,2,0,3,0,1,1
194000.0,353400.0,23080.0,-9719,-3144,4,1,1,3,1,0,2,0,0,0
143600.0,607900.0,27750.0,-19537,-1224,1,0,0,0,0,0,2,0,0,0
80000.0,296200.0,18320.0,-16225,-1770,2,0,1,0,1,0,2,1,0,1
132100.0,342500.0,15430.0,-8184,-426,2,0,3,3,1,0,2,1,1,0
200000.0,756900.0,33890.0,-14891,-65,2,0,1,3,1,0,2,0,0,1
79600.0,324800.0,21050.0,-23241,-1556,2,0,3,3,3,1,2,0,0,1
197500.0,684300.0,29580.0,-14493,-1602,1,0,0,3,1,0,3,0,1,1
128800.0,245700.0,12760.0,-8444,-206,3,0,0,3,1,0,3,1,0,0
85300.0,279100.0,18170.0,-12591,-2177,1,0,0,3,1,0,3,0,0,1
173100.0,455200.0,21690.0,-16184,-2302,1,1,3,3,3,0,2,0,0,1
152900.0,445200.0,21910.0,-15912,-3603,1,0,3,0,1,0,1,0,0,1
166300.0,430400.0,20800.0,-11013,-1790,1,0,3,3,1,0,2,0,1,0
47400.0,157400.0,6920.0,-19886,-664,2,0,2,3,3,0,2,0,0,1
232700.0,778300.0,42110.0,-16102,-3719,2,0,0,1,1,0,2,0,1,1
141200.0,570400.0,36120.0,-13514,-694,2,0,3,0,1,0,2,1,0,0
78500.0,333900.0,14550.0,-16420,-36,1,0,0,3,1,0,3,0,1,1
59500.0,194900.0,9780.0,-19706,-1676,2,0,3,3,1,0,3,0,0,1
57900.0,119600.0,6760.0,-21664,-3318,2,0,3,3,1,1,2,0,0,1
75500.0,136300.0,7310.0,-20368,-2265,4,0,1,3,1,0,2,0,0,0
189600.0,819000.0,49010.0,-8803,-2229,2,0,0,3,1,0,1,0,1,1
95300.0,210800.0,11120.0,-16030,-2984,2,0,0,0,1,0,2,0,0,1
138100.0,359800.0,21160.0,-21245,-3414,1,1,0,3,1,3,1,1,1,0
401600.0,1574000.0,87940.0,-13344,-3801,1,0,3,3,1,0,2,1,1,1
90200.0,175100.0,11100.0,-18657,-82,2,0,3,0,1,0,2,0,0,1
180100.0,597700.0,32530.0,-23344,-1702,2,0,2,0,3,0,3,0,1,1
120600.0,467400.0,24170.0,-14578,-909,1,0,0,3,1,0,2,0,1,1
208400.0,667100.0,39770.0,-16523,-1152,3,0,1,3,3,0,1,0,0,1
160400.0,662500.0,41650.0,-21664,-862,1,0,3,0,3,0,2,0,0,1
181100.0,799200.0,41960.0,-9647,-339,1,0,0,3,1,0,2,1,1,0
139200.0,286200.0,18490.0,-15840,-803,3,0,3,3,2,0,3,0,1,1
255300.0,685600.0,46300.0,-14778,-482,3,0,1,0,1,1,2,1,0,1
111600.0,476900.0,23510.0,-8125,-1551,2,1,3,3,0,0,2,0,0,1
81600.0,263000.0,12140.0,-20129,-984,1,0,0,3,3,3,2,0,0,1
129100.0,461400.0,28790.0,-13679,-65,2,0,1,3,1,0,3,0,0,1
144100.0,319400.0,21280.0,-16564,-2010,2,0,3,3,1,0,1,1,1,1
115300.0,409200.0,20560.0,-12643,-5455,2,0,0,3,3,0,2,0,1,1
158800.0,559100.0,35450.0,-17832,-6141,1,0,3,3,3,2,2,0,0,0
340700.0,1330800.0,85570.0,-15131,-1145,2,0,1,3,1,0,2,0,1,1
149700.0,582700.0,34800.0,-10914,-2064,3,1,3,0,1,0,2,0,1,1
73700.0,243100.0,15930.0,-9086,-2512,3,0,2,0,3,0,2,0,0,0
72000.0,301300.0,14980.0,-18383,-612,2,0,0,1,1,0,1,0,0,1
118200.0,228400.0,11540.0,-15319,-314,2,0,3,3,1,0,1,0,1,1
91500.0,380300.0,20240.0,-12719,-3385,2,0,3,3,1,0,2,1,0,0
88600.0,214700.0,12180.0,-15457,-2644,2,0,1,0,0,0,2,0,0,1
137800.0,255100.0,13530.0,-20256,-2745,2,0,2,0,1,1,3,0,0,1
91600.0,218300.0,13960.0,-18246,-1776,2,0,2,3,1,3,2,0,0,1
118600.0,342100.0,22360.0,-21709,-636,3,0,2,3,1,0,2,1,1,0
120900.0,273800.0,12540.0,-20596,-2466,2,0,0,3,1,0,2,0,0,0
131200.0,437000.0,22510.0,-12459,-2669,3,0,3,0,1,0,1,0,0,1
160600.0,307300.0,19940.0,-20801,-4866,2,1,3,0,0,0,2,0,0,0
121900.0,425100.0,27260.0,-22453,-60,3,0,0,3,1,0,2,0,1,1
241300.0,995700.0,54140.0,-15086,-74,2,1,3,3,1,0,2,0,1,1
69500.0,179300.0,7840.0,-21548,-1416,3,0,1,0,1,0,3,0,1,0
301300.0,1208700.0,75090.0,-22970,-2050,3,0,1,0,1,0,1,0,0,0
87000.0,234800.0,11920.0,-20477,-4853,1,0,3,1,3,0,2,0,0,0
98500.0,269000.0,17370.0,-21455,-1952,2,0,1,0,0,0,2,1,1,1
280300.0,800100.0,46530.0,-12714,-1231,2,0,3,3,3,0,2,1,1,1
132300.0,437500.0,23420.0,-8122,-625,2,0,3,0,1,0,1,0,1,0
102400.0,274100.0,18350.0,-18992,-945,2,0,1,2,2,0,2,0,1,0
277000.0,1013700.0,55720.0,-20689,-36,2,0,3,3,1,0,2,1,0,0
153300.0,671400.0,31660.0,-23677,-579,3,0,1,3,1,0,2,0,1,1
90200.0,336300.0,17490.0,-20882,-3105,2,0,0,3,1,0,1,0,0,1
146700.0,349000.0,17600.0,-20171,-306,1,0,3,3,1,0,2,0,1,0
112800.0,287500.0,18950.0,-10413,-1890,5,0,3,0,1,0,2,0,0,0
140900.0,595500.0,29740.0,-8229,-1421,2,0,2,0,1,0,2,1,0,1
145500.0,469100.0,31710.0,-18230,-2714,2,0,0,0,1,0,2,1,0,1
164400.0,463600.0,27170.0,-19599,-557,2,0,0,3,1,1,2,0,0,0
51400.0,223400.0,10860.0,-13745,-4168,2,0,3,0,1,0,2,0,0,1
122600.0,457000.0,25570.0,-20952,-2304,4,0,1,3,1,0,2,1,1,1
167500.0,674600.0,44720.0,-10569,-1202,2,0,3,3,1,0,2,0,0,0
188100.0,624700.0,28260.0,-15909,-1468,1,0,3,3,1,0,2,0,0,0
233400.0,942100.0,40430.0,-23015,-572,3,0,3,3,1,3,2,0,1,1
134800.0,324300.0,15610.0,-9165,-1965,2,0,0,0,4,0,3,1,1,1
114700.0,264500.0,17740.0,-20217,-119,1,0,0,3,1,0,2,1,0,0
180900.0,628900.0,36430.0,-11829,-1915,4,0,3,3,1,0,2,0,0,0
97900.0,205900.0,13620.0,-23232,-592,3,0,3,3,1,0,2,0,1,1
107100.0,237000.0,14410.0,-20684,-2323,1,0,3,3,1,0,1,0,0,0
97300.0,325100.0,16420.0,-12436,-1574,3,0,3,3,3,3,3,0,0,1
60800.0,272600.0,18030.0,-19504,-36,2,0,3,3,1,0,3,1,0,1
233600.0,720200.0,43590.0,-17584,-1101,2,0,3,3,1,0,2,0,0,0
196500.0,861400.0,44170.0,-15414,-2300,2,0,3,3,1,0,2,0,0,0
179200.0,784200.0,35530.0,-22856,-4314,1,0,3,0,0,1,2,0,0,1
84300.0,286000.0,18840.0,-20289,-1415,2,0,0,0,1,0,2,0,1,1
120600.0,400500.0,19380.0,-20491,-2563,2,0,0,0,0,0,2,1,0,0
151100.0,445500.0,27840.0,-13512,-6265,1,0,3,3,1,0,1,1,0,1
310800.0,748500.0,43580.0,-11055,-103,4,0,3,3,1,0,2,0,0,1
72800.0,240500.0,10450.0,-20997,-1674,3,0,0,3,1,0,1,0,0,0
141300.0,278000.0,11810.0,-18774,-281,3,0,3,0,0,0,3,0,0,1
175300.0,458800.0,29600.0,-12018,-4099,5,0,3,3,4,0,2,0,1,1
122000.0,436000.0,22840.0,-10180,-1465,1,0,0,3,0,0,2,0,0,1
212400.0,506500.0,27400.0,-13776,-1521,3,0,1,3,1,0,3,0,0,1
242200.0,468500.0,23140.0,-9555,-165,1,0,0,3,1,0,2,0,1,1
156000.0,311100.0,13740.0,-20758,-3761,4,0,3,3,0,0,2,0,0,1
256600.0,827700.0,48600.0,-23731,-877,2,0,3,3,1,0,2,0,1,1
178500.0,729700.0,32310.0,-13167,-521,1,0,3,3,1,0,3,0,0,0
154700.0,373400.0,17740.0,-18731,-475,2,0,2,3,1,0,3,0,1,1
88100.0,306100.0,15790.0,-13385,-1221,1,0,0,2,4,0,2,0,0,1
85100.0,312500.0,14410.0,-15986,-1886,2,0,1,0,2,0,1,0,1,1
185000.0,606500.0,26660.0,-11833,-5258,1,0,2,0,1,0,2,0,1,1
103000.0,407400.0,27460.0,-9011,-476,1,0,0,3,1,3,2,0,1,0
266700.0,608400.0,34630.0,-18815,-268,2,0,3,3,1,0,3,0,0,0
76400.0,313000.0,15060.0,-10924,-917,2,0,0,3,1,0,3,0,1,0
154200.0,299000.0,13980.0,-20975,-1152,3,0,1,3,1,0,3,0,1,1
153700.0,650100.0,33090.0,-14075,-2798,1,0,3,1,1,0,2,0,1,1
217500.0,919300.0,51660.0,-8895,-82,2,0,3,0,0,0,2,0,0,0
93600.0,245600.0,11480.0,-10879,-3612,3,0,1,0,1,0,3,0,0,0
162900.0,391500.0,19550.0,-11423,-2199,4,0,3,3,1,0,2,0,0,1
116500.0,342300.0,18250.0,-13098,-2001,5,0,0,3,2,0,1,0,0,1
113500.0,272200.0,12040.0,-21559,-1466,1,0,1,3,1,0,2,0,1,1
191900.0,499600.0,28520.0,-15170,-1195,1,0,3,3,3,0,2,0,0,1
181400.0,336700.0,19000.0,-8889,-2314,2,0,3,3,1,0,2,0,0,0
356900.0,1580400.0,68770.0,-23161,-3257,1,0,3,0,0,0,2,0,0,1
144200.0,430900.0,23980.0,-11680,-2975,2,0,3,0,1,0,1,0,0,1
174200.0,355600.0,17380.0,-23154,-1445,1,0,0,3,1,0,2,1,1,1
98200.0,400300.0,24570.0,-8301,-1726,2,0,3,0,1,0,3,0,0,0
130600.0,244800.0,13680.0,-17495,-410,1,0,3,3,1,0,3,0,1,0
150900.0,479100.0,25200.0,-22792,-2065,4,0,3,0,1,0,1,0,1,1
189400.0,751200.0,47960.0,-15625,-1158,3,0,3,1,1,0,3,0,1,1
274600.0,969300.0,43450.0,-8249,-1674,2,0,3,3,1,3,2,0,0,0
211100.0,423600.0,21240.0,-8633,-2059,1,1,3,3,1,2,2,0,0,0
83800.0,296900.0,19030.0,-19327,-2686,1,0,3,3,1,0,2,0,0,1
138300.0,583300.0,33060.0,-14278,-2443,2,0,1,0,3,0,2,0,0,1
199200.0,489700.0,25170.0,-21777,-6712,5,0,3,0,1,0,2,0,1,0
276200.0,1014000.0,63600.0,-11560,-327,2,0,3,3,1,0,2,0,1,0
139500.0,499700.0,27030.0,-18616,-5403,2,0,3,1,3,0,1,0,1,0
273000.0,1060900.0,60570.0,-11480,-1789,2,0,3,3,3,0,2,0,0,1
242100.0,986800.0,49460.0,-15074,-2523,5,0,1,3,1,0,2,0,0,0
178200.0,691400.0,36450.0,-13350,-3439,2,0,0,3,3,0,2,0,0,0
142100.0,264500.0,17360.0,-20487,-1635,2,0,3,3,1,0,2,0,0,1
131000.0,552000.0,24510.0,-23440,-3870,2,1,3,0,1,1,3,0,0,1
316500.0,943800.0,58480.0,-15811,-1751,1,0,1,3,1,0,2,1,0,0
153300.0,623300.0,38650.0,-8047,-636,5,0,1,3,1,0,2,0,0,0
159200.0,329500.0,15660.0,-10956,-1580,2,0,1,3,1,0,2,0,0,0
68000.0,271400.0,12150.0,-19523,-249,1,0,3,0,2,0,2,0,0,0
161200.0,371600.0,24050.0,-10490,-2359,1,1,0,3,2,0,2,0,0,1
45000.0,133600.0,7040.0,-12560,-36,4,0,3,3,1,0,2,0,1,1
128100.0,282300.0,13790.0,-22165,-609,3,0,0,0,1,0,2,0,0,1
101300.0,187300.0,7970.0,-18052,-2187,2,1,1,3,3,0,2,0,1,1
90900.0,272900.0,13580.0,-22597,-3980,1,0,3,0,1,0,2,0,0,1
240000.0,680100.0,38140.0,-20139,-1388,2,0,1,3,1,0,1,1,0,0
203900.0,471100.0,26530.0,-11538,-1238,4,0,3,3,0,0,2,0,0,1
73200.0,143400.0,6800.0,-11194,-2136,3,0,3,3,1,0,2,1,0,1
141600.0,364000.0,21200.0,-17526,-916,5,0,3,3,1,0,2,0,1,1
160300.0,487100.0,26600.0,-17368,-872,1,0,1,3,1,0,2,0,1,1
278300.0,786600.0,50010.0,-9385,-513,1,0,1,0,1,0,2,0,1,1
132700.0,554500.0,24970.0,-17831,-270,4,0,3,3,1,0,3,0,1,1
105700.0,203500.0,13380.0,-22652,-7787,2,0,0,0,4,0,2,0,0,1
229500.0,988000.0,58730.0,-21093,-3666,3,0,3,3,0,0,2,0,0,1
136300.0,371300.0,17140.0,-23659,-2381,2,0,0,3,1,0,2,0,1,1
110500.0,306300.0,17980.0,-11403,-355,2,0,2,3,3,0,2,1,0,1
297900.0,1296900.0,73030.0,-7993,-1419,2,0,3,3,1,0,2,0,0,1
198300.0,430200.0,23800.0,-18301,-1381,2,0,3,3,1,0,2,1,0,1
109400.0,223900.0,10130.0,-13989,-5299,1,0,3,3,3,0,2,0,1,0
145100.0,474600.0,30710.0,-18650,-3028,2,0,1,0,3,0,3,0,1,1
161000.0,556800.0,34940.0,-10334,-166,2,0,3,0,0,0,2,1,1,0
161200.0,410300.0,25640.0,-20528,-2094,1,0,2,3,0,0,1,0,0,1
254000.0,537600.0,31650.0,-20843,-1828,1,0,3,3,1,0,2,0,0,0
148100.0,641400.0,34640.0,-14887,-1324,1,0,2,3,4,0,3,0,0,1
96900.0,275800.0,11890.0,-8500,-1870,3,0,0,2,3,0,2,0,0,1
163400.0,648700.0,35890.0,-10577,-3717,4,0,1,0,1,0,2,0,1,1
148700.0,300300.0,18000.0,-17327,-4590,2,1,3,0,0,0,1,0,1,1
172100.0,472200.0,29650.0,-11005,-3301,1,0,3,0,0,0,1,0,0,1
247800.0,699400.0,30400.0,-9814,-561,3,0,0,0,2,0,2,0,0,1
145700.0,324600.0,21010.0,-22787,-3007,2,0,1,3,1,0,2,0,0,0
218000.0,749500.0,47690.0,-15393,-2388,2,0,0,3,4,0,1,0,0,1
187500.0,470200.0,27860.0,-8609,-971,4,0,0,3,1,0,3,0,1,0
256300.0,1152800.0,60820.0,-14301,-4206,1,0,3,3,1,0,2,0,1,1
258600.0,992300.0,63960.0,-18045,-1870,2,0,3,3,1,0,3,1,0,1
169700.0,419900.0,28190.0,-16762,-860,1,0,1,3,2,0,3,0,1,1
499300.0,1791300.0,97360.0,-9749,-2459,2,0,3,3,0,0,2,0,1,1
92100.0,202600.0,8830.0,-15743,-3579,5,0,3,3,1,2,2,0,1,1
167300.0,435900.0,22760.0,-15566,-1104,2,0,3,3,1,0,1,0,0,1
215000.0,395300.0,24030.0,-11529,-1417,1,0,1,3,1,0,3,1,0,0
203400.0,651300.0,29850.0,-19506,-1277,1,0,0,0,1,0,3,0,0,1
160700.0,636300.0,33880.0,-9815,-280,2,0,3,3,1,0,2,0,0,1
159300.0,621500.0,31870.0,-23067,-2341,2,0,3,0,0,0,2,0,0,1
173400.0,743400.0,43910.0,-10867,-3147,1,0,0,3,4,0,2,0,0,1
304700.0,681700.0,31420.0,-9327,-1537,2,0,1,3,1,0,2,1,1,1
70200.0,277600.0,14710.0,-21681,-1040,1,1,3,0,1,0,2,0,1,1
99100.0,220300.0,9880.0,-7893,-243,1,0,1,0,3,0,2,0,1,0
292100.0,728000.0,43060.0,-11005,-2153,1,0,1,0,1,0,2,0,0,0
98700.0,256000.0,16670.0,-13057,-677,2,0,3,3,1,0,3,0,0,0
124400.0,259800.0,14850.0,-9196,-405,3,0,3,3,1,0,2,0,0,1
238700.0,521000.0,33150.0,-14359,-36,4,0,0,0,0,3,1,0,0,0
294300.0,1179600.0,79230.0,-17202,-3769,2,0,3,3,3,0,2,0,0,1
88100.0,201100.0,12600.0,-23034,-1447,2,0,1,3,3,0,1,0,0,1
72800.0,288000.0,14580.0,-9059,-2485,2,0,1,0,0,0,2,0,1,1
81000.0,229400.0,14950.0,-15763,-1485,2,0,0,3,1,0,2,0,0,1
92300.0,252400.0,11090.0,-11802,-4394,2,0,0,3,1,0,2,1,1,1
281900.0,1134500.0,50610.0,-20987,-3069,1,0,0,3,1,0,1,1,1,1
338500.0,739200.0,48540.0,-23205,-2764,2,0,3,0,1,0,2,0,0,1
156700.0,514700.0,32350.0,-12722,-2966,3,0,1,3,1,3,2,0,1,1
268600.0,1156800.0,72480.0,-18013,-2525,2,0,1,3,1,0,1,0,0,1
129700.0,551100.0,32490.0,-12768,-6194,3,0,3,3,1,0,3,0,0,1
154000.0,599300.0,27410.0,-8645,-508,3,0,1,0,1,0,2,0,1,0
113600.0,325500.0,17220.0,-22987,-2840,1,0,1,3,1,0,2,0,1,1
132100.0,591800.0,26780.0,-16361,-526,2,0,0,3,3,0,3,0,0,1
135600.0,447800.0,19430.0,-15832,-7124,2,0,2,1,1,1,3,0,0,1
98900.0,395800.0,20870.0,-13235,-5402,2,0,2,0,0,0,1,0,0,1
259200.0,489900.0,22780.0,-15606,-4185,1,0,3,3,3,0,2,0,0,1
54800.0,137100.0,9150.0,-11345,-559,3,0,1,3,1,0,3,0,1,1
266300.0,1188000.0,65530.0,-22570,-638,3,0,3,3,1,0,3,0,0,0
187400.0,690900.0,41590.0,-11801,-443,2,0,0,3,0,0,2,0,1,0
187200.0,435000.0,23840.0,-17599,-2980,2,1,0,3,1,0,2,0,0,0
75700.0,211000.0,11240.0,-10108,-1939,2,0,0,3,4,0,2,0,1,1
125200.0,299600.0,18270.0,-16278,-2465,2,0,1,3,1,0,2,0,1,0
474600.0,1856800.0,107380.0,-18847,-2393,4,0,0,3,1,3,3,0,0,0
118600.0,257600.0,14820.0,-16695,-1260,2,0,0,3,1,0,2,1,0,0
172700.0,558800.0,30430.0,-15465,-1214,2,1,3,3,3,0,1,0,1,1
222800.0,787200.0,35930.0,-7685,-1110,2,0,0,3,4,0,2,0,1,1
242700.0,489200.0,24710.0,-20576,-270,4,1,3,3,1,0,2,0,0,1
199200.0,427100.0,28150.0,-15789,-837,2,0,0,3,4,0,2,1,0,1
215100.0,687100.0,44640.0,-7800,-1226,2,0,3,3,1,0,2,0,0,0
72400.0,274300.0,14210.0,-12850,-2034,2,0,3,3,3,0,2,0,1,0
64200.0,187400.0,12540.0,-13833,-4653,1,1,3,0,3,0,3,0,1,1
146700.0,610100.0,35880.0,-21183,-1832,1,0,3,3,1,0,2,0,0,1
173400.0,439300.0,21400.0,-13178,-1208,1,1,0,3,1,0,2,0,1,1
66200.0,209800.0,10870.0,-17824,-123,3,0,3,3,2,0,2,0,1,1
117800.0,395100.0,24470.0,-23189,-2278,2,0,3,0,1,0,2,0,0,1
84100.0,193100.0,9280.0,-23554,-1038,2,0,0,3,1,0,1,0,0,1
321000.0,1341300.0,76440.0,-17833,-1576,3,0,3,3,1,0,2,0,0,0
120400.0,470000.0,31430.0,-20901,-805,2,0,3,3,1,0,2,0,1,1
74900.0,197600.0,11760.0,-21524,-540,3,0,3,0,3,0,2,0,1,1
175600.0,461800.0,19640.0,-23442,-1093,2,0,3,3,4,0,2,0,0,0
311100.0,693900.0,29910.0,-18666,-2643,2,0,3,3,1,0,1,0,1,0
133500.0,266200.0,13980.0,-18117,-226,2,0,3,0,1,0,2,0,0,1
133900.0,293500.0,15800.0,-15426,-1673,2,0,3,3,1,0,2,0,0,0
111000.0,467200.0,24330.0,-11225,-352,2,0,3,0,1,0,3,0,1,1
197400.0,465800.0,29890.0,-22006,-713,2,0,3,1,1,0,2,1,0,1
255200.0,614000.0,30980.0,-22647,-69,3,0,3,3,3,0,1,0,0,0
157600.0,631500.0,32900.0,-16476,-505,4,0,3,3,1,3,3,0,0,1
151200.0,532000.0,34850.0,-14275,-3466,3,0,3,3,1,0,2,0,0,1
121200.0,440500.0,28510.0,-16572,-1979,1,0,0,3,1,0,2,0,0,1
83300.0,332400.0,21280.0,-19232,-1378,4,0,3,3,1,0,2,1,0,1
125800.0,494500.0,29280.0,-20816,-2301,4,0,3,3,1,0,1,0,1,1
196800.0,559500.0,23690.0,-14067,-7493,1,0,3,3,1,1,2,0,1,1
255400.0,967800.0,64550.0,-18888,-616,3,0,3,3,1,0,1,0,0,0
73700.0,200100.0,8980.0,-21566,-377,3,0,3,3,1,3,2,0,0,1
126400.0,422000.0,27430.0,-10363,-1411,2,0,3,3,1,0,1,0,0,1
227700.0,760400.0,41470.0,-21959,-217,2,0,3,3,2,0,3,0,0,1
57300.0,214300.0,12480.0,-22049,-198,2,0,1,3,1,0,3,0,1,1
112100.0,293500.0,13310.0,-7965,-452,1,0,2,1,0,0,1,0,1,1
168400.0,653400.0,44290.0,-14009,-3479,3,0,0,3,1,0,2,0,0,1
174900.0,625700.0,31980.0,-10245,-1559,2,0,3,3,1,0,2,0,0,0
133700.0,396300.0,25920.0,-21493,-2825,1,1,1,3,1,0,2,0,1,0
109700.0,491300.0,30030.0,-18723,-2697,1,0,3,3,1,0,2,0,0,1
155000.0,583100.0,33190.0,-14265,-134,2,0,1,3,3,0,2,0,1,1
138600.0,300900.0,14100.0,-15306,-194,2,0,0,3,1,0,1,0,1,1
119500.0,294700.0,14110.0,-11889,-1609,2,1,3,3,1,0,2,0,1,0
145400.0,462300.0,29630.0,-7828,-1253,3,1,3,0,2,1,2,0,0,1
172300.0,416700.0,22310.0,-17026,-858,4,0,0,3,1,2,2,0,0,1
126200.0,498500.0,24460.0,-18583,-36,3,0,3,3,1,0,3,0,0,1
260700.0,618400.0,32030.0,-16147,-2240,2,0,1,1,1,0,1,1,0,0
45000.0,143800.0,7610.0,-7682,-166,2,0,1,3,3,0,3,0,0,0
62500.0,199300.0,13250.0,-20123,-1527,2,0,3,3,0,0,2,0,0,1
264700.0,1144900.0,65980.0,-16243,-674,3,0,3,3,2,0,3,0,1,1
96800.0,328200.0,16250.0,-23479,-813,2,0,0,3,1,2,2,0,1,1
159800.0,582900.0,37300.0,-9501,-155,3,0,1,3,3,1,1,1,0,1
151700.0,303300.0,18000.0,-21503,-4028,3,0,1,0,1,0,2,0,0,1
128800.0,493400.0,21480.0,-12135,-2342,1,0,3,3,3,0,2,1,0,0
349100.0,1146900.0,75610.0,-14459,-52,2,0,0,3,0,0,2,0,0,1
189200.0,540700.0,26040.0,-11951,-1842,2,0,1,0,1,2,1,0,1,1
163600.0,420700.0,19090.0,-12460,-538,3,0,2,3,1,0,2,1,0,0
213200.0,496500.0,21980.0,-17845,-1191,2,0,3,3,1,0,3,0,0,1
157800.0,609800.0,33080.0,-11168,-2725,2,1,0,3,1,0,3,0,0,1
156200.0,672700.0,37200.0,-12593,-645,5,0,1,3,4,0,2,0,0,1
124900.0,386600.0,17280.0,-17919,-2450,2,0,0,0,1,0,2,0,1,1
98700.0,237300.0,12650.0,-17523,-36,2,0,3,3,1,0,2,0,0,1
106300.0,424200.0,23140.0,-13996,-7421,3,0,3,3,0,0,2,0,1,1
315000.0,1245200.0,78600.0,-15143,-147,5,0,3,3,1,0,1,0,0,1
146300.0,326200.0,19540.0,-13435,-809,2,0,3,3,1,2,3,0,0,1
147700.0,547400.0,24650.0,-12435,-181,2,0,1,3,1,0,1,0,1,1
125200.0,378900.0,17200.0,-11514,-1267,3,0,3,3,1,0,1,1,1,1
156800.0,493600.0,28940.0,-20256,-588,2,0,0,3,3,0,2,0,0,1
68700.0,202500.0,11440.0,-23201,-811,2,0,0,3,4,1,2,0,0,1
119300.0,217300.0,10740.0,-14139,-1613,2,0,0,3,2,0,2,0,0,1
141100.0,598700.0,27270.0,-8657,-2083,3,1,1,0,3,0,3,1,0,1
158600.0,410200.0,23980.0,-10383,-172,2,0,3,3,1,0,2,0,0,1
227000.0,769700.0,43810.0,-17339,-4849,2,0,1,3,1,0,2,0,1,1
99200.0,307900.0,16660.0,-12743,-3932,1,0,3,2,1,3,1,1,1,1
137500.0,335900.0,22270.0,-13052,-3543,2,0,1,3,2,0,2,0,1,1
48800.0,172800.0,10030.0,-12046,-5472,2,0,3,3,1,0,2,0,0,1
160000.0,678900.0,38930.0,-12447,-2713,2,0,3,3,1,1,1,0,1,0
101100.0,281700.0,11850.0,-7880,-1306,1,0,0,3,3,0,2,0,0,0
817900.0,2368900.0,116060.0,-16967,-3137,2,0,3,3,1,0,2,0,1,1
129100.0,311100.0,15320.0,-14619,-2088,2,0,3,3,1,0,3,0,1,1
103500.0,265400.0,13520.0,-13624,-1202,2,1,3,3,0,0,3,0,0,1
499100.0,2045700.0,113180.0,-9985,-3411,4,0,1,3,1,2,2,1,0,0
86200.0,189500.0,12320.0,-12110,-5171,1,0,2,3,0,0,2,0,0,0
340900.0,701900.0,43450.0,-18776,-4695,5,0,3,0,1,0,2,0,0,1
310600.0,1203400.0,62160.0,-13242,-1730,1,0,3,3,3,0,2,1,1,0
179000.0,478600.0,30880.0,-17170,-384,2,0,0,3,1,0,1,0,0,1
104400.0,356900.0,18540.0,-20597,-838,5,0,3,1,0,0,2,0,0,1
239000.0,1052400.0,64600.0,-16020,-1386,2,0,0,3,1,0,2,0,1,0
68000.0,263800.0,14880.0,-14379,-823,1,0,1,3,1,0,1,0,1,1
202500.0,502200.0,29550.0,-17626,-56,3,0,3,3,3,0,2,0,0,1
184700.0,432500.0,26310.0,-12452,-3652,3,0,0,3,1,0,2,0,0,1
129000.0,491900.0,26490.0,-17647,-2731,2,0,1,0,3,0,2,0,1,1
70000.0,176100.0,9100.0,-13689,-1699,3,1,3,3,1,2,2,0,0,1
172400.0,525400.0,34580.0,-19888,-2000,2,0,3,3,1,0,2,0,1,0
169000.0,676100.0,45340.0,-15192,-875,4,0,2,1,1,0,2,0,0,1
220300.0,725100.0,49140.0,-16451,-712,4,0,2,3,1,0,2,0,0,1
125200.0,503700.0,24460.0,-11072,-3700,3,0,2,3,0,0,1,0,0,0
142700.0,438600.0,28100.0,-20969,-447,3,0,0,3,1,0,2,0,1,1
89900.0,181400.0,11800.0,-22082,-2471,3,1,1,3,3,0,2,0,0,0
230000.0,689000.0,38760.0,-18110,-1820,2,0,1,0,4,0,2,0,0,1
495400.0,1081100.0,73320.0,-14849,-1099,2,0,2,0,3,0,2,0,1,1
277700.0,935700.0,44740.0,-18856,-445,1,0,3,3,1,0,1,0,0,0
155100.0,654000.0,43320.0,-23420,-11379,1,0,1,0,1,0,3,1,0,1
155700.0,316800.0,16430.0,-20074,-153,4,0,0,3,1,0,2,0,0,0
162600.0,451200.0,30020.0,-10521,-633,2,0,3,3,4,1,2,0,0,1
231900.0,1031000.0,68080.0,-15220,-6013,3,0,3,3,3,0,2,0,0,0
107200.0,290700.0,17970.0,-22334,-328,3,0,0,3,1,0,2,0,1,1
392600.0,776900.0,38090.0,-18607,-102,2,0,3,3,0,0,2,0,0,1
79300.0,332300.0,15260.0,-20892,-1656,1,0,2,0,1,0,1,1,0,0
183000.0,444200.0,24050.0,-10301,-363,4,0,3,0,1,0,1,0,0,0
82300.0,358700.0,21960.0,-21171,-3122,3,0,0,3,0,0,2,0,1,1
101400.0,444600.0,23850.0,-22629,-3988,1,1,0,3,1,0,2,1,0,1
142700.0,281700.0,16850.0,-18109,-145,2,1,3,0,0,0,1,0,0,0
273900.0,606600.0,35640.0,-10600,-873,2,0,0,0,1,0,3,0,0,0
340500.0,1407100.0,92500.0,-11634,-4915,2,1,3,0,1,0,3,0,0,1
232500.0,702400.0,29760.0,-15164,-1335,1,0,3,3,0,0,3,0,1,0
123800.0,403900.0,26730.0,-14156,-1512,1,0,0,3,2,0,2,1,0,1
106700.0,279500.0,13430.0,-14463,-116,1,0,3,0,1,0,1,0,0,1
68400.0,219300.0,13740.0,-22976,-2752,3,0,0,0,3,0,3,0,1,1
61200.0,230000.0,13660.0,-9823,-2696,3,0,1,2,1,0,1,0,0,1
132600.0,467500.0,29920.0,-10676,-656,2,0,0,0,1,0,2,0,1,0
203700.0,749100.0,37510.0,-19002,-2869,1,0,0,3,1,0,3,0,1,1
68900.0,209500.0,10720.0,-13007,-107,1,1,3,3,3,0,2,0,0,0
121100.0,433600.0,22670.0,-8483,-246,1,0,2,3,4,0,2,0,0,1
93600.0,296300.0,17670.0,-19211,-2079,2,0,1,0,1,0,2,0,0,1
98900.0,229600.0,12590.0,-21811,-157,1,0,2,3,1,0,2,1,0,1
145500.0,351200.0,15630.0,-10813,-3726,2,0,0,0,1,0,2,0,0,0
243600.0,455300.0,24780.0,-13049,-5187,2,0,0,0,1,0,1,0,0,1
137000.0,257600.0,13070.0,-11219,-93,1,0,3,3,4,0,3,1,0,1
121400.0,258800.0,16350.0,-13733,-945,4,0,3,3,3,0,3,0,0,1
128700.0,361900.0,21470.0,-21932,-384,4,0,1,0,1,0,2,0,0,1
91700.0,189400.0,11100.0,-23734,-36,4,0,3,3,1,3,3,0,0,1
132100.0,422400.0,26820.0,-21310,-413,1,0,1,3,3,0,2,1,0,1
272800.0,1171800.0,62620.0,-17945,-1322,1,0,3,0,4,1,1,0,0,1
71000.0,165500.0,10670.0,-22152,-999,2,0,3,3,1,3,2,0,0,0
71600.0,265800.0,12970.0,-12416,-318,2,0,3,0,3,3,2,1,1,1
223900.0,637000.0,35150.0,-9422,-872,2,0,1,3,4,0,3,0,1,1
363200.0,1200700.0,54130.0,-14079,-2192,2,0,3,0,3,0,3,0,0,1
199200.0,456700.0,24910.0,-23489,-6076,1,0,1,3,0,0,1,0,0,1
219900.0,407800.0,20840.0,-16574,-3287,2,0,3,2,1,0,2,1,0,1
260600.0,502400.0,32110.0,-10420,-109,5,0,3,3,1,0,2,0,0,0
125200.0,465300.0,28350.0,-9235,-1250,2,0,3,0,1,0,2,0,0,1
248700.0,974800.0,64170.0,-17011,-542,2,0,3,0,4,0,3,0,0,1
45000.0,111200.0,4730.0,-10008,-515,3,0,0,3,1,0,3,0,1,1
184000.0,380400.0,22000.0,-15268,-767,2,1,0,3,1,0,2,1,0,1
68900.0,209100.0,10710.0,-11724,-3962,2,0,0,3,1,0,3,1,1,1
87700.0,368600.0,15780.0,-18856,-1705,4,0,3,3,1,0,2,0,0,1
128500.0,450700.0,20410.0,-23691,-3158,4,1,3,0,1,2,1,0,0,1
368500.0,1441300.0,83220.0,-12897,-6323,1,0,3,3,0,0,2,0,0,0
152400.0,520100.0,27460.0,-20382,-5882,2,0,3,0,1,0,2,0,0,1
124900.0,551800.0,36350.0,-9369,-734,3,0,3,3,1,0,1,1,0,1
115200.0,207900.0,9740.0,-10597,-4022,2,0,3,3,1,0,1,0,0,1
155200.0,676000.0,34300.0,-14390,-896,4,0,0,3,1,0,2,0,0,1
248400.0,978200.0,41150.0,-21167,-454,3,0,3,0,1,0,2,0,0,1
93800.0,323700.0,15700.0,-10422,-2270,2,0,3,0,1,0,2,0,1,1
222400.0,421600.0,25260.0,-15550,-2110,2,0,0,3,1,0,2,1,1,0
250500.0,555400.0,33670.0,-10299,-3725,1,0,3,0,1,0,3,0,0,1
228900.0,833300.0,50770.0,-13147,-930,2,0,2,3,1,0,2,0,0,1
234800.0,504900.0,21750.0,-19147,-1352,2,0,3,3,1,0,2,0,0,0
134300.0,543300.0,22890.0,-14184,-2606,1,0,1,0,1,0,2,0,1,1
83900.0,261800.0,15600.0,-15801,-1130,2,0,0,1,3,0,2,1,0,0
112300.0,464600.0,25420.0,-18502,-471,3,0,0,3,1,0,2,0,1,0
229700.0,671600.0,30880.0,-9445,-2870,4,0,3,0,1,0,2,1,0,1
339400.0,1278300.0,66920.0,-11001,-2868,1,0,3,0,4,0,2,0,1,1
232600.0,865000.0,38340.0,-21418,-5547,2,0,3,3,0,0,2,0,0,1
141100.0,388700.0,25070.0,-17084,-360,1,0,3,3,1,0,1,1,0,1
120000.0,380300.0,21450.0,-22250,-794,3,0,1,3,1,1,1,0,1,1
113500.0,347400.0,14810.0,-21520,-2214,4,0,3,3,1,0,1,0,1,1
385000.0,1202900.0,56680.0,-17236,-1399,1,0,3,3,1,0,3,0,1,1
236500.0,762300.0,43990.0,-13108,-1029,2,1,1,0,2,0,2,1,1,1
196700.0,714100.0,34200.0,-10190,-3252,4,0,1,3,3,0,2,0,1,0
165000.0,330000.0,21890.0,-10184,-593,2,0,1,3,1,0,2,0,0,1
374800.0,940600.0,55720.0,-21784,-2532,3,0,0,3,1,1,2,1,0,1
420700.0,973700.0,58690.0,-22485,-596,2,0,3,3,1,0,2,0,0,1
45000.0,173200.0,7310.0,-11762,-861,5,0,3,1,1,0,2,0,1,0
105100.0,421000.0,24460.0,-9032,-2458,3,0,3,3,4,0,2,0,0,0
123400.0,467900.0,23380.0,-11421,-1291,2,0,2,3,1,0,2,0,0,1
193300.0,769200.0,49370.0,-8165,-991,3,0,3,0,1,0,2,0,0,1
199300.0,539000.0,30550.0,-21316,-171,1,0,0,3,0,0,3,0,0,0
74600.0,230500.0,10520.0,-16125,-1527,5,0,3,0,1,1,1,0,0,0
100600.0,210200.0,12700.0,-14902,-1529,2,0,2,3,3,0,2,0,0,1
146500.0,344600.0,19480.0,-15279,-559,4,0,3,3,1,0,2,0,0,1
173700.0,452900.0,29260.0,-22355,-1455,2,0,0,3,2,0,2,0,0,1
78800.0,150600.0,9030.0,-19043,-144,2,0,3,3,1,0,2,0,1,0
191100.0,845500.0,47060.0,-19867,-730,1,0,3,3,2,0,1,0,1,0
179400.0,591600.0,36770.0,-17437,-151,1,0,0,3,1,0,2,0,0,0
208400.0,427000.0,28780.0,-12210,-542,1,0,3,3,1,0,2,0,1,1
173800.0,612100.0,31150.0,-14165,-2518,2,0,1,3,1,0,3,0,0,0
66000.0,270900.0,17630.0,-17974,-269,1,0,3,3,3,0,3,0,0,1
269700.0,628200.0,41970.0,-8051,-1476,2,0,3,3,1,0,2,1,1,1
180100.0,359700.0,21810.0,-19377,-2155,2,0,3,3,3,0,1,0,0,1
256600.0,888800.0,40710.0,-22269,-4252,2,0,3,3,1,0,2,0,0,1
278200.0,1178800.0,73700.0,-23100,-374,4,0,3,3,3,0,2,0,0,0
103200.0,360400.0,19010.0,-8350,-435,4,0,0,3,3,0,2,1,1,1
241400.0,668200.0,29980.0,-13304,-1396,3,0,0,3,1,0,1,0,0,1
75800.0,295500.0,18460.0,-11870,-1304,2,0,3,3,3,0,1,0,1,1
242300.0,999300.0,61020.0,-16280,-5638,2,0,3,3,1,0,3,0,0,1
143500.0,617400.0,32900.0,-23405,-1464,2,1,3,3,1,0,2,0,0,1
162300.0,530200.0,32380.0,-15893,-2979,3,0,3,0,1,0,2,1,0,1
83300.0,286500.0,15970.0,-8979,-510,1,0,3,0,1,0,3,0,0,1
232300.0,651900.0,37140.0,-23378,-208,2,0,2,3,1,0,2,1,0,1
233800.0,484900.0,27530.0,-14227,-1325,3,0,2,3,1,0,1,0,0,1
179100.0,616600.0,33280.0,-9773,-1260,1,0,3,3,3,0,2,0,1,1
91100.0,388200.0,16560.0,-13729,-3683,3,0,3,3,1,0,2,0,0,0
326300.0,821500.0,40740.0,-11255,-1910,1,0,3,3,1,0,2,0,0,0
195300.0,438400.0,20060.0,-11682,-639,3,0,0,3,1,0,3,1,1,1
106700.0,256000.0,14320.0,-15309,-3676,1,0,3,3,1,0,2,0,1,1
313700.0,1162400.0,68890.0,-16517,-4033,3,0,1,3,1,0,3,0,1,1
265000.0,919900.0,49150.0,-17817,-889,2,0,0,3,1,0,2,0,0,1
133500.0,570500.0,34880.0,-22660,-873,3,0,1,0,2,0,2,0,1,0
314300.0,1211400.0,72750.0,-10189,-1615,2,0,0,3,1,0,2,0,1,0
141000.0,469000.0,24020.0,-21265,-4725,2,0,1,3,1,0,2,0,1,1
189100.0,499200.0,29500.0,-18559,-2281,4,1,3,3,1,0,1,1,0,1
167600.0,525500.0,27380.0,-12418,-2334,2,0,3,3,0,0,1,1,0,1
203200.0,783100.0,35560.0,-20044,-567,1,0,1,3,1,0,3,0,0,1
210600.0,918800.0,61290.0,-12130,-1163,3,0,0,3,1,0,2,0,0,1
89300.0,337000.0,14170.0,-8392,-524,3,0,0,3,3,0,2,0,1,1
104200.0,248400.0,16640.0,-14517,-1529,2,0,0,3,1,0,3,0,0,1
277400.0,1139000.0,62760.0,-9392,-1554,2,0,3,3,1,0,2,0,0,1
207500.0,575600.0,24400.0,-22173,-1305,2,1,0,3,2,0,2,0,0,0
165000.0,323200.0,21630.0,-9651,-2590,4,0,1,3,1,0,2,0,1,1
85400.0,334400.0,14100.0,-13962,-2158,2,0,0,0,1,0,2,0,0,1
145400.0,521800.0,28190.0,-22589,-198,3,0,2,3,4,0,2,0,0,0
106600.0,289400.0,18680.0,-15996,-2603,3,0,3,3,2,0,3,0,0,1
138400.0,535400.0,29390.0,-14609,-1216,2,0,0,3,1,0,2,0,1,0
156700.0,362000.0,17960.0,-23516,-265,2,0,1,0,3,0,3,0,1,1
45000.0,166100.0,10140.0,-15126,-161,1,0,3,3,1,0,2,0,0,0
85700.0,244400.0,15430.0,-8097,-1523,1,0,1,3,1,0,3,0,1,1
166100.0,386500.0,16610.0,-22714,-2387,1,0,3,3,1,3,2,0,1,1
215200.0,574000.0,33860.0,-18744,-483,2,0,3,3,1,0,2,0,0,1
57900.0,233100.0,9870.0,-22800,-5992,3,0,0,3,1,0,2,0,0,1
106000.0,315900.0,19490.0,-9975,-3401,2,0,3,3,4,0,1,0,0,0
48300.0,118100.0,5910.0,-18552,-2595,1,0,0,3,2,1,2,0,1,1
73700.0,183200.0,11530.0,-20900,-1250,3,0,3,3,1,0,2,0,1,1
155700.0,354400.0,15870.0,-18000,-761,2,0,3,3,1,0,2,0,0,1
160300.0,698700.0,35520.0,-12756,-3462,2,0,3,3,1,0,2,0,0,1
62700.0,191300.0,12220.0,-14644,-1295,1,0,2,0,2,0,2,0,1,0
138700.0,302300.0,17750.0,-9965,-1407,3,0,0,0,1,0,2,0,0,1
96800.0,315200.0,19410.0,-22717,-1096,1,0,0,3,3,0,2,0,0,1
72700.0,205700.0,9850.0,-19577,-442,3,0,3,3,1,0,2,0,1,1
125000.0,529900.0,23090.0,-15562,-196,2,0,3,0,3,0,2,1,0,1
187300.0,554900.0,32620.0,-12190,-5616,2,0,3,3,0,0,2,0,1,0
72800.0,252200.0,14010.0,-21602,-1279,2,0,1,3,1,0,2,0,0,0
83300.0,164400.0,8870.0,-22249,-92,1,0,3,3,1,0,2,0,1,1
98700.0,373100.0,23650.0,-17655,-1496,3,0,2,3,1,0,3,0,0,1
105200.0,278800.0,15890.0,-10582,-3301,1,0,1,3,1,0,2,0,1,0
314000.0,690900.0,40400.0,-13668,-2620,2,0,3,3,3,0,2,1,0,0
126000.0,467100.0,31580.0,-19406,-782,1,0,1,3,1,0,2,0,0,0
83500.0,321500.0,18520.0,-17424,-2454,2,0,3,3,0,0,2,0,1,1
148200.0,551100.0,36330.0,-22583,-5061,1,0,3,3,1,0,2,0,0,1
230200.0,427800.0,21970.0,-10831,-852,2,1,1,3,0,1,1,0,0,0
151300.0,595500.0,27880.0,-20062,-5282,2,0,3,3,1,2,2,1,0,0
254900.0,1142100.0,55450.0,-9245,-407,2,0,1,0,1,0,3,0,1,1
148500.0,609700.0,34350.0,-19474,-1002,4,0,0,3,1,0,3,1,1,1
108300.0,309000.0,19930.0,-12680,-781,1,0,3,0,3,0,2,0,0,0
84500.0,171400.0,10280.0,-18769,-2528,1,0,1,3,1,0,2,0,1,1
103600.0,404900.0,26590.0,-9876,-3302,2,1,3,3,3,0,2,0,1,1
63700.0,280700.0,14760.0,-8314,-1740,2,1,2,0,1,0,2,0,1,1
193800.0,505900.0,26070.0,-14918,-1219,2,0,1,0,2,0,3,0,1,0
92900.0,342400.0,16610.0,-11412,-729,1,1,3,3,1,0,2,0,0,1
137200.0,460300.0,30940.0,-12824,-545,2,0,3,3,1,0,1,0,0,1
125200.0,303400.0,14500.0,-16501,-3765,3,1,3,3,1,0,2,0,1,1
117100.0,465200.0,29540.0,-11194,-4620,3,0,1,3,1,0,1,1,0,1
185000.0,608900.0,29690.0,-10253,-2346,1,1,1,3,1,0,2,0,1,0
258900.0,1132000.0,59780.0,-15105,-591,4,0,3,3,3,0,2,0,0,0
112800.0,491700.0,21120.0,-20473,-1446,1,0,0,3,4,2,2,0,0,1
143300.0,591900.0,39890.0,-10903,-36,3,1,0,0,1,0,2,1,1,1
157800.0,435500.0,29570.0,-15710,-1039,2,0,3,3,1,0,2,0,0,1
97400.0,436500.0,26800.0,-8763,-914,1,0,0,0,1,0,3,1,1,1
74100.0,157600.0,10100.0,-9608,-1278,4,0,1,3,2,0,3,0,1,1
141900.0,457300.0,19230.0,-16228,-3354,2,0,2,3,1,0,2,0,0,1
162900.0,707200.0,36200.0,-11190,-207,1,0,3,0,1,0,2,0,0,0
209600.0,618500.0,35550.0,-22288,-5285,1,0,3,0,1,0,3,0,1,1
83400.0,285700.0,15160.0,-16018,-419,2,0,0,3,1,0,2,0,1,1
120100.0,325200.0,18270.0,-10868,-1414,1,0,0,3,1,0,1,1,0,1
75300.0,220300.0,11630.0,-14201,-3951,1,0,3,0,3,0,3,0,1,0
156900.0,567200.0,26660.0,-20343,-1705,3,0,3,0,1,0,2,0,0,1
96000.0,228300.0,11220.0,-9687,-250,2,0,3,0,1,3,2,0,0,1
103100.0,411300.0,18240.0,-11338,-1885,3,0,0,3,1,0,2,0,0,1
195700.0,547100.0,29410.0,-22715,-1132,4,0,3,3,1,0,2,0,1,1
96100.0,417300.0,21870.0,-22288,-1222,3,0,3,3,1,0,3,1,0,1
45000.0,157700.0,8500.0,-22641,-4625,2,0,1,3,1,0,2,0,0,0
146200.0,595400.0,28450.0,-19248,-62,2,1,0,0,1,0,1,0,0,1
253100.0,1138400.0,54060.0,-16762,-761,1,0,0,0,1,0,1,0,0,0
110100.0,285900.0,13850.0,-20588,-476,4,0,1,3,1,1,1,1,0,1
327300.0,845900.0,42910.0,-20080,-633,1,0,3,0,0,0,2,0,0,1
140500.0,621200.0,37030.0,-18050,-1542,4,0,3,3,3,0,2,0,0,0
135600.0,353900.0,17560.0,-8793,-2056,3,0,2,0,1,0,3,0,0,1
183000.0,542200.0,35870.0,-23309,-1909,2,0,0,3,3,0,2,0,0,1
63400.0,144800.0,6480.0,-19008,-1319,3,1,2,3,1,0,1,1,0,1
85100.0,352500.0,17240.0,-10756,-4181,2,0,0,3,1,0,2,0,1,1
145200.0,478200.0,28960.0,-21453,-1087,2,0,1,0,3,0,2,0,1,1
147400.0,638200.0,36710.0,-16751,-711,2,0,3,3,1,0,2,0,0,0
198400.0,666900.0,36290.0,-20408,-587,3,0,1,3,2,0,2,0,0,1
75000.0,272200.0,13290.0,-20814,-535,2,0,3,2,1,0,2,0,0,1
173400.0,392500.0,19300.0,-21554,-805,3,1,1,2,1,0,3,0,1,1
85700.0,263800.0,17240.0,-8796,-81,2,0,1,3,3,0,2,0,1,0
101200.0,395600.0,18540.0,-10816,-4242,2,0,1,0,1,0,2,0,1,0
112700.0,389000.0,23660.0,-22062,-601,3,0,3,0,1,0,3,0,0,1
82200.0,212000.0,14120.0,-14640,-2537,1,0,1,3,1,1,2,0,0,1
226200.0,435700.0,19110.0,-9002,-2428,2,0,1,1,1,0,1,0,0,0
199600.0,712500.0,30520.0,-16957,-1406,2,0,3,3,3,0,3,1,0,1
126000.0,376800.0,20060.0,-19187,-74,2,0,0,3,3,3,2,1,0,1
104000.0,374900.0,24790.0,-21950,-1039,2,0,0,3,0,0,1,0,0,0
145200.0,356100.0,18990.0,-8885,-591,3,0,0,3,1,0,2,0,0,1
117800.0,273000.0,12730.0,-17266,-4437,5,0,0,3,0,3,3,0,0,0
80800.0,248700.0,13690.0,-14048,-4175,5,0,0,0,1,0,2,1,1,1
190900.0,500700.0,21630.0,-17982,-205,2,0,3,3,1,0,1,0,0,1
289200.0,690600.0,43350.0,-11072,-1075,3,0,2,0,3,0,2,0,1,1
149800.0,536400.0,28810.0,-13761,-164,1,0,1,3,1,0,2,0,0,1
218600.0,644900.0,37930.0,-19589,-4297,3,0,1,3,1,0,2,0,1,1
75400.0,286100.0,15700.0,-15755,-4266,3,0,3,3,0,0,1,0,0,0
54500.0,156300.0,10300.0,-11207,-95,3,0,0,3,1,2,2,0,0,1
313100.0,1165900.0,78770.0,-9188,-780,1,0,3,0,1,0,2,0,0,1
124600.0,324100.0,16300.0,-11932,-757,1,0,3,3,1,3,3,0,0,1
113400.0,277300.0,12220.0,-9822,-3248,1,1,1,0,1,3,1,1,0,0
110200.0,264300.0,14240.0,-15981,-801,2,1,3,3,1,1,2,1,0,0
287100.0,1020700.0,50870.0,-22946,-179,2,0,3,3,2,0,2,0,1,0
134500.0,266900.0,17400.0,-13508,-6933,3,0,0,0,1,0,2,0,0,0
157900.0,329900.0,18040.0,-21685,-1205,3,0,0,3,1,3,3,0,1,1
170400.0,688900.0,43330.0,-11142,-1056,3,0,3,3,2,0,2,0,0,1
63500.0,155400.0,8050.0,-16368,-2524,1,0,0,3,1,0,2,0,0,1
150500.0,567100.0,27510.0,-15029,-393,2,0,1,0,1,0,1,0,0,1
271100.0,813200.0,47860.0,-23274,-1319,2,0,0,0,1,0,2,0,0,1
61600.0,213100.0,13750.0,-21255,-1370,2,0,3,0,3,0,2,0,1,1
91900.0,392300.0,23200.0,-12395,-2497,4,0,3,3,1,0,2,0,1,1
117100.0,455500.0,28280.0,-15305,-763,2,0,0,0,3,1,2,0,1,0
128100.0,551100.0,36160.0,-21590,-5212,2,0,3,3,3,0,2,1,0,1
87200.0,159800.0,9070.0,-23269,-249,2,0,0,3,0,0,2,1,1,1
325700.0,957200.0,61140.0,-16384,-361,4,0,3,3,1,0,2,0,0,1
761400.0,1579400.0,73200.0,-9370,-712,4,0,3,3,1,0,2,0,0,1
130500.0,364500.0,21520.0,-8256,-1681,2,0,0,3,1,0,2,0,0,1
195600.0,873700.0,52660.0,-14442,-3189,4,0,0,2,3,0,3,0,0,0
221900.0,545000.0,32130.0,-15980,-73,1,0,3,3,3,3,2,0,0,1
69200.0,158300.0,7530.0,-14397,-2141,1,0,2,3,3,0,2,1,0,0
82900.0,177100.0,11650.0,-19419,-1993,2,0,3,3,0,0,1,1,0,0
171200.0,595100.0,29430.0,-10182,-415,2,0,3,3,4,0,2,0,1,1
203200.0,755100.0,46020.0,-13411,-696,2,0,1,0,1,0,2,1,0,1
493500.0,1775700.0,113920.0,-23626,-2759,2,0,2,3,0,0,2,1,0,0
178800.0,644000.0,29510.0,-13077,-4634,1,0,3,3,1,0,2,0,1,0
216000.0,845600.0,43870.0,-18079,-4139,1,0,3,3,1,0,2,1,0,1
143500.0,378000.0,22590.0,-23671,-390,2,0,2,3,1,0,2,0,0,0
225500.0,429200.0,25670.0,-19771,-1433,2,0,3,3,1,0,2,0,1,1
128400.0,434400.0,26860.0,-21366,-1182,3,0,0,3,3,0,3,1,0,0
138500.0,411500.0,20060.0,-19280,-1000,1,0,3,3,1,0,2,0,0,1
161200.0,550500.0,26800.0,-18338,-53,1,0,1,0,1,0,3,0,1,0
207700.0,731300.0,32220.0,-9491,-2144,2,0,3,2,1,0,2,0,0,0
113600.0,397200.0,21480.0,-17795,-471,2,0,3,3,3,0,2,0,0,1
54700.0,100100.0,5120.0,-17302,-105,3,0,3,0,1,3,2,0,1,1
323800.0,1428400.0,88050.0,-18557,-743,2,1,1,3,1,0,2,0,0,1
106600.0,202100.0,10630.0,-8785,-987,2,0,1,0,1,0,2,0,1,0
45000.0,117300.0,7970.0,-21280,-569,5,0,1,3,4,0,2,0,0,1
216000.0,826500.0,51570.0,-8023,-1449,2,0,0,0,1,0,3,0,1,0
139000.0,353500.0,23270.0,-21826,-110,1,0,3,3,1,0,2,0,0,1
130800.0,369700.0,24990.0,-22559,-159,2,0,3,0,4,0,2,0,0,1
118500.0,484200.0,26030.0,-13831,-3954,2,0,3,3,1,0,2,1,1,1
145900.0,350900.0,16810.0,-12046,-2466,1,0,1,3,1,0,2,1,0,0
115900.0,321800.0,14950.0,-9639,-857,1,0,0,0,1,0,3,0,1,1
127200.0,293500.0,13050.0,-19036,-3153,2,0,3,3,1,0,2,0,0,0
212100.0,672100.0,43190.0,-21724,-1476,2,0,3,2,1,0,1,0,0,1
153300.0,563500.0,34950.0,-12432,-3255,1,0,3,3,3,0,2,0,1,1
134400.0,456800.0,23000.0,-16619,-732,5,0,3,3,0,0,2,0,0,0
134400.0,494600.0,27190.0,-11288,-36,2,0,0,3,1,0,3,0,0,1
131100.0,421200.0,23260.0,-18110,-69,4,0,0,3,1,0,2,0,0,1
244900.0,1019200.0,57330.0,-22857,-783,2,0,3,3,1,0,2,0,1,1
294900.0,1045600.0,57900.0,-7818,-1243,2,1,3,3,1,0,1,0,0,1
327500.0,1200400.0,52750.0,-12939,-703,5,0,3,3,2,0,1,0,0,0
88200.0,178900.0,9250.0,-18399,-2982,2,0,0,3,1,0,3,1,0,1
194000.0,738600.0,33690.0,-11577,-3923,2,0,3,3,1,0,1,0,0,1
80100.0,232000.0,13680.0,-10231,-1702,2,0,3,3,1,0,3,0,0,1
258100.0,731600.0,34220.0,-8691,-2116,2,0,0,3,2,0,3,0,0,1
286900.0,720800.0,32050.0,-8543,-40,2,0,3,3,1,0,3,1,0,0
154200.0,587700.0,29990.0,-14975,-36,2,0,1,3,1,0,2,0,1,1
246000.0,826400.0,48810.0,-19199,-1909,1,0,3,3,0,0,2,0,1,0
170200.0,553500.0,34590.0,-14799,-2211,3,0,3,3,4,3,3,0,1,1
149000.0,474100.0,20700.0,-8132,-1558,3,0,3,3,1,2,2,0,0,0
117200.0,301200.0,13910.0,-16103,-1288,1,0,3,3,1,0,2,0,0,0
192200.0,526800.0,23230.0,-23355,-134,1,0,2,3,1,0,2,0,0,1
123900.0,321100.0,18310.0,-9246,-445,3,0,3,3,1,0,3,0,1,1
190000.0,653100.0,31520.0,-9914,-1371,2,0,3,3,3,0,2,0,1,1
155600.0,627700.0,40260.0,-19876,-2021,2,0,0,0,1,0,1,1,0,1
143500.0,294500.0,18740.0,-13991,-783,2,0,3,3,1,0,2,0,0,0
129500.0,464100.0,29910.0,-17766,-347,5,0,0,3,1,0,2,0,0,1
113000.0,282000.0,13610.0,-18889,-1605,3,0,0,0,1,0,1,1,0,0
244400.0,1030500.0,49980.0,-22530,-107,2,0,3,3,1,1,2,0,0,0
229800.0,447800.0,19680.0,-19375,-402,1,0,0,0,4,0,2,0,0,0
310400.0,1189900.0,51880.0,-22062,-95,2,1,3,3,1,0,2,0,1,1
92600.0,310400.0,16240.0,-12037,-779,1,0,3,3,1,0,2,0,0,1
229000.0,755800.0,48750.0,-17412,-2746,1,0,0,3,2,2,2,0,0,1
161500.0,668400.0,42000.0,-15857,-1540,1,0,0,3,4,0,3,1,1,1
226700.0,675600.0,28850.0,-12673,-1218,1,0,3,3,0,0,2,1,1,1
194700.0,626300.0,27400.0,-12502,-722,4,0,0,3,1,0,2,0,0,1
82200.0,281000.0,15060.0,-9137,-1403,1,0,3,0,0,0,2,1,0,1
107900.0,441600.0,21290.0,-8022,-58,5,0,3,3,1,0,2,0,0,1
140200.0,352000.0,15160.0,-19929,-2021,3,0,3,3,2,2,2,1,0,1
158600.0,451700.0,22490.0,-16299,-232,2,0,0,3,0,3,2,0,0,0
168300.0,439700.0,18830.0,-9922,-1841,2,1,0,0,4,0,2,0,1,1
101600.0,295000.0,15180.0,-8992,-1185,3,1,3,3,0,0,2,1,1,0
56000.0,117400.0,5550.0,-18789,-1607,3,0,3,3,1,0,1,0,0,0
103400.0,213500.0,13770.0,-19026,-2893,3,0,0,0,1,3,2,0,1,0
134400.0,300100.0,20150.0,-20284,-974,3,0,3,3,3,0,2,0,1,1
141700.0,460500.0,21690.0,-12366,-1002,2,0,3,3,0,0,3,0,0,1
109800.0,296300.0,12570.0,-19009,-1054,4,0,3,3,1,0,2,1,0,1
205600.0,610500.0,30090.0,-9891,-1527,2,0,3,3,1,0,2,0,0,0
129700.0,348700.0,22110.0,-19666,-3349,2,0,0,3,1,0,2,0,0,0
98500.0,298900.0,16220.0,-19547,-669,4,0,0,0,1,0,2,0,0,1
271400.0,678800.0,38140.0,-8274,-859,2,0,1,3,3,0,2,0,0,1
160100.0,344100.0,23320.0,-18839,-841,2,1,0,3,2,0,2,0,0,1
76500.0,199500.0,11180.0,-17807,-4954,2,0,1,2,1,0,1,0,0,1
223200.0,581300.0,34360.0,-17352,-381,1,0,0,3,1,0,2,0,0,1
384200.0,697200.0,38350.0,-13506,-344,1,0,2,3,1,0,2,0,1,1
195400.0,429300.0,24590.0,-18690,-1224,2,0,0,3,2,0,1,0,0,0
206500.0,512600.0,29930.0,-17728,-140,2,0,2,3,1,0,1,0,0,1
128800.0,240200.0,13220.0,-15424,-255,2,0,0,3,1,0,2,0,1,0
140200.0,349500.0,17650.0,-15055,-1452,2,0,3,3,1,0,2,1,0,1
144300.0,465000.0,23000.0,-22658,-124,3,0,3,0,1,0,2,0,0,1
137700.0,302600.0,17020.0,-18874,-4027,2,0,3,3,1,0,2,1,1,1
249400.0,921400.0,40430.0,-12313,-1008,3,0,1,0,1,3,2,0,0,1
130600.0,480100.0,31510.0,-16864,-54,1,0,3,3,0,1,2,0,1,1
169100.0,435500.0,20990.0,-17233,-176,2,0,0,0,1,2,2,0,1,1
173900.0,519400.0,31070.0,-21858,-3967,2,0,3,0,1,0,2,0,1,1
103300.0,293800.0,15260.0,-13841,-1411,1,0,3,0,1,0,2,1,0,0
431600.0,903600.0,56290.0,-9856,-2742,3,0,1,0,3,0,2,0,0,1
164300.0,549000.0,29430.0,-15491,-633,3,0,2,3,1,0,2,0,1,1
101200.0,309600.0,20710.0,-20783,-3362,4,0,1,0,1,1,2,0,1,0
65200.0,128200.0,6680.0,-8699,-659,4,0,0,3,1,0,2,0,0,1
140100.0,356500.0,18890.0,-19391,-931,2,0,3,3,1,0,2,0,1,0
266100.0,924600.0,49360.0,-7987,-1412,2,0,0,3,1,0,2,0,1,1
58300.0,176900.0,9480.0,-20556,-620,2,0,3,0,1,0,2,0,0,1
51900.0,208500.0,9810.0,-10725,-4150,3,0,2,3,1,0,2,0,0,1
186400.0,761100.0,32130.0,-22947,-255,2,0,3,0,0,1,2,0,0,0
212100.0,605900.0,31130.0,-23733,-256,3,1,3,0,1,0,2,0,1,1
147900.0,424900.0,21940.0,-10641,-980,2,0,3,3,1,0,3,0,0,1
156600.0,452900.0,30550.0,-10994,-425,1,0,3,3,0,0,2,1,0,0
179100.0,426100.0,25280.0,-13270,-1313,3,0,0,3,1,0,2,0,0,1
202100.0,756100.0,43800.0,-16862,-634,2,0,3,3,0,0,2,0,1,0
106700.0,458700.0,29060.0,-8211,-392,1,0,1,3,3,0,3,0,1,0
156200.0,353400.0,17310.0,-14910,-714,1,0,1,3,1,0,3,0,0,1
88700.0,184300.0,7850.0,-22287,-689,3,1,3,3,1,0,2,0,0,0
66500.0,199600.0,11330.0,-15275,-396,2,0,1,2,1,0,2,0,1,1
200900.0,847300.0,54630.0,-12177,-1712,1,1,3,0,4,1,2,0,0,1
184900.0,591900.0,31000.0,-9586,-276,1,0,3,3,0,0,2,1,0,0
180000.0,551400.0,24940.0,-20840,-753,2,0,3,0,4,0,2,0,0,1
202800.0,416000.0,20310.0,-11723,-1781,2,0,1,3,1,3,2,0,1,1
78800.0,204200.0,11660.0,-16317,-3688,1,1,1,3,1,1,3,0,0,0
343200.0,1089700.0,69880.0,-18686,-4208,1,0,0,0,1,0,3,1,0,0
69300.0,231900.0,13100.0,-18810,-306,1,0,3,3,1,0,2,0,0,0
99600.0,220300.0,14670.0,-17716,-1445,2,1,2,0,1,0,1,0,0,1
191400.0,693100.0,41620.0,-14180,-761,1,0,0,3,4,0,1,0,1,1
61100.0,195700.0,12970.0,-20077,-6531,1,0,1,3,0,2,2,0,0,0
149800.0,518600.0,34490.0,-14939,-2825,2,0,3,3,0,0,3,0,0,1
127300.0,252400.0,16060.0,-8866,-2291,1,0,3,2,1,0,1,0,0,0
137500.0,549900.0,25540.0,-22726,-4160,2,0,3,3,1,0,1,0,0,1
132400.0,351600.0,22830.0,-16586,-1123,1,0,0,3,1,2,2,0,0,1
157900.0,406600.0,27510.0,-16199,-235,1,0,1,3,0,0,3,0,1,1
175100.0,352400.0,16420.0,-18750,-3233,2,0,3,3,4,0,2,0,0,1
72700.0,261300.0,12120.0,-12104,-4627,2,0,1,3,3,0,3,0,0,1
158200.0,641600.0,43220.0,-11808,-1338,3,0,0,3,1,0,3,0,0,0
243200.0,842900.0,48580.0,-13903,-1737,2,0,3,3,1,0,3,0,0,0
128800.0,541900.0,33620.0,-12402,-5651,2,0,0,0,3,0,1,0,1,1
142000.0,504800.0,31680.0,-7890,-208,2,0,3,3,0,0,2,0,0,1
73800.0,316000.0,18060.0,-8949,-1139,1,0,1,0,1,0,2,0,0,1
53200.0,203300.0,12900.0,-10103,-281,3,0,0,3,1,0,2,0,1,1
193200.0,429900.0,24000.0,-13473,-636,3,0,1,3,0,0,1,1,0,0
151500.0,320800.0,19630.0,-13673,-806,2,0,1,0,0,0,2,0,0,1
313400.0,593200.0,37290.0,-10201,-2427,2,0,3,3,1,0,2,0,1,1
99900.0,449200.0,24870.0,-17516,-2465,3,0,3,3,1,0,3,0,1,1
273200.0,1054100.0,50490.0,-18814,-2481,2,0,1,0,4,0,2,0,0,0
157200.0,321600.0,18840.0,-13357,-618,5,0,1,3,1,0,2,0,0,1
67800.0,297100.0,14270.0,-19762,-36,1,0,3,0,1,2,1,0,1,1
366500.0,671600.0,40530.0,-10259,-2067,4,0,3,3,1,0,3,0,0,1
159300.0,525700.0,30070.0,-21324,-3055,3,0,3,0,1,0,3,0,1,1
150100.0,288000.0,13570.0,-11050,-4475,1,0,0,3,1,0,3,0,1,0
114700.0,483800.0,21370.0,-21714,-2533,2,0,3,0,1,3,1,0,0,1
134700.0,549000.0,23940.0,-14614,-1024,2,0,1,0,1,0,2,0,1,1
246000.0,536700.0,23110.0,-15433,-5400,2,0,3,0,3,0,1,0,0,1
90200.0,192900.0,11990.0,-16677,-196,2,0,1,3,1,0,1,0,0,0
117800.0,402900.0,21670.0,-16938,-924,3,0,2,0,1,0,3,0,0,1
286400.0,938600.0,40780.0,-16850,-731,1,0,0,3,1,1,2,1,0,1
181400.0,657900.0,31210.0,-15576,-1163,3,0,3,3,2,0,2,0,0,1
247500.0,1060600.0,70840.0,-16149,-3702,1,0,3,0,1,0,3,0,0,1
168900.0,403200.0,22240.0,-8170,-446,4,0,0,3,1,0,3,0,0,1
455800.0,1555200.0,99040.0,-18453,-949,1,0,0,3,1,0,2,0,1,1
149000.0,374600.0,17000.0,-14589,-4561,4,0,0,3,3,0,3,1,1,0
75400.0,247100.0,15180.0,-20020,-1156,1,0,3,0,3,0,2,0,1,1
125400.0,491200.0,29930.0,-16409,-499,1,0,0,1,2,0,2,0,0,1
99800.0,448700.0,19450.0,-10400,-3120,2,0,0,3,1,0,3,0,0,1
109900.0,330300.0,15010.0,-16819,-585,1,0,3,0,3,0,2,0,0,1
160000.0,570300.0,26730.0,-12753,-6178,2,0,3,1,4,0,3,1,0,1
251800.0,908700.0,56070.0,-8944,-247,2,0,3,3,3,0,2,1,1,1
247500.0,1047900.0,59750.0,-15774,-1367,2,0,2,3,1,0,1,0,1,1
200700.0,389500.0,25820.0,-17885,-173,4,0,1,3,0,0,3,0,1,1
122000.0,288100.0,14740.0,-22540,-3351,2,0,0,3,4,0,2,1,0,1
275400.0,879100.0,46250.0,-19972,-4603,4,0,3,3,1,0,2,0,0,0
171900.0,771400.0,37630.0,-12175,-732,2,0,0,0,1,0,1,0,0,1
128900.0,263200.0,17350.0,-9786,-2511,2,0,3,3,3,0,2,0,0,0
327400.0,1366400.0,59740.0,-20731,-4888,1,0,3,3,1,0,3,0,0,1
106500.0,199100.0,9980.0,-14420,-1237,2,0,3,3,1,0,2,1,0,1
160800.0,616800.0,31220.0,-11312,-673,3,0,3,0,1,0,2,0,0,0
161100.0,340500.0,20100.0,-11623,-5010,3,0,2,3,3,0,1,0,0,0
206800.0,647600.0,29320.0,-9268,-1181,2,0,3,3,1,0,2,0,0,1
385500.0,1562700.0,103640.0,-11768,-5193,1,0,3,0,2,3,2,1,0,0
157200.0,431300.0,22460.0,-10531,-2526,2,0,1,3,3,0,2,0,1,1
263400.0,1023800.0,67690.0,-11314,-547,2,0,3,3,0,0,3,1,0,0
141100.0,602600.0,40040.0,-23163,-126,4,0,1,3,1,0,2,0,0,0
95200.0,420000.0,21430.0,-17658,-2130,2,1,3,0,1,0,2,0,0,1
124500.0,444500.0,27070.0,-20203,-4766,1,0,0,3,1,0,2,0,0,1
217900.0,820500.0,37320.0,-19049,-1382,2,0,3,3,1,0,2,0,1,1
158000.0,683300.0,33830.0,-21571,-1810,2,0,1,3,1,0,2,0,0,1
71500.0,203500.0,9530.0,-16136,-157,1,0,3,0,1,0,2,0,1,1
120600.0,373200.0,20770.0,-15436,-2158,2,0,3,3,2,3,2,0,1,1
186600.0,697700.0,43380.0,-15074,-2364,2,0,3,1,3,0,2,0,0,1
225400.0,499400.0,28120.0,-13374,-433,3,0,3,3,1,0,1,0,1,1
122800.0,291800.0,19160.0,-20705,-221,1,0,0,3,1,0,3,0,0,1
74000.0,323100.0,18550.0,-23234,-2374,2,0,3,3,1,0,1,0,1,0
99400.0,202000.0,9600.0,-8296,-587,5,0,3,3,2,0,2,0,1,1
88800.0,184700.0,12290.0,-23500,-967,2,0,0,0,0,0,3,0,0,1
71500.0,295200.0,14550.0,-14159,-126,2,0,1,3,1,0,2,0,1,1
253700.0,940400.0,56690.0,-11113,-1476,1,0,3,3,2,0,3,0,1,1
164900.0,376900.0,22030.0,-16794,-956,3,1,3,0,0,0,2,0,1,1
148800.0,450100.0,26410.0,-10079,-729,2,0,3,3,0,0,2,0,0,0
155700.0,558200.0,33910.0,-9052,-1515,4,0,3,3,0,0,2,1,0,1
111800.0,214600.0,13470.0,-20920,-2527,1,0,3,3,4,0,2,1,1,1
164100.0,524900.0,29220.0,-15325,-2170,2,0,2,1,3,0,1,0,0,1
201700.0,666000.0,38090.0,-14770,-359,2,0,3,1,0,0,2,0,0,0
119100.0,515100.0,23000.0,-14826,-1768,2,0,0,3,1,0,2,0,0,0
183600.0,579500.0,26420.0,-13775,-1946,2,1,3,3,3,0,3,0,1,1
138100.0,294800.0,15610.0,-13890,-455,3,0,3,0,1,3,2,0,0,0
104600.0,292500.0,12990.0,-10300,-335,2,0,3,0,3,0,2,0,0,1
120400.0,343700.0,17320.0,-11562,-4988,1,0,3,3,0,3,2,0,0,1
172400.0,605200.0,38140.0,-7929,-1354,2,0,3,3,2,0,2,0,0,0
106500.0,268100.0,12890.0,-17262,-229,2,1,3,3,1,0,1,0,0,1
257500.0,1096600.0,54560.0,-16050,-1849,3,0,1,3,3,0,2,0,0,1
211200.0,612500.0,33220.0,-19786,-2603,2,0,3,3,0,0,2,0,0,1
236000.0,837300.0,36280.0,-18473,-511,3,0,0,3,0,0,2,0,0,1
58600.0,219000.0,12060.0,-20554,-1505,5,0,1,3,0,0,2,0,0,1
148700.0,310400.0,15670.0,-10493,-1849,2,0,3,3,0,0,2,0,0,1
760700.0,3000000.0,167160.0,-11639,-4277,1,0,3,0,1,3,2,1,1,0
70300.0,269500.0,17190.0,-9203,-2628,2,0,0,3,2,1,2,0,1,0
146900.0,480800.0,20840.0,-13564,-2835,2,0,3,3,1,0,2,0,0,1
190200.0,715000.0,44120.0,-20080,-331,3,0,0,0,4,0,2,0,0,0
175800.0,482100.0,21140.0,-23046,-116,5,0,3,3,1,0,2,0,0,1
106200.0,293600.0,18480.0,-7758,-275,3,0,0,3,1,0,1,0,0,1
212500.0,493900.0,27200.0,-8025,-1451,2,0,0,3,3,0,1,0,0,0
219200.0,756300.0,51280.0,-10815,-441,1,0,3,3,1,0,3,0,0,1
133400.0,268700.0,13750.0,-17483,-308,2,0,3,3,1,0,3,0,1,0
183000.0,749400.0,38410.0,-22278,-1999,4,0,1,0,2,0,3,0,1,0
116300.0,309500.0,18590.0,-18872,-999,1,1,3,0,1,0,2,0,0,1
136700.0,487900.0,30340.0,-16463,-230,2,0,3,0,1,0,2,1,0,1
469200.0,1934900.0,96920.0,-11720,-1703,3,0,1,0,1,0,2,0,1,1
316000.0,1415700.0,77700.0,-19225,-1721,5,0,0,3,2,3,1,0,0,0
164800.0,399700.0,20150.0,-10539,-36,2,0,3,3,1,0,2,1,1,1
100800.0,416800.0,19810.0,-18748,-1834,2,0,1,3,3,0,2,0,0,1
92800.0,291800.0,19810.0,-16483,-7912,2,0,3,3,2,0,3,0,0,1
182800.0,549000.0,29540.0,-16386,-1562,3,0,0,0,1,0,2,0,1,1
139100.0,270400.0,17610.0,-12544,-735,1,0,3,0,1,0,3,0,0,1
120200.0,232200.0,9940.0,-15360,-2616,2,0,3,3,1,0,1,1,1,0
141400.0,416800.0,26300.0,-7829,-95,5,0,1,1,3,0,3,0,0,1
88700.0,340600.0,20280.0,-12899,-690,1,0,3,3,1,0,2,0,1,1
178500.0,708000.0,38070.0,-22102,-973,1,0,0,0,1,0,2,0,1,1
83700.0,251500.0,15640.0,-14849,-1201,2,0,0,3,3,0,2,0,0,0
156000.0,378600.0,16810.0,-8997,-86,2,0,0,3,1,3,2,0,1,0
128000.0,280300.0,14040.0,-12725,-456,2,0,1,3,3,0,2,0,1,1
265600.0,718600.0,45550.0,-18810,-4777,2,0,3,3,1,1,2,0,1,1
127100.0,430100.0,25260.0,-21344,-302,1,0,0,3,0,0,1,0,0,1
271000.0,849200.0,50570.0,-22837,-452,5,0,2,3,1,0,2,0,0,0
171400.0,562000.0,34210.0,-19472,-1992,3,0,0,0,1,1,1,0,0,0
385500.0,1392300.0,81570.0,-13415,-773,2,0,2,0,1,2,2,1,0,1
185100.0,520100.0,24960.0,-21753,-1336,2,0,1,3,3,0,2,0,1,1
225800.0,972800.0,55910.0,-18284,-586,4,0,0,0,1,0,2,1,1,1
102700.0,185900.0,9000.0,-10456,-443,2,0,0,0,1,1,3,0,0,1
169000.0,715300.0,39280.0,-21970,-886,1,0,0,3,1,0,1,0,1,1
143500.0,606000.0,35300.0,-15296,-1595,1,0,3,0,1,2,3,0,0,0
202600.0,773500.0,50370.0,-9972,-431,2,0,3,3,3,0,2,1,1,1
170400.0,659400.0,38050.0,-17692,-754,2,0,0,0,2,0,3,1,1,1
231800.0,434700.0,21300.0,-14636,-237,4,0,1,0,1,0,3,0,0,1
362500.0,947900.0,46990.0,-16689,-2674,2,0,3,3,0,3,2,0,0,0
198000.0,635000.0,28870.0,-22666,-136,1,0,0,3,1,0,2,0,1,1
224600.0,644700.0,42640.0,-11985,-1978,1,0,1,0,1,0,2,0,0,1
222000.0,910300.0,41220.0,-20409,-3158,2,0,1,3,1,1,2,0,0,1
168400.0,739300.0,44550.0,-14744,-1677,2,0,0,3,1,0,3,0,1,0
93400.0,274200.0,17200.0,-18953,-62,3,0,3,0,1,1,2,0,0,1
133800.0,291700.0,18690.0,-11060,-3068,4,0,2,0,1,0,3,0,0,0
180100.0,590500.0,39160.0,-13734,-1035,2,1,3,3,1,0,3,1,1,0
95000.0,219500.0,14720.0,-12966,-36,1,0,3,3,1,0,2,0,1,1
153500.0,280600.0,15890.0,-14026,-475,2,1,1,3,3,3,2,0,0,1
126400.0,564600.0,35500.0,-15075,-835,1,0,3,3,0,0,2,0,0,1
124500.0,382600.0,22890.0,-14618,-620,5,0,1,3,3,0,2,0,0,1
49500.0,202400.0,9270.0,-12913,-1766,3,0,3,3,1,0,1,0,0,0
139100.0,274900.0,17770.0,-9453,-772,4,0,0,3,1,0,1,0,1,1
171300.0,676500.0,41390.0,-16309,-445,3,1,3,0,1,0,1,0,0,1
269900.0,761800.0,45940.0,-10769,-565,1,0,2,3,1,0,2,0,0,1
135000.0,288300.0,13820.0,-19026,-1592,3,0,3,3,0,0,3,1,0,1
223200.0,913200.0,52120.0,-12813,-1771,1,0,2,3,1,0,1,0,0,1
93400.0,238200.0,12540.0,-17059,-1045,2,1,3,0,3,0,2,1,0,1
271400.0,545700.0,25770.0,-9395,-1088,1,0,0,0,3,0,3,0,0,1
114900.0,502600.0,31820.0,-18754,-1927,1,0,0,3,1,0,3,0,1,1
305400.0,1271900.0,77510.0,-22590,-955,1,0,3,3,1,0,2,0,0,1
169300.0,498100.0,29820.0,-14011,-2551,1,0,0,3,1,0,2,0,0,0
289700.0,1089100.0,64830.0,-9771,-570,1,0,3,3,0,0,2,0,0,1
231900.0,674300.0,31150.0,-14523,-1087,2,0,3,3,1,0,2,0,1,1
230600.0,799500.0,36520.0,-12085,-4023,2,0,0,3,0,0,2,0,1,0
260400.0,554800.0,28410.0,-19356,-426,2,0,3,0,1,0,2,0,0,1
143100.0,425000.0,24410.0,-7852,-959,2,0,3,3,1,0,1,0,1,0
130300.0,378000.0,19740.0,-16841,-2055,3,0,3,0,2,0,2,0,0,0
235300.0,631600.0,42100.0,-17546,-354,2,0,1,3,1,0,2,0,1,0
114300.0,278000.0,14880.0,-13634,-3073,3,0,3,3,0,3,2,1,0,1
326000.0,676500.0,45560.0,-8641,-131,2,1,2,3,1,0,3,0,1,1
102100.0,306400.0,19770.0,-11078,-600,4,0,2,3,1,0,2,0,0,1
126300.0,524500.0,26490.0,-8733,-2159,1,0,0,3,1,1,1,0,0,0
167800.0,597100.0,35470.0,-12605,-417,4,0,3,3,1,0,3,1,0,1
325100.0,796400.0,40250.0,-21973,-1624,4,0,3,3,1,0,3,0,0,1
507700.0,2155600.0,101530.0,-17777,-94,5,0,3,3,1,0,2,0,1,1
58600.0,177400.0,8930.0,-7671,-1096,1,0,3,0,1,2,3,0,0,1
173900.0,508200.0,30530.0,-11997,-1707,2,0,0,3,1,0,3,0,1,0
125600.0,362100.0,21310.0,-8506,-442,2,0,3,3,1,0,2,0,0,1
217700.0,759100.0,37800.0,-11811,-2550,2,0,3,3,3,0,2,0,0,0
48100.0,176400.0,9810.0,-8207,-332,1,0,3,3,3,0,1,1,0,1
151900.0,358800.0,18290.0,-11687,-4082,1,0,0,3,4,0,2,0,0,0
158200.0,324500.0,21380.0,-20783,-839,2,0,3,3,1,0,3,0,1,1
146100.0,300800.0,15160.0,-10783,-1091,2,0,3,3,1,0,2,0,0,0
190800.0,625800.0,29500.0,-11392,-1959,5,0,2,0,1,1,2,0,0,0
242200.0,514700.0,28950.0,-12074,-4102,2,0,1,3,1,0,1,0,1,1
339300.0,654800.0,28210.0,-23570,-3718,2,0,1,3,4,0,1,0,0,1
184900.0,444100.0,19950.0,-13276,-2090,2,0,1,0,1,0,2,1,0,0
112100.0,401200.0,25090.0,-22885,-768,2,0,3,3,1,0,1,0,0,1
149700.0,462300.0,23160.0,-9774,-1260,2,0,3,3,1,0,2,1,0,1
191100.0,505500.0,33990.0,-9854,-469,2,0,1,0,0,0,2,0,0,1
71100.0,185900.0,10090.0,-18044,-752,2,0,3,3,1,0,2,1,0,0
154300.0,343100.0,19070.0,-19919,-3790,2,0,0,3,1,0,2,0,1,1
104200.0,362000.0,20980.0,-13809,-88,5,0,3,3,0,0,2,1,1,0
162100.0,423300.0,27400.0,-23170,-1394,1,0,3,3,1,3,2,1,0,0
287600.0,789700.0,44910.0,-14642,-1691,2,0,1,3,1,0,3,1,0,0
136000.0,562100.0,25440.0,-11483,-965,2,0,3,3,4,0,3,0,0,0
153500.0,637200.0,29700.0,-21047,-324,2,0,0,3,4,0,1,0,0,1
220700.0,877800.0,40380.0,-19822,-5172,4,0,3,3,0,2,2,0,0,0
101400.0,229300.0,11500.0,-11875,-569,2,0,0,3,3,0,2,0,0,1
535100.0,1919100.0,124900.0,-11980,-2824,2,0,0,3,0,0,1,0,1,1
97400.0,226100.0,10780.0,-22430,-1022,1,0,3,3,1,1,3,0,1,0
225800.0,657300.0,39190.0,-13276,-1905,4,0,3,0,1,0,2,0,0,1
175400.0,600800.0,26720.0,-22324,-36,1,0,0,2,2,0,2,0,1,0
137800.0,452200.0,24930.0,-18470,-2560,2,0,3,0,1,0,1,0,0,0
126700.0,314800.0,20780.0,-11961,-2012,2,0,0,0,1,0,2,0,0,0
251900.0,846800.0,39600.0,-16879,-444,4,0,3,3,0,0,3,0,0,0
206100.0,787100.0,43940.0,-20828,-63,3,0,1,3,1,0,2,1,0,1
169200.0,334300.0,14240.0,-23124,-913,1,0,3,3,3,0,3,0,1,0
114500.0,474400.0,22560.0,-17898,-735,2,0,3,3,1,0,2,0,0,1
151000.0,651500.0,36500.0,-22002,-690,2,0,3,3,3,3,2,0,1,1
177200.0,736700.0,31990.0,-12185,-1562,1,0,0,3,1,0,1,0,1,0
117400.0,482300.0,23220.0,-19057,-1724,1,0,0,1,1,2,3,1,0,1
231200.0,443400.0,23670.0,-18674,-2217,4,0,3,3,1,0,3,0,1,1
176800.0,621100.0,30160.0,-22961,-1186,4,0,3,0,1,0,3,1,0,1
125600.0,250300.0,14480.0,-14291,-1350,1,0,1,0,3,0,1,0,0,0
130600.0,483000.0,22670.0,-9100,-204,2,0,3,3,1,0,2,0,0,1
112200.0,222100.0,11740.0,-19697,-1453,2,1,1,3,1,0,2,0,0,0
96900.0,223600.0,14720.0,-15122,-757,2,1,3,0,1,1,3,0,1,0
199800.0,599400.0,29370.0,-8287,-1712,3,0,1,3,3,0,2,0,1,0
129500.0,422300.0,21990.0,-11885,-495,2,0,0,3,2,0,1,1,1,0
106000.0,218100.0,13830.0,-14043,-2996,2,0,1,3,1,0,3,0,0,1
266500.0,800900.0,47030.0,-22900,-3748,2,0,3,3,4,0,2,0,1,1
142600.0,461800.0,22230.0,-19122,-87,2,1,1,0,1,0,2,0,0,1
345500.0,662400.0,31650.0,-12538,-293,1,0,0,3,0,0,2,0,0,1
219000.0,509000.0,28510.0,-20388,-524,3,1,2,3,1,0,2,0,0,0
135000.0,525800.0,27710.0,-22960,-2324,1,0,3,0,0,0,2,0,0,0
112300.0,345800.0,23390.0,-19982,-1128,1,0,0,3,1,0,2,0,1,1
154300.0,393900.0,19960.0,-20696,-322,2,1,1,3,1,0,1,1,0,1
206300.0,720700.0,40220.0,-15446,-2603,3,0,3,0,1,0,1,0,1,1
95500.0,329000.0,21360.0,-16769,-1826,2,0,1,3,1,0,2,0,0,0
190600.0,798100.0,50150.0,-13371,-1111,3,0,0,3,1,0,2,0,0,0
90900.0,236300.0,12240.0,-21508,-1926,1,0,1,3,3,0,2,1,1,1
150500.0,441000.0,21350.0,-20908,-2854,2,1,3,0,3,0,2,0,0,1
45000.0,164000.0,9680.0,-18751,-211,2,0,3,3,0,0,3,0,1,1
241800.0,1074900.0,64130.0,-22055,-693,2,0,1,0,3,0,2,0,0,1
116200.0,302000.0,15620.0,-18450,-1148,3,1,3,3,4,0,1,0,1,1
50000.0,195300.0,10350.0,-11092,-1590,2,0,0,3,1,3,2,0,1,1
238700.0,997900.0,53180.0,-13589,-1354,2,0,3,3,1,0,2,1,0,1
180000.0,530600.0,28980.0,-21896,-2185,3,0,3,3,1,0,3,0,0,0
317700.0,755200.0,38530.0,-13490,-1192,1,0,3,3,1,0,2,0,1,1
76500.0,314200.0,13420.0,-13462,-2299,2,0,3,0,1,0,3,0,1,1
99700.0,404700.0,17130.0,-13122,-2039,3,0,3,3,1,0,1,1,0,1
67200.0,183000.0,9090.0,-18805,-2220,1,0,0,3,4,0,2,0,1,1
169800.0,538600.0,33150.0,-22100,-2147,4,0,3,3,1,0,1,0,1,1
131700.0,305500.0,12980.0,-22842,-992,1,0,1,3,1,0,2,1,0,0
116600.0,509500.0,26190.0,-15164,-549,1,0,3,3,1,0,3,0,1,1
103900.0,352500.0,21820.0,-13151,-3457,3,1,1,3,1,0,2,0,0,1
47700.0,105700.0,5810.0,-21464,-853,4,0,3,3,1,0,2,0,1,1
267600.0,1190700.0,51770.0,-12284,-3235,3,0,1,3,1,1,3,0,0,0
214000.0,449200.0,29830.0,-14626,-1128,3,0,3,3,2,2,1,0,0,0
45000.0,116500.0,5030.0,-14678,-794,2,0,0,3,1,0,3,0,1,1
161400.0,515600.0,23120.0,-20047,-1370,2,0,3,0,1,0,3,0,1,1
351200.0,1447000.0,73800.0,-19372,-258,2,0,0,3,1,0,1,1,0,1
184900.0,535400.0,28890.0,-17212,-4266,3,0,3,3,1,0,2,0,0,0
150800.0,381300.0,18440.0,-22200,-1837,2,1,3,3,1,0,3,0,0,0
150100.0,605200.0,35920.0,-14274,-3491,1,0,3,3,3,0,2,0,0,1
692700.0,2818700.0,173000.0,-15335,-5479,3,0,1,3,0,0,2,0,0,0
199400.0,387300.0,21980.0,-12902,-1003,2,1,2,3,1,3,2,0,0,1
105800.0,405900.0,25090.0,-15422,-1159,4,0,3,3,0,0,2,0,1,1
45000.0,167700.0,8600.0,-18858,-732,5,0,1,1,1,0,1,0,1,0
98000.0,295000.0,19980.0,-22960,-106,2,0,0,3,1,0,2,0,1,1
211400.0,911300.0,46410.0,-18959,-748,2,0,1,0,1,0,2,0,0,1
217900.0,499700.0,29400.0,-21485,-295,2,0,0,3,1,0,3,0,0,0
128900.0,302600.0,18500.0,-12181,-622,2,0,3,3,3,0,2,0,0,0
86100.0,325200.0,17570.0,-9760,-41,2,0,0,3,1,0,2,1,0,0
195300.0,546000.0,34910.0,-20958,-509,2,0,3,0,1,0,2,0,0,1
298400.0,887500.0,47900.0,-10540,-610,2,1,3,3,1,0,2,0,1,1
47800.0,156100.0,7590.0,-10749,-216,3,0,1,3,1,2,2,0,1,1
109800.0,491600.0,24640.0,-18380,-943,3,0,1,3,1,0,2,0,1,1
246200.0,975700.0,41820.0,-16640,-10066,2,0,3,3,1,0,2,0,0,0
90600.0,330000.0,14740.0,-15831,-426,3,1,0,3,1,0,3,0,0,1
157600.0,437200.0,29370.0,-16519,-3142,3,0,1,3,1,0,3,0,1,1
236400.0,806400.0,52760.0,-12205,-99,1,0,3,3,3,0,2,0,1,0
172100.0,530800.0,29410.0,-16218,-2824,5,0,0,3,1,0,2,0,0,1
205800.0,761600.0,41900.0,-12793,-887,1,0,3,1,1,0,2,0,0,1
200500.0,619500.0,40990.0,-14748,-2284,3,1,1,3,1,0,2,0,0,0
118500.0,307500.0,13420.0,-9307,-2269,2,1,3,0,3,0,3,1,0,1
82500.0,291300.0,19300.0,-12958,-628,4,0,3,3,1,0,2,0,0,1
75200.0,202900.0,12880.0,-7895,-1320,2,0,3,3,0,0,2,0,0,1
45000.0,84100.0,4630.0,-16367,-1844,2,1,3,2,1,0,2,0,0,0
242300.0,779900.0,35690.0,-19285,-680,2,0,0,3,1,0,2,0,1,1
90300.0,280200.0,17520.0,-8822,-1260,2,0,0,0,0,0,2,0,1,1
107800.0,200800.0,11160.0,-17713,-103,1,0,3,3,1,0,2,0,0,1
140300.0,501600.0,23070.0,-22810,-42,4,0,3,0,2,3,2,0,1,0
227500.0,880400.0,46810.0,-20924,-439,3,0,3,0,1,1,2,0,0,0
131600.0,379100.0,20740.0,-21976,-4253,2,0,3,0,4,1,2,1,1,1
147300.0,412000.0,23520.0,-10284,-525,2,0,1,0,1,0,2,0,0,0
100100.0,306900.0,17550.0,-19032,-3183,2,0,3,0,0,0,2,0,1,1
201600.0,417200.0,22690.0,-22749,-3304,2,0,3,0,1,0,2,0,0,1
123700.0,229500.0,12880.0,-13183,-1356,2,0,3,3,2,0,2,0,0,1
200000.0,696900.0,42490.0,-8517,-977,3,0,1,3,0,0,2,0,0,1
152700.0,279500.0,13080.0,-19036,-834,3,1,3,1,0,0,1,0,0,0
125200.0,419200.0,24160.0,-8209,-196,3,0,0,3,1,0,2,0,0,1
288600.0,587700.0,25480.0,-15186,-1405,4,0,2,0,1,0,2,0,0,0
92200.0,235200.0,11870.0,-20258,-1312,2,0,3,3,1,0,3,0,0,0
207800.0,818400.0,41620.0,-20305,-156,2,0,2,2,1,0,1,0,0,1
113000.0,247300.0,12750.0,-21911,-241,2,0,1,0,2,0,2,0,0,1
143800.0,331100.0,17120.0,-7900,-1325,3,0,3,0,1,0,3,0,0,1
107500.0,415000.0,21810.0,-16224,-405,3,0,0,3,1,0,3,0,0,1
275900.0,1000100.0,59900.0,-14962,-1726,2,0,3,3,1,0,3,0,1,1
175600.0,519000.0,30410.0,-21469,-505,2,0,3,2,1,0,1,1,0,1
127600.0,260800.0,13080.0,-21237,-1229,2,0,0,3,4,0,1,0,0,1
129300.0,555300.0,27440.0,-17711,-1662,2,0,3,3,1,0,2,0,0,1
202400.0,444900.0,19920.0,-8656,-350,2,0,3,0,4,0,2,0,1,1
223000.0,907900.0,41840.0,-21236,-198,1,0,1,0,1,0,2,1,1,1
116900.0,241600.0,13350.0,-20891,-774,4,0,1,3,1,3,2,0,0,1
109700.0,416800.0,23620.0,-19599,-3284,1,0,1,3,1,1,2,0,0,0
243000.0,990700.0,50160.0,-20634,-867,1,0,3,0,1,0,3,0,0,0
120000.0,245100.0,16240.0,-9524,-2950,4,0,1,0,1,0,1,0,0,1
136400.0,310100.0,13040.0,-15290,-1218,2,0,1,0,1,0,1,0,0,0
96700.0,324300.0,21100.0,-12896,-411,2,1,3,0,0,0,2,1,0,1
144900.0,506200.0,22630.0,-20877,-37,2,0,3,0,1,0,2,1,0,1
163700.0,681000.0,31780.0,-22049,-1530,2,0,3,3,3,0,3,1,0,0
78900.0,215600.0,14530.0,-19717,-3194,2,0,2,3,1,0,2,0,0,1
270600.0,712300.0,32060.0,-8405,-1830,2,0,3,3,0,0,2,0,0,0
196500.0,643500.0,37500.0,-14103,-36,2,0,0,3,2,0,2,0,0,1
81700.0,293000.0,16150.0,-9158,-2474,2,0,3,3,3,0,2,0,0,1
150400.0,600500.0,33120.0,-21417,-4213,2,0,0,1,1,0,2,0,0,1
165300.0,335800.0,16380.0,-13400,-425,4,0,3,3,1,0,2,0,0,0
85100.0,370500.0,25140.0,-13174,-4747,2,0,3,0,1,0,1,1,1,0
130300.0,255100.0,11180.0,-10516,-308,2,0,1,3,1,0,2,1,0,1
154000.0,625200.0,28900.0,-21552,-798,3,0,0,3,0,0,2,0,1,1
156400.0,527800.0,27470.0,-21394,-3376,2,0,3,3,1,0,3,0,0,0
444600.0,1634900.0,74590.0,-15606,-366,2,0,1,3,1,0,2,0,1,1
143600.0,295900.0,14620.0,-21435,-1876,2,0,3,3,3,0,2,0,0,1
155100.0,582300.0,34370.0,-13576,-163,2,0,3,3,1,2,2,0,1,1
284700.0,647300.0,28360.0,-19977,-254,2,1,0,3,1,0,2,1,0,0
157100.0,434900.0,19990.0,-18182,-36,2,0,3,1,0,0,3,1,1,0
180600.0,652800.0,31750.0,-12093,-2826,2,0,1,2,1,0,2,0,1,0
63000.0,245300.0,13300.0,-16029,-83,2,0,3,3,1,0,3,0,0,1
434700.0,1010700.0,46030.0,-17923,-1581,4,0,3,3,1,0,2,0,1,0
152000.0,621900.0,34410.0,-19455,-1259,2,0,1,3,1,0,1,0,1,1
309400.0,995000.0,53960.0,-20865,-729,4,0,0,3,3,0,1,0,1,1
75600.0,193900.0,11310.0,-18577,-2383,1,0,0,3,1,1,2,0,0,1
109700.0,264000.0,15870.0,-20858,-5905,3,0,2,0,3,0,3,0,0,1
96200.0,344600.0,17520.0,-13426,-1892,1,0,3,0,1,0,1,0,0,0
106900.0,439400.0,23410.0,-12559,-1394,2,0,0,0,0,0,1,0,0,0
127700.0,480400.0,25150.0,-14638,-204,2,0,3,3,3,0,2,0,0,1
279100.0,949100.0,43840.0,-10578,-1757,2,0,0,3,1,0,2,1,0,0
246600.0,870400.0,44740.0,-9021,-170,4,0,3,3,1,0,2,1,1,0
385800.0,1243600.0,67870.0,-21981,-3834,2,1,3,3,1,0,2,1,0,0
358700.0,1277300.0,74290.0,-16279,-1936,2,0,1,0,3,0,2,1,0,1
173300.0,706900.0,33660.0,-16429,-1755,2,1,0,3,1,3,2,0,0,0
161300.0,706900.0,46660.0,-12544,-5434,2,0,0,3,2,0,3,0,0,0
210400.0,868800.0,52240.0,-10882,-1238,2,0,3,3,3,0,2,1,0,1
71600.0,261900.0,12900.0,-17381,-2011,1,0,1,0,1,0,3,0,1,0
296700.0,642200.0,37380.0,-20338,-1242,3,0,2,0,1,0,1,0,0,1
105000.0,244200.0,15220.0,-14886,-47,2,0,1,3,3,0,2,1,0,1
344300.0,966500.0,56920.0,-20392,-1627,2,0,0,0,1,0,2,0,1,1
89000.0,254300.0,14310.0,-21634,-1761,1,0,3,3,1,1,2,0,0,1
184000.0,562400.0,26820.0,-17905,-5717,1,0,1,0,1,0,2,0,0,1
86300.0,297000.0,15860.0,-22220,-2720,1,0,3,3,3,0,3,0,0,1
173200.0,390100.0,20490.0,-15660,-2959,4,0,3,3,1,0,2,0,0,0
217600.0,859100.0,48610.0,-8596,-2022,1,0,1,2,1,0,3,0,1,1
187900.0,418800.0,23130.0,-23250,-1442,2,0,3,3,1,0,2,0,1,1
52300.0,175600.0,11010.0,-8277,-348,2,0,3,1,1,0,2,0,0,0
192500.0,744600.0,33750.0,-15907,-785,2,0,0,3,1,0,2,0,1,0
124600.0,248600.0,13100.0,-10605,-656,3,0,1,3,0,0,2,0,1,1
230800.0,992300.0,44800.0,-16019,-530,2,0,3,3,1,0,2,0,0,0
158900.0,632900.0,35160.0,-21088,-83,1,0,3,0,1,0,3,1,0,0
183100.0,344200.0,20100.0,-14074,-120,3,0,0,3,1,1,2,1,0,1
176500.0,635900.0,36560.0,-9956,-3381,1,0,0,3,2,0,2,0,0,1
123500.0,493500.0,25430.0,-14295,-612,2,0,3,3,1,0,3,0,1,1
111500.0,312100.0,20510.0,-16644,-4115,4,1,1,3,0,0,2,0,1,1
98100.0,270200.0,15550.0,-21485,-286,4,0,0,3,1,3,3,0,0,0
219400.0,454300.0,24510.0,-20493,-1441,2,0,3,0,1,0,2,0,0,1
104600.0,464000.0,29600.0,-12460,-418,1,0,0,3,1,0,1,0,0,0
466400.0,1085200.0,67550.0,-19900,-1192,3,0,1,0,3,1,2,0,0,1
162500.0,327900.0,21430.0,-15506,-1912,3,0,1,0,1,3,1,1,0,1
358200.0,1414200.0,83310.0,-12732,-5000,2,0,3,3,1,0,2,0,0,1
191300.0,524000.0,28880.0,-22055,-3229,3,0,3,0,1,0,2,0,0,1
203800.0,458700.0,30470.0,-12344,-1925,2,0,3,3,1,0,2,1,0,0
128600.0,542300.0,27110.0,-14287,-797,2,0,1,3,1,0,2,0,1,1
226900.0,980600.0,57140.0,-22852,-91,3,0,1,3,1,0,2,0,0,1
113500.0,283700.0,15630.0,-11851,-440,2,0,3,0,1,0,2,0,0,1
45000.0,123300.0,6300.0,-16875,-126,2,1,2,3,1,0,1,0,1,0
75300.0,307900.0,13950.0,-14978,-3874,4,0,3,0,1,0,1,0,0,0
114700.0,417100.0,20870.0,-16968,-94,4,0,0,0,1,3,2,0,0,0
89100.0,310300.0,14030.0,-19483,-1381,2,0,2,3,4,0,3,0,0,1
105800.0,335500.0,22190.0,-15052,-2840,2,0,0,3,3,0,2,1,1,1
182900.0,702600.0,45330.0,-20981,-1407,2,0,1,3,3,0,1,0,1,1
192600.0,792900.0,47120.0,-8928,-730,2,1,3,3,1,0,3,0,0,1
69700.0,271200.0,14620.0,-10374,-547,1,0,2,3,1,0,1,1,0,1
168500.0,622000.0,40590.0,-20888,-4268,2,0,3,0,1,0,1,1,0,1
397000.0,1212100.0,68540.0,-13955,-2327,1,0,3,2,0,0,1,0,1,1
223700.0,724800.0,35080.0,-22718,-2392,1,0,3,3,1,0,2,1,0,1
185300.0,638900.0,31530.0,-21123,-4070,5,0,1,3,1,0,2,0,1,0
96300.0,305000.0,20370.0,-21089,-268,3,0,2,1,1,0,2,1,0,1
201300.0,895600.0,47410.0,-10984,-654,2,0,3,3,1,0,2,0,1,0
254300.0,677300.0,29570.0,-13168,-723,1,0,3,3,0,0,3,0,1,1
150800.0,644300.0,28780.0,-11889,-1695,1,0,3,3,1,0,2,0,0,1
119000.0,394300.0,17910.0,-16942,-1004,1,0,3,3,0,3,2,1,0,0
76500.0,217900.0,9770.0,-17984,-2984,3,0,3,3,3,0,1,0,0,1
45000.0,183900.0,12240.0,-17898,-3589,1,0,1,3,1,0,1,0,1,1
155000.0,661500.0,37520.0,-16392,-7893,5,1,1,3,1,0,3,0,0,1
122400.0,375200.0,19300.0,-21224,-3720,2,0,3,3,0,0,2,0,0,0
92800.0,193200.0,12270.0,-16764,-2341,2,0,1,0,3,0,1,0,0,0
234800.0,849200.0,56610.0,-10869,-4295,3,0,3,0,0,0,2,0,0,0
75700.0,202200.0,11200.0,-11661,-717,2,0,1,3,1,0,1,1,0,0
224300.0,638700.0,28360.0,-16357,-906,2,0,3,3,1,0,2,0,0,0
206200.0,650900.0,33490.0,-15068,-1336,2,0,0,3,1,0,2,0,0,1
245000.0,704500.0,37620.0,-22623,-2950,2,0,0,3,1,0,2,0,1,0
76100.0,253600.0,15260.0,-23098,-756,3,0,1,3,3,0,2,0,0,0
257600.0,762400.0,47460.0,-8810,-984,4,0,2,3,3,0,2,0,0,1
239400.0,445100.0,20920.0,-20133,-71,2,0,0,0,1,0,3,0,0,1
506800.0,1697700.0,94940.0,-11802,-954,1,0,3,3,0,0,1,0,0,0
148500.0,291500.0,17490.0,-9478,-2903,2,0,3,3,1,0,3,0,1,1
141600.0,433700.0,23980.0,-11034,-3230,3,1,0,0,1,0,2,0,0,0
167000.0,357800.0,21850.0,-19528,-2719,2,0,1,3,3,0,3,0,1,1
279100.0,1245200.0,63960.0,-11553,-824,4,0,3,3,0,0,2,0,0,1
130200.0,277400.0,15540.0,-14413,-7839,2,0,3,3,1,0,2,0,0,1
181000.0,716300.0,42960.0,-17097,-3095,3,0,0,3,3,0,2,0,0,1
111500.0,200700.0,13210.0,-14352,-36,2,1,3,3,1,2,2,0,0,0
220700.0,405500.0,22670.0,-22229,-744,1,0,0,0,1,0,2,1,0,1
162800.0,573400.0,26750.0,-14727,-1222,2,0,3,3,1,0,2,0,0,1
99400.0,285300.0,17070.0,-16032,-5929,2,0,3,3,1,1,3,0,0,0
115400.0,412700.0,22570.0,-18195,-7937,1,0,3,0,1,0,2,0,1,1
78500.0,305400.0,14690.0,-19874,-994,1,0,3,3,3,0,3,0,1,1
197600.0,761600.0,38330.0,-16987,-1248,3,1,2,3,1,0,3,0,1,1
158500.0,434200.0,28980.0,-14082,-3856,2,0,1,3,1,1,2,0,1,0
236000.0,1041800.0,59710.0,-16118,-1255,4,0,3,3,1,0,3,0,0,1
90900.0,401200.0,21760.0,-15727,-2755,3,0,0,3,4,0,3,0,1,0
110900.0,362200.0,20280.0,-21340,-2103,2,0,0,3,1,0,2,0,0,0
117000.0,430000.0,25000.0,-11274,-3960,2,0,2,3,1,2,1,0,1,1
126100.0,311900.0,20830.0,-15956,-1629,1,0,3,0,0,0,2,0,1,0
285300.0,1227500.0,68860.0,-19330,-3913,2,0,2,3,3,0,2,0,0,1
160000.0,373600.0,22280.0,-10329,-163,3,1,0,3,3,0,3,0,1,1
481300.0,1139100.0,49420.0,-14325,-563,2,0,3,3,3,1,2,1,0,1
126200.0,307900.0,16080.0,-16935,-2063,2,0,3,3,1,0,2,0,0,0
90000.0,310700.0,14080.0,-9741,-1361,2,0,2,3,1,0,1,0,0,1
131700.0,494800.0,28150.0,-22937,-748,2,0,0,3,1,3,2,0,0,1
424600.0,1764000.0,115990.0,-10655,-4081,3,0,3,3,1,3,2,1,1,1
179900.0,348200.0,15580.0,-14442,-1662,2,0,3,0,0,0,2,1,1,1
267100.0,628600.0,33090.0,-19580,-2977,3,0,2,0,1,0,2,1,1,1
186600.0,687800.0,31600.0,-13377,-2992,2,0,0,3,0,0,2,0,0,0
153100.0,609800.0,34680.0,-20953,-312,3,1,3,0,1,0,1,0,0,0
115500.0,208900.0,10160.0,-10906,-3685,1,0,2,0,1,0,3,0,1,1
211800.0,653900.0,27840.0,-23179,-280,2,0,3,3,0,0,2,0,0,0
246800.0,885600.0,57740.0,-15786,-36,2,0,3,3,1,0,3,0,1,0
398100.0,1480500.0,71880.0,-13017,-340,1,0,3,3,1,1,2,0,0,1
67800.0,304500.0,12890.0,-22561,-965,2,0,3,3,1,0,2,0,0,1
190700.0,760600.0,40270.0,-20549,-1869,3,1,2,3,1,0,2,1,0,0
69100.0,127400.0,6320.0,-11695,-69,2,0,1,3,3,2,1,1,0,1
161200.0,513100.0,34420.0,-13954,-2352,3,0,3,3,1,0,2,0,0,1
133700.0,271900.0,15150.0,-21339,-1239,3,0,3,3,3,0,3,0,1,1
159200.0,379600.0,25110.0,-17251,-52,4,0,3,3,3,0,2,0,0,1
101000.0,395300.0,25810.0,-18358,-1980,2,0,0,0,1,0,1,0,0,1
314300.0,1091800.0,71670.0,-9069,-2495,1,1,3,3,3,2,3,0,1,1
176000.0,680500.0,36400.0,-20022,-479,2,0,3,0,1,0,2,1,0,0
77000.0,180600.0,10670.0,-11519,-156,1,0,3,1,1,0,1,0,0,1
316200.0,892300.0,37620.0,-21810,-1744,4,1,3,0,0,0,2,0,0,1
107700.0,432400.0,22740.0,-16227,-9653,3,0,3,3,1,0,3,1,1,0
204300.0,858500.0,41980.0,-16226,-108,1,0,0,3,3,0,2,0,1,1
82500.0,294700.0,14700.0,-11995,-2002,3,0,1,3,2,0,2,0,0,1
112100.0,379400.0,16280.0,-20507,-1132,2,0,3,0,1,3,2,0,0,1
236000.0,509800.0,26380.0,-14607,-3909,2,0,3,0,1,0,3,0,0,1
88300.0,382100.0,22020.0,-8379,-1805,3,0,0,3,1,0,2,0,1,1
230800.0,479500.0,20220.0,-14178,-5116,4,0,0,0,2,3,2,0,0,0
110800.0,217200.0,12980.0,-12256,-741,2,0,3,3,1,0,1,0,1,0
113700.0,438100.0,22360.0,-8302,-1728,1,1,3,3,1,0,2,1,0,1
89900.0,348900.0,15910.0,-14064,-574,2,0,0,3,1,0,2,1,0,0
67300.0,126500.0,5790.0,-19345,-932,2,0,3,0,3,3,2,0,1,0
173100.0,602800.0,27710.0,-14290,-708,1,0,3,0,3,1,3,1,0,1
136600.0,349100.0,23590.0,-21031,-6494,2,0,2,3,3,0,2,0,0,1
63600.0,215500.0,10980.0,-11406,-2969,2,0,3,3,0,0,2,0,1,1
91800.0,223500.0,10740.0,-8117,-337,3,0,1,3,1,0,2,0,0,1
194000.0,505900.0,21860.0,-13811,-792,2,0,3,3,1,0,2,0,1,0
124800.0,373200.0,15970.0,-8235,-1393,2,0,2,3,1,0,1,1,0,0
102800.0,233100.0,12820.0,-11923,-5348,2,0,3,0,1,0,2,0,0,1
115300.0,426300.0,20070.0,-11938,-1016,2,0,3,3,4,0,3,0,0,0
165300.0,677000.0,36760.0,-23687,-3751,2,0,3,3,2,0,3,0,0,0
367400.0,1198700.0,55520.0,-20066,-3779,5,0,3,3,3,0,3,0,0,0
148900.0,344100.0,21870.0,-11366,-2893,4,1,0,3,0,0,3,0,0,0
82100.0,170700.0,11350.0,-8693,-295,2,0,3,3,2,3,3,1,0,1
173600.0,532600.0,26180.0,-21275,-1258,2,0,0,3,1,1,3,0,1,0
71900.0,171500.0,10860.0,-12687,-461,5,1,3,0,1,0,3,0,0,1
136900.0,264400.0,14050.0,-19306,-958,3,0,0,3,3,0,1,0,1,1
108900.0,279200.0,16150.0,-17444,-1333,3,0,0,3,1,0,2,1,0,1
135900.0,459600.0,27520.0,-23123,-269,2,0,0,3,1,0,3,0,0,0
113400.0,374100.0,21670.0,-14020,-4585,2,0,3,1,4,0,2,0,0,1
45000.0,193500.0,10540.0,-20646,-1194,2,0,3,3,1,0,3,0,0,1
157900.0,511500.0,32970.0,-18134,-1506,1,0,3,0,1,3,3,0,1,0
94300.0,323500.0,14340.0,-20860,-527,4,0,1,0,1,0,2,0,0,1
88500.0,159300.0,8520.0,-11551,-222,1,0,0,0,1,0,2,0,0,1
124500.0,414800.0,28190.0,-15105,-7124,2,1,3,3,1,0,2,0,0,0
267800.0,710600.0,38750.0,-8559,-1985,1,0,2,3,1,0,3,0,1,0
144700.0,522300.0,29930.0,-9037,-2463,2,0,0,1,2,0,3,0,0,1
190000.0,511800.0,25230.0,-20206,-304,4,0,3,3,0,3,2,0,0,0
210700.0,406600.0,27600.0,-19182,-8752,5,0,0,3,1,0,2,1,1,1
123500.0,229400.0,13870.0,-12322,-260,2,0,3,3,0,0,1,0,0,1
75500.0,185600.0,10410.0,-8889,-418,3,0,3,3,1,0,1,1,0,0
84000.0,206800.0,8730.0,-14886,-80,3,0,3,3,1,3,2,0,0,0
292300.0,836600.0,40600.0,-9629,-74,2,0,3,3,0,0,3,0,0,0
109700.0,467700.0,23770.0,-18095,-2280,1,0,3,3,1,0,1,0,1,1
103600.0,351600.0,16080.0,-16332,-3919,2,0,1,0,2,2,2,0,0,1
177400.0,645700.0,28160.0,-10183,-2827,2,0,3,3,1,0,1,0,0,1
127500.0,302300.0,17490.0,-20761,-4683,2,0,2,3,3,0,2,0,0,1
139900.0,310800.0,15160.0,-14795,-1678,5,0,0,0,3,0,2,0,0,0
93800.0,299900.0,15190.0,-21539,-3637,3,0,3,1,1,0,2,1,0,1
124100.0,475100.0,21320.0,-23199,-1296,4,0,3,0,4,0,3,0,0,1
162500.0,649400.0,34250.0,-15305,-3989,2,0,0,1,1,0,2,0,0,1
149800.0,426700.0,18140.0,-15580,-51,1,1,0,1,1,0,1,0,0,1
162400.0,644400.0,29430.0,-18600,-36,2,0,3,2,1,0,2,0,1,1
134900.0,419500.0,22790.0,-20970,-761,1,0,2,0,1,0,2,0,0,1
234800.0,818600.0,53050.0,-8364,-1621,1,0,1,3,1,0,2,0,1,1
138900.0,607100.0,26040.0,-11360,-561,2,1,3,3,0,0,2,0,0,1
108800.0,455400.0,29490.0,-8957,-1928,5,0,3,0,1,0,1,0,0,1
242100.0,872100.0,57460.0,-22347,-6196,1,0,3,3,1,0,2,0,0,1
296200.0,874500.0,52740.0,-8702,-667,3,0,2,3,2,0,2,0,1,1
209200.0,489800.0,22020.0,-18648,-366,1,1,1,3,0,0,2,0,0,1
147800.0,269100.0,18200.0,-21507,-935,4,0,3,0,3,0,3,0,0,1
120700.0,334200.0,19450.0,-19339,-4971,4,0,3,3,1,0,2,1,0,0
209700.0,493000.0,30000.0,-15931,-1135,2,0,2,1,1,3,3,0,1,1
67300.0,236600.0,10960.0,-10398,-1445,2,1,1,3,3,0,3,0,0,0
153200.0,675800.0,38770.0,-8318,-1743,4,0,3,0,3,0,2,0,0,0
562300.0,2242300.0,133110.0,-13998,-143,1,0,0,3,1,0,3,0,1,1
76100.0,320900.0,18540.0,-16276,-489,2,0,3,0,3,0,2,0,1,1
126300.0,440200.0,28770.0,-9215,-713,1,0,1,0,1,0,3,0,1,1
65800.0,255400.0,17280.0,-23625,-787,5,0,1,0,1,0,2,0,1,1
362400.0,1612600.0,69380.0,-16691,-290,1,0,3,3,1,0,2,0,1,1
220600.0,427100.0,22910.0,-14881,-6714,2,0,3,3,1,0,1,0,1,1
160900.0,617400.0,40010.0,-17252,-3598,1,0,3,0,1,0,2,1,0,0
69900.0,137100.0,6020.0,-7864,-1290,2,0,1,0,1,0,2,0,0,1
124100.0,235200.0,10610.0,-9293,-1455,2,0,0,3,0,0,2,0,1,1
214400.0,402000.0,22080.0,-22721,-3336,4,1,3,3,1,0,2,0,0,1
56700.0,160700.0,6910.0,-23032,-5412,1,0,3,3,2,0,3,0,0,1
102200.0,320800.0,14280.0,-18114,-223,3,0,0,3,1,0,2,1,0,0
155300.0,405400.0,17180.0,-23705,-754,2,0,3,0,1,2,2,0,0,1
45600.0,204300.0,13320.0,-8757,-2183,4,0,1,3,3,0,1,1,0,1
724500.0,3000000.0,192070.0,-17731,-2390,2,0,2,3,1,0,2,0,0,1
142000.0,565000.0,30900.0,-14378,-4427,3,0,0,3,1,0,2,0,1,1
172700.0,738400.0,45660.0,-12850,-2286,2,0,3,3,2,0,2,0,1,1
153300.0,580400.0,28930.0,-17302,-1424,1,0,0,3,1,1,2,0,0,1
273300.0,1229600.0,52330.0,-8395,-660,1,0,1,0,1,3,2,0,1,1
100300.0,439800.0,24700.0,-11289,-662,3,1,0,3,3,0,2,1,1,0
174000.0,654600.0,43340.0,-7827,-198,1,0,0,0,1,0,2,0,1,0
245100.0,879300.0,55700.0,-13799,-502,3,0,3,0,3,0,2,0,1,1
184900.0,346100.0,23060.0,-21275,-106,4,0,3,0,1,0,2,0,0,0
88000.0,312300.0,18400.0,-14387,-1817,3,0,1,0,1,0,3,0,0,0
140500.0,522500.0,30680.0,-12296,-1006,1,0,3,0,3,1,2,0,0,0
330400.0,1209700.0,69510.0,-19719,-1550,1,0,1,3,1,0,2,0,0,0
142600.0,547500.0,28430.0,-20154,-747,1,0,3,0,0,0,2,0,0,1
170000.0,688600.0,31870.0,-9429,-1442,2,0,0,0,1,0,2,1,1,1
176900.0,673300.0,36060.0,-22892,-3607,4,1,3,0,1,0,2,0,1,1
173800.0,444600.0,28080.0,-8965,-940,2,0,1,3,4,1,2,0,0,1
116500.0,258200.0,12220.0,-13710,-3394,1,0,3,3,1,0,2,0,0,1
87100.0,352100.0,18110.0,-23519,-318,1,0,3,1,2,0,2,0,0,1
117300.0,221000.0,12600.0,-21102,-418,2,0,0,3,3,0,1,0,0,1
148400.0,570800.0,34510.0,-15435,-1763,2,0,3,0,1,0,2,1,0,0
182100.0,381600.0,19820.0,-15644,-1387,2,0,2,0,1,0,2,0,1,1
199200.0,528500.0,27780.0,-13974,-2270,2,0,1,3,3,0,2,0,0,0
213900.0,673500.0,30020.0,-9263,-1181,5,0,3,3,1,0,2,0,0,1
81700.0,318400.0,15630.0,-17450,-1050,2,0,1,3,1,0,2,0,0,1
275600.0,1069400.0,45790.0,-9524,-2300,2,0,3,3,1,0,2,0,0,0
96400.0,219200.0,9830.0,-11926,-95,1,0,3,3,1,0,3,0,0,1
172000.0,754600.0,42420.0,-22820,-3229,4,0,3,3,1,0,2,1,1,0
72000.0,302000.0,17060.0,-10373,-1629,2,0,3,2,1,0,2,1,0,0
139900.0,490700.0,28200.0,-22364,-1976,2,0,3,3,3,0,3,0,1,1
71700.0,301300.0,14680.0,-11978,-1515,5,0,0,0,0,0,3,0,0,1
136600.0,509700.0,23940.0,-16098,-178,2,0,0,3,1,1,2,1,1,1
56200.0,169800.0,8990.0,-22332,-194,2,0,0,0,1,2,1,0,0,0
114400.0,407800.0,17420.0,-23657,-3628,3,0,1,3,3,0,1,0,1,1
190600.0,539100.0,24430.0,-12716,-180,3,1,0,3,1,0,2,0,1,1
237500.0,630500.0,37640.0,-21842,-1839,4,0,3,0,0,0,3,1,1,1
111500.0,358300.0,24270.0,-12685,-213,1,0,3,3,1,0,3,1,1,0
45000.0,124900.0,7180.0,-14541,-993,3,0,0,3,4,0,2,1,0,1
281400.0,1048600.0,47260.0,-9862,-2556,4,0,1,3,1,0,2,1,1,1
103400.0,325000.0,21780.0,-15748,-1156,1,0,0,3,3,0,2,0,1,1
220200.0,890500.0,55480.0,-13648,-4084,3,0,1,3,1,0,2,0,0,1
138200.0,501300.0,26290.0,-8169,-688,2,0,1,3,3,0,2,0,0,1
185500.0,509000.0,22670.0,-9686,-3112,2,0,3,3,1,0,3,0,0,1
111600.0,328800.0,21300.0,-15736,-629,2,0,3,0,1,0,1,0,0,1
132200.0,487200.0,33060.0,-9845,-968,2,0,3,0,3,0,2,0,0,1
176800.0,747200.0,37750.0,-12423,-723,2,1,3,3,1,0,2,0,1,1
139400.0,534400.0,26540.0,-16634,-1040,2,0,0,3,1,0,2,0,0,1
71100.0,149800.0,8560.0,-15019,-355,2,0,1,0,3,0,2,0,1,1
147700.0,527300.0,32340.0,-22596,-1170,2,0,2,3,1,0,2,0,0,1
109500.0,316000.0,18950.0,-10081,-1127,3,0,3,3,1,0,2,1,0,0
319100.0,1271200.0,69560.0,-8751,-920,2,0,3,0,0,1,2,0,0,1
260800.0,694100.0,41830.0,-19908,-1988,1,0,0,3,3,1,1,0,0,0
126300.0,407400.0,20140.0,-15318,-2567,4,0,0,3,1,0,2,0,0,0
57700.0,223400.0,15070.0,-15059,-4081,3,0,0,0,2,0,1,0,0,0
100100.0,340400.0,16230.0,-22848,-1102,3,0,0,3,3,0,2,0,1,0
78100.0,208100.0,13230.0,-18414,-222,2,0,3,3,1,0,2,0,0,0
89900.0,318100.0,19700.0,-18978,-2640,1,0,0,3,2,0,3,0,0,1
172500.0,341700.0,17290.0,-12290,-1942,2,0,3,0,0,3,2,0,1,1
236100.0,539600.0,33070.0,-18938,-219,1,0,3,3,0,0,2,0,0,1
216200.0,951300.0,56650.0,-13632,-2567,2,0,3,3,1,0,3,1,1,1
167700.0,735600.0,49870.0,-9716,-794,4,0,0,3,1,0,2,1,0,1
165700.0,341700.0,16630.0,-23150,-6895,2,0,3,3,3,0,2,0,0,1
165500.0,666100.0,42780.0,-14596,-2352,2,0,3,3,1,0,2,0,1,1
392300.0,1221800.0,58620.0,-18947,-75,1,0,3,3,0,0,3,0,0,0
236100.0,997400.0,66210.0,-20582,-1271,3,0,3,3,1,0,3,1,1,1
159000.0,386200.0,16280.0,-9992,-3418,3,0,3,3,1,0,2,0,1,1
95200.0,199800.0,9680.0,-20638,-1480,2,0,3,3,1,3,3,0,1,1
282800.0,990600.0,57490.0,-20551,-1937,2,0,1,0,0,0,2,0,0,1
316000.0,1204100.0,77460.0,-8460,-1885,2,0,1,3,1,0,3,0,0,1
259400.0,633700.0,32880.0,-15481,-1657,3,0,1,0,3,0,2,0,1,0
134900.0,305000.0,19680.0,-23305,-6066,2,0,3,3,1,0,2,0,0,0
94600.0,324400.0,17280.0,-23263,-3318,3,0,1,3,1,3,2,0,0,0
154900.0,435300.0,20110.0,-19314,-1248,2,0,1,3,1,0,2,0,1,1
72100.0,236700.0,14840.0,-12122,-844,2,0,1,3,1,3,2,0,0,1
90400.0,394200.0,22160.0,-18071,-2634,1,0,1,3,1,0,3,0,0,1
71400.0,206700.0,12350.0,-20842,-789,3,0,1,3,1,0,2,0,1,0
158000.0,336600.0,16930.0,-12013,-890,4,0,3,3,3,0,3,0,0,0
134700.0,590200.0,36970.0,-7917,-326,3,0,0,3,3,0,2,0,0,0
69300.0,225300.0,13010.0,-17587,-4045,3,1,3,0,3,0,1,0,1,0
132900.0,315700.0,18440.0,-10236,-500,2,0,3,3,3,0,2,0,0,0
311300.0,1351800.0,57630.0,-10798,-338,1,0,1,3,1,0,2,0,0,0
111200.0,316300.0,19250.0,-15448,-2187,1,0,1,3,1,0,3,0,1,0
211100.0,444400.0,20850.0,-8819,-862,2,0,0,3,1,0,3,0,1,0
149600.0,320900.0,16290.0,-12682,-2277,3,1,0,3,1,0,2,0,1,1
138600.0,302000.0,16540.0,-8295,-1721,2,0,3,0,1,0,3,0,0,1
140600.0,463500.0,22080.0,-23460,-367,2,0,3,0,1,0,2,1,0,1
194600.0,691000.0,31080.0,-18458,-5863,3,0,2,0,1,0,2,0,1,0
208700.0,737300.0,36570.0,-11905,-2875,2,0,1,3,1,0,2,0,0,0
90400.0,226600.0,10950.0,-22101,-1618,4,0,3,3,0,0,2,0,0,1
201100.0,491600.0,21600.0,-14838,-5756,4,0,0,3,3,0,2,0,0,1
94700.0,289200.0,13920.0,-18559,-954,3,0,3,3,2,0,2,0,1,0
124700.0,326900.0,22070.0,-11665,-4267,1,0,3,3,3,2,2,0,0,1
127500.0,279400.0,18230.0,-22656,-675,4,0,3,0,0,1,2,0,0,0
97100.0,390300.0,21750.0,-10317,-367,1,0,3,3,2,0,2,0,0,1
138600.0,595900.0,39490.0,-20044,-1341,2,0,1,3,3,0,2,0,0,1
130400.0,408700.0,24150.0,-22974,-1382,1,0,3,0,1,0,2,0,0,1
410900.0,1792000.0,76460.0,-22309,-2445,1,0,3,0,1,0,3,0,0,1
84900.0,247400.0,13450.0,-21758,-1550,2,0,1,3,1,0,2,0,1,1
99200.0,400600.0,20820.0,-18380,-1410,5,0,3,0,0,0,3,0,0,1
209300.0,586100.0,32410.0,-12954,-933,3,0,3,0,2,0,3,0,0,1
129800.0,332900.0,15010.0,-19742,-456,3,0,3,3,1,1,2,0,0,0
103100.0,216500.0,11300.0,-7931,-1356,3,0,3,0,1,0,2,0,0,1
195000.0,580500.0,32380.0,-9318,-635,2,0,0,3,1,0,2,0,0,1
157200.0,430400.0,18680.0,-17588,-1772,2,0,3,3,1,1,1,0,0,1
157400.0,632400.0,41170.0,-8425,-36,2,0,3,3,2,0,3,0,0,1
394100.0,1147600.0,52250.0,-15817,-358,3,0,1,3,1,3,2,0,1,1
185600.0,546500.0,36990.0,-15189,-3921,1,0,3,3,1,0,2,0,0,1
113100.0,268900.0,13120.0,-12242,-705,2,0,0,3,1,0,2,0,0,1
98500.0,425500.0,26020.0,-9811,-141,2,0,3,3,1,0,3,0,0,1
220000.0,609400.0,36130.0,-7806,-395,2,0,3,3,2,0,2,0,0,1
76900.0,308900.0,17500.0,-17508,-881,3,0,1,0,1,2,1,0,0,0
62600.0,213900.0,9730.0,-16186,-1169,2,0,3,3,1,0,3,1,1,1
54800.0,153700.0,9220.0,-19208,-3873,2,0,3,3,1,0,1,0,0,1
193500.0,560800.0,27010.0,-13694,-5646,1,0,3,0,3,0,2,0,0,1
412600.0,1732700.0,95630.0,-14670,-1731,3,0,3,0,1,0,3,0,1,1
81800.0,332400.0,16290.0,-17789,-1875,3,0,1,3,3,0,2,0,0,0
153100.0,364300.0,17170.0,-21796,-483,1,0,3,3,1,0,2,0,0,1
92900.0,253800.0,13360.0,-10370,-2461,2,0,3,2,1,3,2,0,0,1
102800.0,186200.0,8360.0,-13971,-777,4,0,1,3,1,0,2,0,0,1
101800.0,276600.0,15210.0,-8663,-2089,2,0,3,3,1,0,1,0,0,0
168000.0,403700.0,18380.0,-23156,-892,2,0,1,0,1,0,3,0,1,1
131000.0,319400.0,20650.0,-14189,-135,1,0,0,3,3,2,2,1,0,1
129100.0,262100.0,15880.0,-23419,-245,1,0,3,3,1,0,2,0,0,0
162200.0,686600.0,35090.0,-16641,-1313,1,0,3,1,1,0,2,0,1,1
301800.0,1230200.0,72360.0,-17141,-4726,2,0,3,3,3,0,2,0,1,1
139800.0,414000.0,17400.0,-16110,-2106,2,0,0,0,1,0,3,0,0,0
113400.0,440800.0,25150.0,-13563,-392,2,0,3,3,1,0,2,0,0,1
173400.0,639400.0,35460.0,-23663,-36,3,1,2,3,1,0,2,0,0,1
141500.0,484200.0,30070.0,-15744,-2463,1,0,0,0,1,0,2,0,0,0
84600.0,223100.0,10290.0,-8139,-1564,2,0,1,3,4,0,2,0,0,1
84100.0,312400.0,14200.0,-10710,-909,5,0,3,3,1,0,2,0,0,0
158100.0,294100.0,19760.0,-12177,-2060,3,0,3,3,3,0,2,0,0,0
84000.0,165000.0,7100.0,-9479,-2905,1,0,2,0,1,0,3,1,1,1
308600.0,1387700.0,90680.0,-11424,-878,2,0,3,0,2,0,2,0,0,0
184800.0,587200.0,25040.0,-21365,-1448,5,0,0,3,1,0,3,0,0,1
210000.0,857500.0,53760.0,-23524,-1161,1,0,1,0,1,0,3,0,0,1
193800.0,470300.0,26590.0,-10141,-965,3,0,1,3,1,0,2,0,0,1
86000.0,298100.0,17250.0,-9251,-1041,4,0,0,3,0,0,3,0,1,1
129200.0,547900.0,33830.0,-19891,-342,2,0,2,3,4,0,3,0,0,1
91600.0,309400.0,20050.0,-8546,-1032,2,0,1,3,1,2,2,0,0,1
234900.0,647300.0,42730.0,-15466,-960,3,0,3,0,1,0,2,0,1,1
77500.0,211000.0,11380.0,-20109,-5377,2,1,3,3,1,0,2,1,1,1
135700.0,563000.0,34190.0,-15227,-2235,3,0,1,3,3,0,2,0,0,1
227700.0,610000.0,33960.0,-23438,-7393,2,0,3,0,1,0,2,1,1,1
45000.0,84600.0,5050.0,-20622,-4048,2,0,3,3,3,0,2,0,0,1
329900.0,799900.0,49340.0,-8994,-1668,2,0,2,3,1,0,2,0,0,0
45000.0,156800.0,8480.0,-15335,-2146,2,0,3,3,1,0,2,0,0,1
195600.0,472100.0,25890.0,-18669,-1459,2,0,0,3,1,0,3,0,1,0
110500.0,214100.0,12320.0,-23308,-1858,3,1,3,3,2,0,2,1,0,1
231800.0,780800.0,37860.0,-11365,-1644,4,1,3,3,0,0,2,0,0,1
146500.0,375500.0,24520.0,-18465,-1000,1,0,3,0,1,0,1,0,0,1
109700.0,473800.0,25620.0,-16298,-828,4,0,3,3,1,0,2,0,1,1
119000.0,263600.0,13400.0,-9647,-1593,2,0,3,3,1,0,2,0,0,0
196600.0,713200.0,47680.0,-7804,-1208,3,0,3,2,1,0,2,0,1,1
115800.0,301300.0,16420.0,-11071,-2311,1,0,1,3,3,0,2,0,0,1
259000.0,823400.0,41640.0,-19695,-110,2,0,3,3,2,0,2,0,1,1
83700.0,177300.0,9490.0,-21621,-241,2,0,3,0,3,0,2,0,0,0
105500.0,288200.0,19190.0,-14836,-209,2,0,3,3,1,0,2,0,0,1
144700.0,338900.0,20810.0,-19445,-3058,2,0,1,3,1,0,2,0,0,1
70700.0,184000.0,9050.0,-17211,-38,1,0,3,0,0,0,2,0,0,1
45000.0,105500.0,6570.0,-16764,-4764,2,0,3,1,1,0,2,0,0,1
161700.0,640800.0,34240.0,-8314,-1739,3,1,3,3,3,0,3,0,1,1
172700.0,668300.0,38850.0,-8278,-636,2,0,0,3,1,3,2,0,1,0
117300.0,332900.0,14100.0,-16680,-1640,3,0,0,0,2,0,2,0,0,1
137000.0,579300.0,31320.0,-13588,-5667,3,0,1,3,1,0,2,0,1,1
79000.0,344900.0,14970.0,-11746,-1121,1,0,3,3,1,0,1,0,0,1
98600.0,318200.0,15010.0,-22747,-814,1,0,3,3,3,0,2,0,0,1
156200.0,664100.0,29730.0,-17555,-582,2,0,3,3,0,3,2,0,1,1
171900.0,687200.0,41390.0,-8511,-792,2,0,0,3,1,1,2,0,1,0
164100.0,516900.0,34790.0,-18483,-2666,2,0,3,3,2,0,2,0,0,0
135500.0,470400.0,22580.0,-10414,-3840,2,0,3,3,3,0,2,0,0,1
415100.0,1420600.0,62690.0,-21034,-1664,1,0,0,3,2,0,2,0,0,0
123900.0,470400.0,22760.0,-23228,-1159,1,0,3,3,1,0,3,0,1,1
96200.0,262200.0,12470.0,-22947,-560,2,0,3,3,1,2,2,0,1,1
141200.0,587000.0,32000.0,-9794,-1935,2,0,3,3,1,0,1,0,0,1
110200.0,495600.0,29860.0,-15012,-338,2,0,3,3,3,0,3,1,0,1
380100.0,1201500.0,63360.0,-18595,-4525,2,0,3,0,1,0,3,0,0,1
143300.0,299200.0,19030.0,-23094,-1252,1,0,3,3,3,0,2,0,0,0
116800.0,460200.0,22880.0,-14937,-709,2,0,0,1,0,0,1,0,1,0
111700.0,273700.0,14140.0,-16512,-1540,2,0,1,3,0,3,3,0,1,1
208900.0,659600.0,39890.0,-9221,-775,3,0,1,3,1,0,1,0,0,1
156900.0,414400.0,23800.0,-16394,-2605,1,0,2,3,1,0,2,0,1,0
55100.0,193800.0,11070.0,-18462,-1971,5,0,0,0,3,0,2,0,1,0
144100.0,318700.0,18320.0,-8584,-244,3,0,0,3,3,0,2,0,0,1
367500.0,1138800.0,65740.0,-20081,-980,1,0,1,3,3,0,2,0,1,1
159800.0,348800.0,16200.0,-16747,-648,2,0,3,3,1,0,2,0,0,1
433500.0,895400.0,53220.0,-10819,-1304,2,0,3,3,1,0,2,0,1,1
141300.0,318900.0,20680.0,-16858,-413,2,0,3,0,3,0,2,0,0,0
45000.0,191700.0,10070.0,-8847,-102,2,0,3,3,0,0,2,0,1,0
208300.0,416200.0,19930.0,-16968,-3020,2,0,0,3,1,0,2,0,0,0
246600.0,526800.0,26490.0,-8907,-2332,2,0,0,0,1,0,3,0,1,1
152800.0,472800.0,27730.0,-20918,-1404,3,0,1,3,3,0,2,0,0,1
263000.0,834200.0,45030.0,-19040,-3400,2,0,3,3,4,0,2,0,0,1
155800.0,435200.0,28700.0,-20040,-1579,2,0,0,0,1,0,3,1,0,1
190000.0,809800.0,36810.0,-7780,-36,2,0,2,3,1,0,2,0,0,0
238700.0,699800.0,43950.0,-9307,-949,4,0,3,3,0,1,3,0,0,1
91400.0,187100.0,9220.0,-9468,-2894,1,0,1,3,1,0,2,0,0,1
133600.0,515000.0,24810.0,-13692,-617,3,0,3,3,1,0,2,1,1,1
232800.0,724800.0,34400.0,-20659,-1519,4,0,0,0,1,0,2,0,1,1
166700.0,619500.0,30310.0,-12135,-858,2,0,3,3,1,0,3,0,1,1
224000.0,541500.0,28400.0,-19707,-5210,2,0,3,3,1,0,2,0,0,0
80000.0,287900.0,18210.0,-23308,-416,2,0,0,3,0,3,2,0,0,1
59600.0,142600.0,7100.0,-9476,-330,1,0,3,3,1,1,2,0,0,1
114600.0,222200.0,12950.0,-21029,-896,1,0,3,3,1,0,2,0,0,0
141300.0,325100.0,14610.0,-11322,-36,3,0,3,3,2,0,2,0,0,1
256800.0,580700.0,30700.0,-20401,-6403,4,0,1,3,1,0,2,1,1,0
137700.0,252900.0,13990.0,-19145,-2557,1,0,0,3,1,0,2,0,0,1
111700.0,458900.0,30940.0,-18344,-331,1,0,3,0,2,2,2,0,1,0
230800.0,698400.0,39930.0,-10429,-1826,3,0,1,3,1,1,2,0,0,0
132400.0,289200.0,18920.0,-11483,-3792,2,1,1,3,1,0,3,0,0,1
74500.0,301300.0,19410.0,-14053,-711,4,0,3,3,1,0,1,1,1,1
104600.0,237100.0,12940.0,-17696,-1929,2,0,3,3,1,0,3,0,1,1
68200.0,171100.0,9400.0,-11056,-358,2,0,3,3,1,0,2,0,1,0
162300.0,412600.0,24440.0,-22674,-1255,2,0,2,0,0,0,2,1,1,0
132000.0,300700.0,13820.0,-16113,-2898,2,0,0,3,3,0,1,0,1,0
112200.0,462700.0,29350.0,-10031,-1160,2,0,0,3,1,0,2,0,0,0
158200.0,572200.0,33460.0,-16242,-1156,1,0,3,3,4,0,2,0,0,0
196200.0,628400.0,27510.0,-16957,-275,2,0,0,3,1,0,3,0,0,0
157400.0,374700.0,23150.0,-17053,-36,5,0,0,3,1,0,2,0,0,0
103300.0,398300.0,20330.0,-18731,-937,1,0,1,3,1,0,2,0,1,0
153400.0,320600.0,18300.0,-17209,-2025,2,0,0,3,4,1,2,0,1,0
81400.0,357100.0,22940.0,-8477,-1903,2,0,3,3,1,0,2,0,0,0
183500.0,477500.0,28160.0,-10631,-36,2,0,0,3,1,0,3,0,0,1
90600.0,275900.0,13920.0,-12326,-109,5,0,3,0,3,1,3,0,0,1
88600.0,337200.0,16920.0,-13984,-2036,2,0,1,3,1,0,2,0,0,1
100700.0,446100.0,22090.0,-20577,-5246,1,0,3,3,1,0,1,1,1,1
159200.0,609100.0,35040.0,-19852,-749,4,0,0,3,1,0,2,0,0,1
553500.0,2296500.0,127670.0,-13943,-740,1,0,3,3,1,0,2,1,1,1
114000.0,271900.0,12290.0,-16923,-1086,3,0,3,3,0,0,2,0,0,1
183500.0,448100.0,27560.0,-20727,-2959,2,0,3,3,1,1,2,0,0,1
163400.0,417600.0,24680.0,-17942,-263,1,0,3,3,2,0,1,0,0,1
140300.0,342800.0,17840.0,-17696,-36,1,0,0,3,0,0,3,0,1,1
305900.0,1308500.0,84870.0,-20801,-4442,2,0,3,0,1,1,2,1,0,1
536900.0,1182500.0,76800.0,-13089,-1197,3,0,3,3,3,0,2,0,1,1
189600.0,611900.0,39010.0,-19388,-985,2,0,3,3,0,0,1,0,1,1
183100.0,811200.0,49600.0,-13121,-995,1,0,3,0,1,0,1,0,0,1
138400.0,457300.0,27830.0,-18306,-5497,3,0,3,3,1,0,3,0,0,1
194800.0,396900.0,25430.0,-10415,-2610,3,0,0,3,4,0,2,0,0,1
147700.0,288500.0,13490.0,-13822,-2414,1,0,3,0,1,0,2,0,0,0
153300.0,608400.0,33850.0,-9375,-2245,1,0,3,3,1,0,2,0,1,0
260400.0,666500.0,44140.0,-18238,-529,2,0,3,3,1,0,3,0,0,1
131400.0,375600.0,15960.0,-9650,-361,2,0,3,3,1,0,2,0,1,1
169600.0,518900.0,33770.0,-15989,-970,1,0,3,3,1,0,2,0,0,1
83600.0,269600.0,15710.0,-18422,-912,2,0,3,3,1,0,1,0,1,1
373800.0,1425700.0,60810.0,-17364,-1963,2,0,0,3,3,0,3,0,0,1
209200.0,425600.0,20090.0,-11818,-973,2,0,0,3,0,0,2,0,0,0
397500.0,1205200.0,67160.0,-21462,-4981,3,0,0,0,1,0,2,0,1,0
56600.0,178000.0,9900.0,-23625,-390,2,0,0,0,1,0,2,0,0,1
106200.0,198100.0,11500.0,-15793,-900,2,0,0,0,1,2,2,0,0,1
169500.0,458700.0,22110.0,-23497,-576,4,0,0,3,1,0,2,0,0,1
336500.0,1235700.0,57100.0,-8078,-1504,1,0,3,3,3,1,2,0,1,1
189700.0,752200.0,37450.0,-9189,-877,3,0,1,3,1,0,1,0,0,1
99800.0,303800.0,18450.0,-18228,-1550,3,0,0,3,1,0,2,0,1,1
69300.0,194300.0,9650.0,-10189,-590,3,0,2,3,4,0,1,0,1,0
294100.0,588100.0,32640.0,-13264,-3068,4,0,3,3,1,0,2,0,0,1
75000.0,154800.0,8440.0,-22363,-187,2,0,3,0,0,0,2,0,1,0
77900.0,195200.0,10590.0,-10172,-2743,1,0,3,0,1,3,2,0,0,1
136400.0,382000.0,17750.0,-12489,-2415,1,0,0,2,2,0,3,0,0,0
231300.0,1004500.0,67910.0,-8938,-2364,2,0,3,0,1,0,2,0,0,1
498800.0,978700.0,60630.0,-14050,-1397,3,0,3,3,1,0,2,0,0,1
164800.0,542600.0,27940.0,-17941,-6713,4,0,0,3,1,0,1,0,0,1
265400.0,554000.0,34340.0,-13123,-1227,3,0,3,3,1,0,2,0,0,0
75900.0,174100.0,11710.0,-15236,-1450,2,0,3,3,0,0,3,0,0,0
201600.0,366300.0,18580.0,-14551,-3211,2,0,3,3,1,0,2,0,1,1
168000.0,355800.0,23100.0,-22912,-3712,2,0,1,3,1,0,3,0,0,1
297600.0,999400.0,67640.0,-13410,-207,4,0,3,3,1,0,2,0,0,0
381200.0,1457500.0,89040.0,-22837,-1972,2,0,1,3,1,0,3,0,0,0
173900.0,637100.0,38150.0,-20082,-2613,2,0,3,0,3,0,1,0,0,1
127500.0,535500.0,28230.0,-22525,-2309,2,0,1,0,1,0,2,0,0,1
204500.0,856500.0,52310.0,-15126,-1204,2,0,3,3,1,0,2,0,0,1
235500.0,662000.0,29150.0,-21680,-1037,2,0,1,3,1,3,2,0,0,1
120300.0,239800.0,10320.0,-19412,-834,5,0,0,0,4,0,2,0,1,1
541000.0,1845000.0,97710.0,-19177,-486,2,0,3,3,1,0,2,0,0,0
238800.0,1063600.0,69500.0,-19942,-1945,3,0,2,3,1,0,3,1,1,1
132300.0,339100.0,21090.0,-12885,-1328,3,0,3,0,1,2,1,1,0,0
180300.0,405900.0,22420.0,-14330,-66,2,0,3,3,1,2,2,0,0,1
95300.0,295100.0,18880.0,-11671,-5097,3,0,0,3,0,0,3,0,0,1
138500.0,357300.0,23410.0,-19397,-2547,2,0,1,0,3,0,2,0,0,1
177600.0,762200.0,40260.0,-19460,-5593,3,0,3,1,1,0,1,0,0,1
65300.0,189300.0,10450.0,-7781,-1207,2,0,2,0,1,0,2,0,0,1
121700.0,338800.0,14890.0,-20807,-2448,4,0,3,1,3,0,2,0,0,1
328500.0,1315600.0,88700.0,-20354,-2350,3,0,3,2,1,0,2,1,0,0
83900.0,180700.0,10580.0,-22949,-1186,2,0,3,0,0,0,2,1,0,0
222200.0,671300.0,29900.0,-19654,-288,3,0,3,0,1,0,2,0,1,1
80400.0,330400.0,13890.0,-20218,-1615,3,0,1,3,2,0,2,0,1,1
107500.0,306300.0,18190.0,-9920,-3346,2,0,3,3,1,0,2,0,1,1
66400.0,182500.0,8730.0,-15432,-526,4,1,3,3,1,0,2,0,0,1
255200.0,1123800.0,61900.0,-20940,-3720,1,0,1,3,1,0,2,0,1,1
317000.0,1245700.0,52550.0,-13768,-7194,1,0,3,3,3,0,2,0,0,0
246400.0,609100.0,26840.0,-15146,-240,2,0,0,3,1,0,3,1,0,0
100200.0,245300.0,12550.0,-23313,-961,2,0,2,3,1,0,3,0,0,0
60000.0,142500.0,6400.0,-13967,-4712,2,0,0,3,1,0,2,0,0,1
423000.0,1851300.0,97810.0,-8312,-961,3,0,0,2,4,0,2,1,1,1
155800.0,501800.0,28370.0,-15708,-5943,3,0,1,0,3,0,3,0,0,1
45000.0,108300.0,5760.0,-10891,-1686,3,0,0,3,1,0,2,0,0,1
157600.0,651600.0,41980.0,-9821,-2887,2,0,3,3,1,0,2,0,1,1
141800.0,553300.0,24920.0,-19599,-860,2,0,2,3,4,0,3,0,0,1
288500.0,815100.0,40480.0,-7829,-1255,2,0,0,3,1,0,2,0,0,1
326000.0,1459700.0,98440.0,-7876,-682,5,0,3,3,1,0,2,0,0,0
108200.0,345400.0,22940.0,-14939,-437,3,0,0,3,1,1,2,0,0,1
144000.0,477400.0,23550.0,-17238,-630,2,0,0,3,0,2,2,0,0,0
68700.0,270900.0,13700.0,-18356,-2643,2,0,3,3,1,0,2,0,0,0
143200.0,639300.0,35880.0,-17143,-2133,3,0,3,3,1,1,3,0,1,0
124300.0,256000.0,10990.0,-16933,-202,2,0,1,0,1,0,2,0,1,1
73000.0,294500.0,16540.0,-12424,-693,1,0,3,3,1,0,2,0,1,1
231900.0,472800.0,31650.0,-12065,-636,3,0,3,3,1,0,2,0,0,1
90800.0,177300.0,7880.0,-10128,-36,1,0,0,3,1,0,1,0,0,1
219600.0,678500.0,33720.0,-8555,-431,1,0,0,3,1,0,3,0,1,0
178800.0,463300.0,23490.0,-20286,-4508,2,0,0,2,1,0,2,0,0,1
82000.0,176300.0,7640.0,-20139,-128,2,0,3,0,1,0,2,1,1,1
106100.0,471700.0,26030.0,-10967,-4392,2,0,3,3,1,0,1,0,1,1
149700.0,600900.0,31920.0,-16410,-2516,2,0,1,3,3,0,2,0,1,1
194600.0,501300.0,26690.0,-17762,-203,3,0,2,0,0,0,3,1,0,1
316200.0,674000.0,36790.0,-18115,-389,1,0,3,0,1,0,2,0,0,1
186100.0,452900.0,22630.0,-13089,-95,1,0,3,3,3,0,2,0,0,1
132200.0,585000.0,25940.0,-13821,-227,2,0,3,3,1,0,1,0,1,1
87000.0,365000.0,17410.0,-18402,-677,4,0,0,3,1,2,2,0,1,1
140500.0,300200.0,17960.0,-21980,-2771,3,0,2,3,1,0,2,0,0,1
193700.0,658000.0,34100.0,-18183,-634,1,0,0,3,1,0,1,0,0,0
111800.0,343400.0,14680.0,-21198,-2011,1,0,0,3,1,0,1,0,1,1
197600.0,859300.0,40270.0,-17796,-406,2,0,3,3,1,0,2,0,1,1
106400.0,287600.0,14280.0,-9017,-1690,4,0,3,3,1,0,2,0,0,1
97900.0,190800.0,8020.0,-15687,-187,4,0,2,3,0,0,2,0,1,0
155000.0,443900.0,28090.0,-9299,-2724,2,0,0,3,1,0,1,0,1,0
86900.0,267900.0,12040.0,-13161,-3419,4,0,3,1,1,0,2,0,0,0
270600.0,1085200.0,67540.0,-20857,-4903,3,0,0,3,1,0,3,0,0,1
153200.0,602200.0,40030.0,-9041,-1923,1,0,3,3,1,0,2,1,0,1
257400.0,1097200.0,49200.0,-13206,-914,1,1,1,2,0,0,2,0,0,1
142400.0,546900.0,30100.0,-13929,-1915,1,0,3,3,1,0,2,1,0,1
111100.0,398500.0,25030.0,-8575,-543,1,1,0,3,1,0,3,0,1,1
71200.0,233200.0,15350.0,-13644,-1608,3,0,0,3,0,0,3,0,0,1
220900.0,644900.0,29730.0,-8112,-1204,2,1,1,3,1,0,2,0,0,0
441000.0,1339500.0,68410.0,-9457,-2882,3,0,3,3,3,0,1,0,0,1
195100.0,408600.0,20160.0,-17758,-654,4,1,0,3,1,1,3,0,0,1
290900.0,755400.0,47200.0,-20659,-5759,1,0,3,0,3,0,1,0,1,0
104000.0,227300.0,9980.0,-9031,-1677,3,0,3,0,4,0,2,0,0,1
186500.0,587200.0,31570.0,-11538,-2732,2,0,3,3,1,0,2,0,0,0
195800.0,836400.0,38380.0,-23148,-171,3,0,3,0,1,0,2,0,0,1
103500.0,417400.0,22540.0,-8338,-1377,4,0,0,3,1,1,2,0,0,0
73300.0,174200.0,10490.0,-20490,-1891,4,0,1,2,1,0,1,0,0,1
246100.0,506000.0,24410.0,-8500,-1926,1,0,1,3,1,0,2,0,0,1
178100.0,480300.0,27360.0,-22091,-6887,3,1,3,0,3,0,2,1,0,1
324200.0,1356000.0,82270.0,-22880,-2653,2,0,0,0,1,0,2,0,0,1
78200.0,226400.0,11130.0,-10496,-330,2,0,0,3,1,0,3,0,0,1
184500.0,610400.0,35650.0,-15051,-1533,2,0,0,3,1,0,2,0,0,0
156300.0,524200.0,30010.0,-18051,-3310,4,0,1,0,4,0,1,0,0,1
127900.0,340200.0,23020.0,-8362,-1507,3,0,0,1,1,0,2,0,1,1
186700.0,580900.0,35450.0,-18534,-2017,2,0,3,3,2,0,2,0,0,1
158700.0,499800.0,31300.0,-17605,-863,3,0,3,1,0,0,2,1,0,0
207500.0,397900.0,19010.0,-14645,-525,2,0,0,3,1,0,2,0,1,1
632300.0,2685600.0,130050.0,-12118,-967,2,0,3,3,1,0,3,0,1,1
59600.0,117300.0,6900.0,-9803,-647,5,0,3,3,3,0,2,0,0,0
223300.0,804500.0,40930.0,-10903,-2253,3,0,2,0,1,0,3,0,0,1
207300.0,776900.0,46790.0,-23385,-370,3,0,0,3,1,0,3,0,0,1
107600.0,453800.0,29740.0,-11112,-855,1,0,3,3,1,1,1,1,0,1
285100.0,838600.0,51840.0,-16867,-1914,1,0,3,3,1,1,2,0,1,0
216800.0,772800.0,42110.0,-22456,-1565,2,0,3,3,0,0,2,0,0,0
151200.0,637200.0,33870.0,-21520,-481,1,0,0,3,1,0,2,1,1,1
203500.0,390700.0,19630.0,-10910,-1182,1,0,3,3,1,0,2,0,0,1
231700.0,1033700.0,49540.0,-15583,-1744,4,0,3,3,2,0,1,1,0,0
180700.0,489900.0,22900.0,-22545,-655,1,0,3,3,1,0,2,1,1,1
211400.0,739600.0,41830.0,-8860,-1314,2,1,1,3,0,0,2,1,1,0
148300.0,439500.0,27620.0,-22835,-699,2,0,3,0,0,0,2,0,1,0
257900.0,635900.0,30940.0,-12679,-1618,2,0,1,0,2,0,3,1,0,0
192500.0,650500.0,41260.0,-18398,-390,1,0,1,3,1,0,1,0,0,1
101100.0,396200.0,26880.0,-11811,-857,2,0,3,3,0,0,3,0,1,1
119800.0,485300.0,27960.0,-19900,-390,2,0,3,0,3,0,1,0,1,1
74400.0,329700.0,21520.0,-8031,-889,1,0,1,3,1,0,3,0,1,0
144200.0,483900.0,29900.0,-9588,-1055,4,0,3,0,1,0,1,0,0,0
153400.0,485800.0,33020.0,-22726,-159,1,0,3,1,1,0,2,0,1,1
126000.0,286400.0,15930.0,-15746,-242,2,0,3,3,1,3,3,0,0,0
340600.0,890600.0,40510.0,-18758,-1097,2,0,3,3,4,0,2,1,0,1
54200.0,243000.0,10980.0,-21728,-5394,3,0,1,3,1,0,2,0,0,0
136000.0,393900.0,16810.0,-17475,-2283,1,0,0,0,1,0,2,0,0,1
57400.0,255700.0,17120.0,-17902,-3147,2,0,3,0,4,0,2,1,0,1
83700.0,298100.0,17970.0,-15251,-2768,2,0,3,1,0,0,2,0,1,0
102800.0,424400.0,28390.0,-12536,-139,3,0,3,3,1,0,3,1,0,1
130500.0,283500.0,18180.0,-13167,-36,2,0,0,3,1,2,2,0,1,1
189200.0,545300.0,23770.0,-17815,-4984,2,0,3,3,1,0,2,1,0,0
205600.0,623800.0,32000.0,-12856,-741,4,0,1,0,1,0,2,0,1,0
135900.0,281400.0,16060.0,-8746,-337,2,0,3,3,3,0,2,0,1,0
197500.0,484300.0,21790.0,-13347,-593,2,0,2,3,1,0,2,0,0,0
129400.0,329000.0,16670.0,-15771,-8149,1,1,3,3,3,0,2,0,0,1
177500.0,703100.0,31590.0,-18059,-1562,1,0,2,0,4,0,2,0,0,0
196200.0,833900.0,42310.0,-15825,-2212,2,0,3,3,1,1,2,0,0,0
243900.0,628400.0,26880.0,-21098,-4482,1,0,1,3,1,0,2,0,0,0
238100.0,664500.0,31180.0,-20450,-981,2,0,3,3,1,0,1,1,0,1
58100.0,245300.0,15310.0,-13767,-2202,2,0,0,3,1,0,2,0,0,1
90200.0,249400.0,16090.0,-18903,-787,3,1,3,3,1,1,3,0,0,1
269900.0,925600.0,57790.0,-22960,-5117,2,0,3,0,1,0,2,0,1,1
277500.0,696600.0,30660.0,-22727,-200,1,0,3,3,1,1,2,0,0,0
317400.0,1043200.0,45480.0,-22330,-3232,2,0,3,0,1,0,2,1,0,1
112800.0,421400.0,18560.0,-21567,-259,2,0,0,3,4,0,2,0,1,1
68300.0,212800.0,10100.0,-19243,-142,3,0,1,3,1,0,1,1,1,1
119300.0,421900.0,26620.0,-22836,-5055,3,0,1,3,1,0,2,0,0,1
101500.0,352900.0,17360.0,-18105,-2456,1,0,2,0,1,0,2,0,0,1
83400.0,350700.0,15610.0,-21912,-60,3,0,2,3,1,0,2,1,1,0
277800.0,979900.0,62990.0,-17030,-70,2,0,3,3,3,0,3,0,0,1
115300.0,339600.0,19470.0,-7841,-1267,3,0,3,3,2,0,2,0,1,1
54800.0,190000.0,12110.0,-19230,-313,2,0,1,3,3,0,2,0,0,1
104900.0,214600.0,12470.0,-17528,-1168,1,0,1,3,1,0,2,0,0,1
108300.0,381500.0,25480.0,-22399,-1096,2,0,2,3,1,0,3,0,0,0
105600.0,396100.0,16640.0,-16654,-36,3,0,3,0,1,0,1,0,1,1
106900.0,264900.0,13570.0,-11497,-1293,1,0,1,0,0,0,3,0,0,0
63100.0,211400.0,9910.0,-14070,-7496,3,0,3,3,1,0,2,0,0,1
339600.0,964600.0,64860.0,-22429,-2906,3,0,3,3,4,2,2,0,0,0
45000.0,174700.0,9160.0,-12533,-2320,2,0,1,0,3,0,3,0,0,1
100000.0,393200.0,24070.0,-19144,-2134,2,0,1,3,1,0,2,1,0,1
309600.0,817500.0,46670.0,-19497,-6737,3,0,0,0,3,0,3,1,0,1
205400.0,769400.0,34180.0,-20436,-1086,2,1,3,3,1,0,2,0,0,1
190000.0,716700.0,31710.0,-16245,-74,4,0,0,3,1,0,3,1,0,1
434900.0,1232300.0,66750.0,-18541,-1086,2,0,3,3,1,0,2,0,0,0
126800.0,453400.0,27410.0,-23143,-460,2,0,3,3,1,0,3,1,0,1
189000.0,423000.0,24020.0,-21873,-368,1,0,0,3,0,0,2,0,0,0
281800.0,842100.0,35980.0,-13811,-2212,2,0,3,3,4,0,1,0,0,1
97400.0,222800.0,11750.0,-22269,-507,2,0,0,3,3,0,3,0,0,1
141800.0,517400.0,27960.0,-8171,-1597,2,0,3,3,4,0,2,0,0,1
79900.0,243800.0,11730.0,-17403,-6181,2,0,0,3,1,0,2,0,1,1
288000.0,896100.0,37790.0,-14609,-149,3,0,0,3,1,0,2,0,0,1
206500.0,510800.0,28090.0,-23329,-862,2,0,0,0,1,0,2,0,1,0
170600.0,395400.0,24970.0,-15256,-778,2,0,3,3,1,0,2,0,1,1
190100.0,552700.0,31050.0,-9745,-181,3,1,3,3,1,0,2,0,0,1
184100.0,497700.0,21120.0,-19802,-1214,3,0,1,3,1,0,3,0,0,1
53800.0,165900.0,7820.0,-22016,-338,2,0,3,0,1,0,2,0,1,1
120100.0,249600.0,15050.0,-23715,-4467,2,0,1,3,1,0,2,0,1,0
134100.0,462600.0,26580.0,-12382,-5303,3,0,1,3,1,0,2,0,1,1
148000.0,450600.0,28000.0,-19284,-1308,1,0,3,0,1,0,1,0,0,0
408500.0,970300.0,57210.0,-10173,-85,2,0,3,3,1,0,3,0,0,1
108000.0,196200.0,12080.0,-11921,-1422,1,0,0,0,4,0,2,1,1,1
175100.0,374300.0,19110.0,-10516,-142,2,0,1,0,1,0,2,0,0,1
144200.0,272700.0,17120.0,-11815,-5241,3,0,0,0,1,0,2,1,1,1
206900.0,754300.0,42150.0,-16594,-5452,2,0,3,3,1,0,3,0,0,0
135700.0,471600.0,28070.0,-23721,-2959,2,0,3,3,3,2,2,0,0,1
269600.0,747000.0,37460.0,-10237,-423,1,0,1,3,1,0,2,0,1,0
90500.0,258300.0,13900.0,-9541,-2746,2,0,0,3,1,0,1,0,1,0
189400.0,473900.0,21750.0,-7754,-88,4,0,0,3,4,0,1,0,0,1
84400.0,268800.0,13690.0,-21915,-159,5,1,3,0,1,0,2,0,0,1
142500.0,342200.0,19270.0,-20160,-477,4,1,3,3,1,0,2,0,0,1
106100.0,332900.0,14500.0,-14605,-433,3,1,1,0,0,1,2,0,0,0
123400.0,227900.0,11110.0,-17368,-3673,2,0,0,3,1,0,3,0,0,1
153300.0,545700.0,37090.0,-19030,-1353,1,0,0,3,1,0,2,0,0,1
549200.0,2375200.0,138990.0,-12484,-1763,2,0,3,3,1,0,3,0,0,1
75000.0,200100.0,11200.0,-17567,-106,2,0,2,3,2,0,2,0,1,1
96300.0,346200.0,18540.0,-21438,-878,2,0,3,3,1,0,2,0,1,0
159000.0,624000.0,42290.0,-18087,-199,2,0,1,3,3,0,2,0,0,0
58900.0,235000.0,13970.0,-10648,-3061,2,0,1,0,3,0,1,0,0,1
78700.0,234900.0,9880.0,-13978,-1151,2,0,3,3,1,0,1,1,1,1
434500.0,1049300.0,51700.0,-9981,-1415,1,0,0,3,1,1,2,0,0,1
204600.0,595300.0,37960.0,-9013,-784,2,0,3,3,1,0,2,1,0,1
71000.0,306000.0,16450.0,-8665,-1556,2,0,3,3,0,0,3,0,1,1
108600.0,243200.0,11650.0,-8528,-917,2,0,3,3,1,0,2,0,0,1
142000.0,433900.0,22680.0,-13409,-2768,1,0,3,3,1,0,2,0,0,1
141400.0,411000.0,21710.0,-10948,-3374,2,0,3,3,1,0,2,0,0,1
285300.0,988100.0,53370.0,-22497,-5700,2,0,1,3,1,0,2,0,0,0
190300.0,533500.0,24400.0,-9995,-410,1,0,0,3,0,0,2,0,0,0
175600.0,348100.0,19970.0,-9062,-1700,4,0,1,3,1,0,2,1,0,0
110800.0,481600.0,31190.0,-22356,-3371,2,0,1,3,3,1,2,0,0,1
81600.0,185800.0,11170.0,-11208,-1649,2,0,0,0,2,0,2,1,0,1
290800.0,948300.0,46590.0,-20432,-531,2,0,1,2,0,0,2,1,0,1
271500.0,986400.0,57020.0,-20583,-698,3,0,3,0,1,0,2,0,1,0
94700.0,198000.0,8970.0,-12806,-1114,2,0,3,3,0,0,1,0,1,0
164000.0,673800.0,31510.0,-9873,-42,2,0,0,3,1,0,2,0,0,0
236800.0,525900.0,27720.0,-17809,-108,1,0,3,3,1,0,2,0,0,1
208400.0,732600.0,45170.0,-16998,-230,2,0,0,3,1,0,2,0,0,0
47300.0,95700.0,6240.0,-15645,-4074,2,0,0,1,1,0,3,0,0,1
151900.0,643300.0,40960.0,-7818,-226,2,0,1,3,1,0,2,0,0,0
289800.0,1278300.0,64340.0,-10651,-3921,2,0,0,3,1,0,2,0,0,1
146000.0,408200.0,17990.0,-15972,-194,2,0,3,3,1,0,2,1,1,1
374600.0,783900.0,51560.0,-21482,-2196,1,0,3,3,1,0,2,0,1,1
217800.0,773900.0,43790.0,-12301,-914,3,1,0,3,1,0,2,0,1,0
335900.0,790800.0,39780.0,-12822,-527,5,0,3,3,0,0,1,0,0,0
239400.0,737800.0,40740.0,-13977,-2889,1,1,3,0,3,0,2,1,0,0
236600.0,924800.0,61710.0,-14068,-1899,3,0,0,3,2,0,2,0,1,1
88100.0,242000.0,10590.0,-11077,-1872,2,0,3,3,3,0,2,0,0,1
188700.0,571300.0,38480.0,-17893,-1197,3,0,2,3,1,3,2,0,1,0
208800.0,606900.0,25530.0,-23122,-1680,5,0,3,0,2,0,2,0,0,1
150900.0,454300.0,19490.0,-19697,-964,5,0,3,0,1,0,1,0,1,1
87700.0,232700.0,11440.0,-19139,-3776,3,0,0,3,1,0,2,0,0,1
290400.0,1122200.0,75440.0,-15522,-709,1,0,3,1,0,0,2,0,0,0
203400.0,405700.0,18950.0,-13733,-2350,2,0,3,0,1,1,2,0,0,0
97100.0,344500.0,21260.0,-12648,-775,1,1,3,3,0,3,2,0,1,0
118600.0,444600.0,19190.0,-16579,-1577,2,0,3,0,3,0,2,0,0,1
111000.0,400400.0,18490.0,-16759,-3497,4,0,3,0,1,0,3,0,1,1
340100.0,1059700.0,59630.0,-11507,-347,2,0,3,3,0,0,2,0,1,0
62700.0,236200.0,12890.0,-15214,-1595,1,0,0,3,3,0,2,0,0,1
120600.0,303600.0,13430.0,-12579,-3105,2,0,0,3,1,2,2,1,0,1
185900.0,734900.0,46730.0,-11560,-609,2,0,3,3,1,0,1,0,1,1
115200.0,407300.0,20080.0,-11551,-1715,3,0,0,3,2,0,2,0,0,1
139300.0,425300.0,27040.0,-8519,-433,2,0,3,0,1,0,3,0,1,1
266900.0,1072000.0,57780.0,-14019,-511,1,0,3,3,1,0,2,0,1,0
68400.0,149900.0,9200.0,-11551,-169,1,0,1,0,3,0,3,0,0,1
60700.0,152900.0,7980.0,-13057,-1552,2,0,3,3,4,0,2,0,0,1
141800.0,545300.0,31500.0,-7702,-1127,2,0,3,3,1,0,2,0,0,0
141800.0,463600.0,26120.0,-19988,-128,1,0,3,1,1,1,2,0,0,1
99100.0,429700.0,27620.0,-9454,-2879,1,0,0,3,1,0,2,1,1,0
149100.0,435200.0,24640.0,-8965,-623,2,0,1,3,2,0,2,0,0,1
168300.0,440700.0,22050.0,-9438,-742,3,0,3,3,1,0,2,0,0,1
294800.0,1167700.0,74170.0,-15787,-371,3,1,0,3,1,0,2,0,0,1
97800.0,301400.0,13720.0,-8492,-291,2,0,3,0,1,0,2,0,1,1
74700.0,286700.0,18860.0,-8024,-1450,2,0,3,3,1,0,2,0,1,1
181400.0,544000.0,24260.0,-8510,-370,4,0,0,3,0,0,1,0,0,0
126600.0,231400.0,13050.0,-13744,-928,2,0,1,3,1,0,1,0,0,0
107400.0,376400.0,18240.0,-22663,-1783,3,0,3,3,1,0,3,0,1,0
120600.0,295600.0,15760.0,-10756,-155,2,0,3,0,2,0,2,0,0,1
188700.0,707800.0,46530.0,-17101,-1202,2,0,2,3,1,0,2,0,0,1
142700.0,528100.0,32840.0,-13292,-767,2,0,3,3,1,0,1,0,0,1
198700.0,480100.0,29130.0,-18167,-1193,3,1,3,0,3,0,2,0,0,1
104500.0,381200.0,18100.0,-17409,-1409,2,0,2,3,0,0,1,0,0,0
187100.0,695400.0,40470.0,-15300,-450,2,0,3,3,1,2,1,0,1,1
114500.0,488700.0,24530.0,-8191,-1617,4,0,3,3,1,0,2,1,0,1
236100.0,694900.0,33540.0,-8192,-545,2,0,2,3,1,0,2,0,0,0
153400.0,443000.0,20010.0,-11601,-3552,2,0,2,3,1,0,3,1,0,1
112200.0,492000.0,28690.0,-22892,-353,2,0,0,0,0,0,2,0,0,1
298800.0,1200600.0,57870.0,-9705,-465,3,0,3,3,3,0,1,0,0,0
187100.0,504200.0,31660.0,-11121,-703,2,0,3,3,1,0,1,0,0,1
234600.0,864800.0,42640.0,-22092,-1315,2,0,0,3,0,0,2,0,0,1
130000.0,325400.0,16860.0,-21483,-716,2,0,0,3,1,0,2,0,1,0
170100.0,413700.0,18920.0,-20109,-1752,1,0,0,3,1,0,2,1,0,0
318800.0,644300.0,38120.0,-20584,-548,5,0,3,0,1,1,2,0,0,1
88200.0,338700.0,22040.0,-21182,-439,3,0,3,3,1,0,2,0,1,1
217400.0,876400.0,44580.0,-23059,-417,1,0,3,3,1,0,2,0,0,1
67100.0,137700.0,5790.0,-15666,-1460,4,0,2,0,1,0,2,0,1,1
311600.0,804600.0,43730.0,-10078,-510,2,0,3,3,1,0,2,1,0,1
115500.0,468500.0,20300.0,-14974,-5605,1,0,3,3,1,0,2,0,0,1
342500.0,1182500.0,79650.0,-20427,-312,3,0,3,3,4,0,1,0,1,0
99600.0,389100.0,24460.0,-14128,-3753,1,0,3,1,3,0,2,0,0,0
133000.0,445200.0,24590.0,-7806,-449,1,0,3,3,0,0,3,0,0,1
148900.0,519400.0,29360.0,-9463,-998,4,0,0,0,1,0,1,0,0,0
182600.0,366000.0,18400.0,-12136,-506,1,0,3,3,3,0,2,0,1,0
80700.0,257900.0,13720.0,-20525,-236,1,0,1,3,0,3,2,0,0,1
536600.0,1380900.0,69420.0,-13079,-3525,1,0,3,0,1,1,2,0,1,1
92700.0,402600.0,22260.0,-17518,-4079,1,0,1,0,1,0,1,0,1,1
210900.0,413800.0,18550.0,-11812,-1636,1,0,3,3,0,0,2,0,1,1
383000.0,1162500.0,61180.0,-7844,-1269,3,0,3,3,1,0,2,0,1,0
124900.0,381800.0,22910.0,-19246,-398,1,0,3,3,4,0,2,0,0,1
173900.0,740900.0,49120.0,-18954,-684,2,0,3,0,1,0,2,1,1,0
374000.0,864500.0,44010.0,-20605,-248,2,0,0,1,3,0,1,0,0,0
178600.0,440000.0,25630.0,-11326,-3741,4,0,2,3,1,0,3,0,0,0
162000.0,667500.0,36690.0,-12681,-51,2,0,3,3,1,0,2,0,1,1
73200.0,161800.0,10210.0,-18258,-715,2,0,1,3,1,0,2,0,0,1
187200.0,630500.0,26870.0,-10304,-3730,3,0,3,3,1,0,2,0,1,1
112300.0,221400.0,12730.0,-15342,-786,2,0,3,0,1,0,2,0,0,1
199800.0,391900.0,22250.0,-19473,-2778,2,0,0,0,3,0,3,0,0,0
209900.0,867100.0,53550.0,-12297,-525,2,0,0,3,3,0,1,0,0,1
79600.0,280000.0,13810.0,-8311,-468,2,0,0,3,1,0,2,0,0,1
114500.0,460800.0,28010.0,-10949,-1543,2,0,3,3,4,3,3,0,0,0
125400.0,335500.0,15920.0,-10977,-698,4,0,1,3,1,0,1,0,0,1
96900.0,433700.0,18450.0,-8460,-1885,2,0,3,0,1,1,3,0,0,0
118000.0,437000.0,19920.0,-11706,-295,2,0,1,3,4,0,3,0,0,1
92700.0,169600.0,7280.0,-13711,-754,3,0,3,0,0,0,3,0,1,1
81900.0,290300.0,13810.0,-11171,-1230,2,0,0,3,4,0,2,0,1,1
145500.0,535200.0,32250.0,-19132,-10001,1,0,1,0,1,3,2,0,0,0
253600.0,719400.0,30320.0,-16343,-1879,1,0,1,3,1,0,2,0,0,0
199800.0,495200.0,29750.0,-15209,-3923,1,0,1,3,1,0,1,1,0,1
384900.0,848300.0,55980.0,-9133,-501,2,0,0,3,1,0,2,0,0,1
171700.0,392300.0,19720.0,-13846,-1135,4,0,3,0,1,0,2,0,0,1
155300.0,615000.0,39050.0,-10884,-378,3,0,3,0,1,0,2,0,0,1
175100.0,572400.0,37140.0,-13865,-3053,2,0,3,3,3,0,2,0,0,0
218200.0,731000.0,48620.0,-17540,-343,2,0,3,3,1,0,2,1,0,1
182400.0,381500.0,22030.0,-22323,-1671,2,0,3,0,1,0,2,1,0,0
82000.0,225800.0,15290.0,-19588,-351,3,0,1,0,1,0,2,0,0,1
96900.0,281600.0,15910.0,-21012,-321,2,0,3,3,0,0,1,0,0,0
148100.0,352000.0,19410.0,-21009,-1048,4,0,2,3,3,0,2,1,1,1
60700.0,138400.0,8410.0,-19337,-2290,2,1,0,3,1,0,3,0,0,0
135900.0,442300.0,26830.0,-17197,-1708,1,0,1,3,3,0,2,0,1,1
53600.0,216700.0,12870.0,-19591,-139,2,0,2,3,1,0,1,0,1,1
119700.0,469200.0,25330.0,-14378,-3246,2,0,3,0,3,0,3,0,1,0
172500.0,347300.0,16140.0,-19777,-36,2,0,0,3,4,0,2,1,0,0
145000.0,481800.0,23570.0,-20719,-3435,2,0,0,0,1,1,2,0,1,1
50700.0,121700.0,5630.0,-11565,-1034,1,0,0,3,4,2,3,0,0,1
97100.0,235200.0,15440.0,-21972,-1182,4,0,3,3,4,0,2,0,0,0
314700.0,1278600.0,84670.0,-15201,-496,4,0,3,0,1,0,2,0,0,1
91100.0,337700.0,17810.0,-22552,-10743,2,0,3,3,3,0,2,0,0,0
115100.0,395200.0,19730.0,-9843,-3268,2,0,1,3,1,0,2,0,0,0
77500.0,311400.0,19350.0,-8893,-1136,3,0,3,3,1,0,2,1,0,1
194400.0,587600.0,33970.0,-18805,-530,1,1,3,3,2,0,1,0,1,1
173100.0,515300.0,26860.0,-19902,-308,3,0,2,0,1,3,2,0,1,1
191000.0,525400.0,28690.0,-16967,-1297,2,0,1,0,1,0,3,0,0,1
172000.0,670000.0,33290.0,-20019,-614,4,0,3,2,1,0,2,0,0,1
170600.0,649500.0,34350.0,-22523,-2095,2,0,3,3,1,0,2,0,0,1
116700.0,417300.0,19150.0,-15210,-2237,2,1,0,3,1,0,3,0,1,1
60500.0,247500.0,11660.0,-10760,-36,2,0,3,3,1,0,1,0,1,1
139200.0,328800.0,20730.0,-18956,-232,5,0,0,3,1,0,2,0,1,1
442900.0,813200.0,52040.0,-18838,-6257,2,0,3,3,1,1,1,0,0,1
298600.0,710600.0,39640.0,-15506,-1421,3,0,3,3,4,0,3,1,0,1
119300.0,355100.0,20520.0,-22829,-754,1,0,3,3,3,0,3,1,0,1
340500.0,1505000.0,85360.0,-12924,-306,3,0,1,3,1,0,3,0,1,1
146800.0,376300.0,18330.0,-19441,-123,4,0,0,3,1,0,1,0,0,1
116700.0,248600.0,16460.0,-22756,-4226,1,0,3,3,1,0,3,0,0,1
101200.0,306700.0,16870.0,-18018,-330,1,0,3,3,1,0,1,0,0,0
198100.0,529800.0,33690.0,-16625,-499,4,1,0,0,1,0,1,0,1,1
108700.0,462700.0,23940.0,-14575,-1181,4,0,0,0,2,0,2,0,1,1
103700.0,217200.0,13640.0,-21758,-2759,3,0,3,3,1,0,2,0,0,1
120300.0,262700.0,14440.0,-12667,-1984,1,0,0,3,1,0,2,0,0,1
120300.0,540000.0,24940.0,-11617,-968,3,0,1,3,1,0,2,0,1,1
110400.0,378900.0,22860.0,-22615,-448,2,0,3,3,1,0,2,0,1,0
329400.0,1077800.0,59620.0,-11118,-4543,3,1,0,0,1,0,3,0,0,0
61800.0,125700.0,5490.0,-20868,-1342,3,0,3,3,1,0,2,0,0,1
139500.0,403200.0,21650.0,-15313,-3110,3,0,2,0,3,0,3,1,0,1
64500.0,151300.0,9530.0,-22947,-900,1,0,3,3,1,0,2,0,0,0
572300.0,1965000.0,91240.0,-20575,-468,5,0,0,0,1,1,3,0,0,1
547200.0,1166400.0,73180.0,-7898,-1323,3,0,0,3,1,0,2,0,0,1
159800.0,523800.0,28730.0,-15143,-7482,3,0,1,0,3,0,1,1,0,1
114400.0,229100.0,15190.0,-21348,-1441,1,0,2,0,1,0,2,1,1,1
284400.0,756500.0,44870.0,-12822,-1520,3,0,0,0,1,0,2,0,0,1
121200.0,341100.0,19110.0,-12957,-1622,1,0,3,0,1,0,2,0,0,0
181800.0,546100.0,33630.0,-10354,-3780,1,1,3,3,1,0,2,1,1,1
131500.0,549500.0,37340.0,-15241,-1538,2,0,3,3,3,0,1,0,0,1
340700.0,1390100.0,73360.0,-18314,-3996,2,0,3,3,4,0,2,1,1,1
126700.0,276400.0,14650.0,-11124,-102,2,0,3,3,1,3,2,0,0,1
57900.0,226500.0,12010.0,-10023,-154,1,1,0,3,1,0,2,0,0,0
326900.0,1347300.0,67760.0,-21349,-531,4,0,3,3,1,0,2,0,0,1
227000.0,1010300.0,57650.0,-9397,-324,2,0,0,0,1,0,2,0,0,0
151300.0,495500.0,28890.0,-16963,-624,2,0,3,3,1,0,1,0,1,1
110900.0,278500.0,13240.0,-18427,-1065,5,1,2,3,0,0,2,1,0,1
113100.0,219000.0,11740.0,-9938,-2192,1,0,3,3,1,0,3,0,1,1
74700.0,186800.0,10980.0,-20650,-214,2,0,1,0,1,0,2,1,0,1
299800.0,638600.0,37080.0,-16977,-36,2,0,3,3,3,0,2,1,0,1
238600.0,865000.0,39170.0,-17589,-643,4,0,3,3,1,0,2,0,0,1
120700.0,317900.0,19680.0,-8287,-1713,2,1,3,3,3,0,3,0,0,1
272500.0,1017700.0,61080.0,-15574,-1505,3,0,3,3,3,0,1,1,0,0
94600.0,417900.0,27810.0,-16539,-1118,1,0,3,3,3,0,2,1,0,1
106800.0,225100.0,11940.0,-19493,-2712,1,0,0,3,3,0,3,0,0,1
226200.0,761800.0,34670.0,-14342,-2416,2,0,1,3,4,0,1,0,0,1
149900.0,453700.0,20920.0,-15207,-1534,4,0,1,0,1,0,3,0,0,1
200800.0,494600.0,28060.0,-22307,-973,3,0,3,3,0,0,2,0,0,0
124000.0,428600.0,28600.0,-20051,-488,4,0,3,3,1,0,2,0,0,1
299900.0,1238400.0,61310.0,-18663,-2550,2,0,3,1,1,0,2,0,0,1
69000.0,188200.0,11000.0,-13834,-212,4,0,3,3,2,0,3,0,0,0
225800.0,746000.0,45230.0,-16780,-2709,2,1,3,3,1,0,3,0,1,0
270100.0,751000.0,48860.0,-11986,-1508,2,0,3,3,1,0,2,0,0,1
234800.0,526300.0,30540.0,-16992,-41,2,0,1,3,1,0,2,0,0,0
160000.0,579500.0,25170.0,-10790,-1289,1,0,3,3,1,1,2,0,1,0
91200.0,202300.0,9960.0,-10479,-298,3,1,1,3,1,0,2,0,0,1
132400.0,301200.0,19190.0,-21181,-3471,2,1,1,3,3,0,2,0,1,0
220500.0,815200.0,45510.0,-8813,-2173,2,0,3,0,3,2,2,0,0,1
134100.0,457700.0,22030.0,-19737,-309,2,0,3,0,1,2,2,0,1,1
68900.0,263500.0,16060.0,-12763,-730,2,0,0,3,1,0,2,0,0,1
166500.0,563600.0,34940.0,-7796,-1221,1,0,2,3,4,0,2,0,0,1
75700.0,239300.0,12310.0,-13160,-3962,3,0,0,3,4,2,2,0,1,1
125600.0,396700.0,20120.0,-14999,-2001,2,0,3,3,1,1,2,0,0,1
165500.0,729500.0,43570.0,-18890,-3587,3,0,1,3,0,0,2,0,0,1
181500.0,388000.0,18930.0,-9483,-580,2,0,1,3,1,0,2,0,0,1
48900.0,102000.0,5380.0,-14908,-4629,1,0,3,3,3,0,2,1,1,0
159300.0,428700.0,18210.0,-14670,-420,3,0,2,3,1,0,2,0,0,1
301000.0,1043800.0,51510.0,-15332,-41,2,0,2,3,1,1,2,1,0,0
120600.0,535700.0,33420.0,-19779,-943,3,0,3,3,1,0,2,0,0,1
183300.0,650200.0,31810.0,-9847,-759,3,0,0,3,1,0,2,0,0,1
104100.0,291900.0,13310.0,-15707,-178,1,0,3,3,3,0,1,0,0,0
163100.0,421800.0,27730.0,-23538,-3525,3,0,0,1,0,0,2,0,1,0
261900.0,568900.0,32740.0,-15314,-884,1,0,3,3,1,0,3,1,0,1
284400.0,894500.0,37990.0,-18482,-388,3,0,3,0,0,0,2,1,1,1
172300.0,457600.0,28180.0,-8152,-1578,1,0,0,3,1,0,2,0,1,0
222400.0,576900.0,28590.0,-13866,-1996,4,0,3,3,1,0,2,0,1,1
99900.0,422700.0,18830.0,-9139,-1671,3,0,3,3,1,0,1,0,1,0
201700.0,842400.0,47750.0,-19255,-1780,1,0,1,3,1,0,2,1,0,0
57500.0,236000.0,14670.0,-12108,-533,2,0,3,3,0,0,2,1,1,1
62400.0,190100.0,11340.0,-8915,-2340,2,0,2,0,4,0,1,0,0,1
127600.0,530300.0,29580.0,-12922,-212,1,0,1,0,4,0,2,0,0,0
139300.0,378600.0,19590.0,-23497,-1603,1,0,0,0,1,2,2,0,1,1
123500.0,538500.0,26930.0,-12894,-647,4,0,3,3,1,0,2,0,0,1
159500.0,636400.0,34480.0,-14526,-3678,3,1,0,0,1,0,1,0,0,0
222600.0,632800.0,38680.0,-8215,-36,1,0,1,3,1,0,2,0,1,0
315000.0,814300.0,36720.0,-14277,-2167,2,0,0,3,1,0,2,0,0,1
75400.0,301900.0,15880.0,-18979,-4004,3,0,3,3,1,0,2,0,0,1
246500.0,868000.0,42670.0,-8260,-1685,2,0,3,3,1,1,2,0,0,1
134900.0,463000.0,21370.0,-22990,-726,1,0,3,3,1,0,2,0,0,0
165900.0,692300.0,41360.0,-9621,-234,4,0,2,3,0,0,2,0,0,1
192300.0,653800.0,38990.0,-13369,-1084,2,0,0,0,1,0,1,0,0,1
148100.0,435600.0,26680.0,-11415,-1954,3,0,3,1,1,2,3,0,0,0
282200.0,920300.0,51060.0,-8983,-163,1,0,1,3,3,0,2,1,0,0
66500.0,193700.0,9450.0,-16541,-3149,2,0,1,0,1,0,3,0,1,0
269400.0,960900.0,53070.0,-18544,-36,3,0,3,3,1,0,2,0,0,1
69900.0,253800.0,13730.0,-14743,-1034,2,0,2,3,1,0,3,1,1,0
120300.0,484200.0,29000.0,-11426,-1993,2,0,2,3,4,0,3,0,1,1
379900.0,758100.0,37300.0,-23484,-733,3,1,3,3,3,0,2,0,0,0
48400.0,121300.0,5920.0,-20796,-937,2,0,0,3,1,0,2,0,0,1
142600.0,505500.0,31610.0,-18958,-917,1,0,3,0,1,0,2,0,0,1
87100.0,172000.0,8760.0,-14289,-822,1,0,0,3,3,0,2,0,0,0
241800.0,483700.0,21430.0,-23012,-369,1,0,0,3,3,3,3,1,0,1
129000.0,567100.0,37090.0,-8095,-515,1,0,1,0,1,0,3,0,0,1
187100.0,509000.0,26800.0,-10140,-2509,3,0,3,0,0,0,2,0,0,0
86300.0,238800.0,10760.0,-11882,-1101,3,0,3,3,0,1,1,0,0,0
115300.0,485800.0,30900.0,-22674,-801,2,0,2,0,1,0,2,0,0,0
126000.0,558300.0,33540.0,-21355,-2259,4,0,1,3,3,1,2,1,0,1
49600.0,125800.0,7440.0,-12919,-3407,3,0,0,3,1,0,2,0,0,1
161300.0,552800.0,29970.0,-14877,-4640,2,0,3,0,0,0,2,0,0,0
128900.0,287600.0,19350.0,-14007,-2832,1,0,3,3,1,0,2,1,0,0
121600.0,335200.0,16170.0,-18822,-2313,5,0,3,3,3,0,2,0,1,1
93900.0,324600.0,17730.0,-8982,-2407,3,0,0,3,1,2,2,0,0,1
144900.0,330800.0,16900.0,-9714,-3139,4,0,1,0,1,0,1,1,0,1
301000.0,1019700.0,59660.0,-21884,-482,2,0,3,3,1,0,3,1,0,0
142900.0,543700.0,32580.0,-13398,-1671,1,1,1,3,4,0,2,0,0,1
166300.0,451500.0,30320.0,-20802,-1008,1,0,0,0,1,0,2,1,0,1
371100.0,1122700.0,66730.0,-12576,-419,1,0,3,3,1,0,2,0,1,1
53900.0,234600.0,15920.0,-15198,-6307,3,0,0,3,1,0,2,0,0,0
102300.0,433100.0,24330.0,-12977,-1146,2,1,3,3,1,0,2,0,1,1
169500.0,675500.0,28430.0,-21306,-508,2,0,0,3,3,3,3,0,0,1
84700.0,288600.0,18000.0,-12773,-250,3,0,2,3,4,0,1,0,0,0
121000.0,305800.0,18850.0,-15402,-4275,2,0,3,3,2,0,2,0,0,1
104500.0,325700.0,15690.0,-16751,-1295,2,0,3,3,1,0,2,1,0,0
286500.0,1266300.0,68210.0,-11206,-2080,4,0,0,3,1,0,2,0,1,1
244700.0,1050000.0,67060.0,-8748,-353,2,0,3,3,1,1,1,0,1,1
104200.0,207200.0,13450.0,-8877,-1006,3,0,3,3,1,0,2,1,1,1
246700.0,564900.0,38370.0,-19171,-4447,2,0,0,3,1,0,2,0,0,1
129400.0,385100.0,25260.0,-22896,-7136,3,0,3,3,1,0,2,0,0,1
323600.0,1214800.0,78300.0,-8079,-1504,3,0,0,3,1,0,1,0,0,1
66700.0,251500.0,12490.0,-13091,-4025,3,0,0,3,1,0,2,0,0,1
143300.0,460400.0,21090.0,-23530,-317,4,0,1,3,1,0,2,0,0,1
199800.0,611600.0,28250.0,-13828,-1390,2,0,0,3,3,2,2,0,0,0
262000.0,1127200.0,67490.0,-18049,-2725,2,1,0,3,2,0,2,0,0,0
115800.0,509400.0,32990.0,-8192,-1618,2,0,3,3,3,0,2,0,0,1
100300.0,388100.0,22740.0,-8943,-997,2,0,0,0,1,3,1,0,0,1
472800.0,1588200.0,97800.0,-13350,-2570,2,0,3,3,1,2,2,0,0,1
77700.0,230200.0,13650.0,-19589,-1729,2,0,3,3,1,0,2,1,0,1
102400.0,247300.0,12000.0,-14204,-236,2,0,0,3,3,0,1,0,1,1
199200.0,708800.0,37920.0,-8061,-36,2,1,3,3,1,0,2,1,1,1
75700.0,229500.0,13220.0,-22307,-147,2,0,0,3,1,0,2,1,0,1
237200.0,535400.0,34810.0,-12247,-3189,2,0,1,3,3,0,2,0,0,0
142000.0,297100.0,15730.0,-12988,-2517,2,0,3,3,1,0,2,0,1,0
152000.0,483000.0,26490.0,-21012,-1193,2,0,3,3,1,0,2,0,0,1
126300.0,561000.0,36290.0,-17199,-477,2,0,3,3,0,0,2,1,1,1
315600.0,884500.0,42100.0,-23599,-1433,1,0,3,3,1,0,2,0,0,0
324300.0,1005500.0,49950.0,-19864,-2788,1,0,2,3,1,0,2,1,0,1
272200.0,960900.0,55280.0,-15034,-893,1,0,0,0,1,0,2,0,0,1
325100.0,951200.0,62980.0,-19942,-574,4,0,3,3,1,0,2,0,0,0
145200.0,390200.0,21870.0,-8549,-1770,3,0,3,1,1,0,1,0,0,1
135100.0,280400.0,14790.0,-20830,-2529,2,0,3,3,0,0,2,0,0,1
94300.0,208400.0,12860.0,-12408,-2943,1,0,3,1,3,0,2,1,0,1
97800.0,338800.0,20940.0,-18727,-3762,2,0,0,3,1,0,2,0,1,0
128300.0,378900.0,24440.0,-14053,-6012,1,0,3,3,1,0,2,0,0,1
150200.0,403600.0,18540.0,-23552,-2991,1,0,3,3,1,2,2,0,1,1
168900.0,566500.0,36880.0,-8506,-1932,3,0,1,3,1,0,1,0,0,0
98700.0,373300.0,20000.0,-22641,-884,2,0,3,3,1,3,1,0,0,0
187200.0,348500.0,20600.0,-21383,-1193,2,0,3,3,1,0,3,0,0,1
249100.0,887600.0,48440.0,-14337,-3413,3,0,0,0,1,0,1,0,0,0
186000.0,408300.0,24480.0,-12402,-375,3,0,1,3,1,0,2,0,0,0
195900.0,449300.0,26780.0,-22445,-861,2,0,3,3,3,0,3,0,1,0
96200.0,244100.0,11160.0,-15751,-615,2,0,3,3,1,0,3,0,1,1
201100.0,805200.0,37250.0,-15534,-949,1,0,1,3,1,0,2,0,0,1
344500.0,1448500.0,63750.0,-12270,-1006,3,1,0,3,1,0,2,0,1,0
366300.0,1440300.0,81460.0,-11628,-805,1,0,3,0,1,0,3,0,0,1
125300.0,243400.0,15670.0,-9701,-1772,2,0,3,0,1,2,2,1,1,1
189600.0,640300.0,27520.0,-23355,-3929,2,0,0,2,1,0,1,0,0,0
160300.0,673500.0,35720.0,-18521,-1614,1,0,3,3,1,0,2,1,0,1
187200.0,475500.0,30410.0,-8984,-948,2,0,3,3,1,0,2,0,0,1
70500.0,249500.0,11720.0,-13170,-4006,3,0,0,3,1,0,2,0,0,1
166800.0,417800.0,20010.0,-15072,-1163,2,0,3,0,1,0,1,0,1,0
138800.0,588900.0,39760.0,-16221,-1392,2,0,3,3,0,0,1,0,0,1
69500.0,277300.0,17250.0,-16217,-154,2,0,2,3,3,0,2,0,0,1
147700.0,643200.0,39890.0,-7833,-687,2,0,3,3,1,0,3,1,0,1
153200.0,465000.0,29340.0,-17962,-499,4,1,0,3,1,0,2,0,1,1
269300.0,721700.0,38270.0,-10826,-1975,3,0,1,0,1,0,2,0,0,1
521000.0,2295200.0,152890.0,-14514,-4674,1,1,3,1,4,0,2,0,0,1
148600.0,406900.0,26360.0,-21509,-2414,2,0,3,0,1,0,3,0,0,1
110500.0,387100.0,24660.0,-21315,-1612,2,0,3,3,1,1,2,0,0,1
250400.0,660100.0,28560.0,-17479,-1730,2,0,1,0,1,1,2,1,0,1
410700.0,1518500.0,65380.0,-10059,-3484,5,0,0,0,3,0,3,0,1,1
348400.0,1162400.0,75390.0,-9272,-1529,2,0,1,3,1,2,3,0,1,1
226800.0,668700.0,31700.0,-9099,-1354,2,0,3,3,1,0,2,0,0,0
215600.0,704700.0,38140.0,-22368,-406,1,0,3,3,1,0,2,0,0,0
204500.0,482700.0,24500.0,-19734,-1214,2,0,3,3,1,0,2,0,0,1
206200.0,725000.0,35340.0,-19044,-3301,2,0,1,0,1,0,3,1,0,0
102500.0,268200.0,16190.0,-11167,-635,2,0,2,3,0,0,2,0,0,0
98000.0,345700.0,23110.0,-23065,-477,2,0,3,3,1,0,2,0,0,1
127400.0,317300.0,20420.0,-11787,-4559,2,0,3,3,1,0,2,0,1,0
94600.0,186600.0,10610.0,-9846,-249,2,0,2,3,1,0,2,0,0,1
304000.0,845500.0,57300.0,-10865,-615,2,0,3,0,4,0,2,0,0,0
69300.0,277200.0,11670.0,-13102,-1737,3,0,1,3,3,0,2,0,0,1
171800.0,320500.0,16510.0,-8763,-695,2,0,1,1,1,0,2,1,0,0
140400.0,370300.0,17390.0,-9515,-2941,5,1,3,0,2,3,2,0,1,0
243100.0,801200.0,38690.0,-12703,-60,3,0,0,3,1,0,3,0,0,1
427200.0,792100.0,44840.0,-9056,-296,2,0,1,3,1,0,1,1,1,0
77200.0,263700.0,16480.0,-14402,-36,4,0,1,3,1,0,2,0,0,1
261300.0,829000.0,48410.0,-16076,-1461,4,0,3,3,1,1,3,1,0,1
169200.0,596700.0,34680.0,-19616,-666,2,0,3,3,1,0,3,0,1,1
253900.0,779300.0,34150.0,-19913,-2095,3,0,3,2,1,0,2,0,0,0
299500.0,1086100.0,68420.0,-9908,-598,2,0,0,3,3,0,3,0,0,1
83800.0,364800.0,19940.0,-10147,-3573,1,0,0,3,4,0,2,0,1,0
112800.0,224200.0,10960.0,-13773,-808,1,0,0,0,1,3,1,0,1,0
136200.0,291300.0,19360.0,-11215,-2789,1,0,1,3,3,0,2,0,0,0
81600.0,279600.0,13410.0,-15148,-2095,2,0,0,0,2,0,2,1,1,0
192800.0,521600.0,25190.0,-16079,-1388,2,0,3,3,0,0,3,0,0,0
241200.0,626000.0,37290.0,-11388,-1524,2,0,0,3,3,0,1,0,1,1
143700.0,564300.0,36890.0,-9754,-2483,2,0,1,3,1,0,3,0,1,1
131600.0,462200.0,25420.0,-17062,-164,3,0,2,3,1,0,2,1,0,1
106000.0,205900.0,12350.0,-18898,-751,4,0,3,3,1,0,3,1,1,0
111200.0,312200.0,14160.0,-8931,-129,2,0,2,3,3,2,1,0,0,1
45000.0,106400.0,6310.0,-11267,-4692,2,0,3,1,1,0,2,0,0,1
85100.0,201300.0,9720.0,-13794,-3724,2,0,3,0,1,0,3,0,0,0
45100.0,138100.0,6410.0,-10283,-2995,3,1,2,0,1,0,3,1,0,0
200000.0,590400.0,36690.0,-17365,-1138,2,0,3,3,3,0,1,1,0,1
124800.0,342700.0,16780.0,-13044,-4362,3,1,3,0,1,0,2,1,1,1
122500.0,237700.0,10610.0,-9435,-36,2,0,1,3,1,0,2,0,1,1
53900.0,172800.0,7670.0,-17557,-1528,1,0,0,0,1,0,1,0,0,1
222200.0,706500.0,39490.0,-9264,-598,3,0,3,3,1,0,2,0,1,1
510300.0,1228300.0,63960.0,-18547,-1320,1,0,0,3,1,0,2,0,0,0
211100.0,622800.0,34950.0,-9988,-139,1,0,3,0,3,0,2,0,0,0
275500.0,1168500.0,69910.0,-14077,-1758,3,0,1,0,4,0,3,1,0,0
212600.0,613500.0,37620.0,-12580,-3842,2,0,3,3,1,0,1,0,0,1
63400.0,130500.0,7720.0,-11763,-36,5,0,1,3,3,0,2,0,0,1
175200.0,453400.0,29940.0,-20499,-1085,2,0,3,3,1,0,2,0,0,1
93000.0,330900.0,18790.0,-10824,-4249,1,0,3,3,4,0,2,0,0,1
105900.0,289000.0,16430.0,-11170,-925,1,0,1,3,1,0,1,0,0,1
162200.0,469700.0,21790.0,-10899,-1874,4,0,0,0,1,0,1,0,0,0
45000.0,115900.0,7790.0,-13496,-636,3,1,1,3,1,0,3,0,0,0
354400.0,793900.0,43010.0,-8494,-36,1,0,3,3,3,0,2,0,1,1
171200.0,469200.0,29030.0,-15989,-2307,3,0,1,3,1,0,2,0,0,1
149400.0,542900.0,25940.0,-11129,-1298,2,0,0,0,1,0,2,0,0,0
119300.0,481800.0,21450.0,-19410,-5462,2,0,3,3,3,1,2,0,0,1
210500.0,944100.0,51590.0,-14280,-4723,1,0,3,3,0,0,1,1,1,1
329000.0,744900.0,37190.0,-19743,-1555,3,0,3,3,1,0,2,0,0,1
123200.0,431800.0,19740.0,-12033,-4005,4,0,3,3,0,0,2,0,0,1
131500.0,414700.0,23540.0,-10440,-1638,3,0,3,3,1,0,2,0,0,1
108700.0,415300.0,25850.0,-20463,-3556,3,0,2,3,1,0,3,0,1,1
68000.0,200300.0,12290.0,-14268,-2642,3,0,3,3,3,0,2,0,1,0
318800.0,1137700.0,66070.0,-20781,-2702,1,0,1,3,1,0,2,1,0,0
160300.0,539400.0,30800.0,-13885,-250,3,0,0,3,1,0,2,0,0,1
153100.0,631500.0,28900.0,-9179,-272,2,0,3,3,1,0,2,0,1,0
146800.0,479700.0,27260.0,-19320,-1084,2,0,2,3,1,0,2,1,0,1
109800.0,448900.0,22260.0,-14734,-3948,2,0,3,0,1,0,1,0,0,1
101400.0,283300.0,15620.0,-13952,-2168,2,0,3,3,3,0,2,0,1,0
127500.0,454500.0,30070.0,-12326,-2322,3,0,3,0,4,0,3,0,1,0
242100.0,1068500.0,51350.0,-22884,-82,1,0,1,0,1,0,2,0,0,0
125300.0,304100.0,15570.0,-10744,-890,1,0,0,3,1,0,1,1,0,0
134400.0,571800.0,37750.0,-8389,-704,2,0,3,1,1,0,2,0,0,1
202400.0,802800.0,42580.0,-23418,-2700,2,0,3,0,1,0,2,1,0,0
144900.0,355300.0,17100.0,-14719,-1111,4,1,3,0,2,0,3,0,1,1
119700.0,388800.0,24350.0,-9520,-1944,2,0,0,3,1,0,2,1,1,0
117300.0,248800.0,14590.0,-16664,-2646,3,0,1,3,1,0,2,0,0,0
90000.0,188300.0,9420.0,-14063,-459,1,0,3,0,0,0,3,0,0,1
363200.0,786400.0,43520.0,-22064,-46,3,0,1,0,1,0,3,0,1,1
381000.0,873100.0,56810.0,-16499,-1004,1,0,1,3,1,0,2,0,0,0
191700.0,682400.0,31580.0,-22678,-1198,4,0,3,3,0,0,2,0,1,0
70500.0,187800.0,12430.0,-21135,-2023,3,0,0,3,3,0,1,1,0,1
235800.0,850700.0,44020.0,-17277,-4329,2,0,1,3,1,0,2,0,0,1
174300.0,516100.0,23480.0,-17125,-3969,2,0,1,0,1,0,2,0,0,0
214500.0,717700.0,38820.0,-18047,-653,2,0,2,3,0,0,2,0,0,1
184300.0,359300.0,17320.0,-13456,-304,2,0,0,0,1,0,1,0,0,0
173400.0,715900.0,34830.0,-23215,-2990,2,0,1,3,1,1,2,0,0,1
317800.0,584500.0,26790.0,-20643,-263,2,0,3,3,0,0,3,0,0,1
184300.0,688000.0,45800.0,-12750,-3810,2,0,1,3,1,0,2,0,0,1
116700.0,450600.0,26520.0,-13619,-385,2,0,0,3,1,3,2,0,0,1
170000.0,453400.0,22410.0,-17218,-3560,3,0,0,3,0,0,2,0,1,1
98500.0,321000.0,15450.0,-17620,-236,2,0,1,3,1,0,2,0,0,1
394000.0,1371600.0,68220.0,-11931,-1677,2,0,3,3,3,0,1,0,1,0
309900.0,747700.0,36580.0,-12731,-2395,2,0,3,1,1,0,3,0,0,1
210300.0,447000.0,25910.0,-10640,-2307,3,0,0,3,1,0,2,0,0,0
147300.0,456900.0,29070.0,-14542,-394,1,0,3,3,1,0,2,0,0,1
169500.0,546100.0,35940.0,-17813,-1565,2,0,3,3,1,0,2,0,0,0
124200.0,362000.0,19160.0,-11129,-795,4,0,3,3,1,0,1,0,0,1
114800.0,281800.0,12250.0,-8257,-1683,3,0,3,3,4,0,2,0,0,1
127700.0,229900.0,9940.0,-11420,-2145,1,0,3,1,1,0,3,1,0,1
70000.0,159600.0,8200.0,-8635,-1032,2,0,3,3,1,0,2,0,0,1
90500.0,206000.0,11550.0,-16166,-1321,2,0,3,3,1,1,2,0,1,1
97100.0,436500.0,24890.0,-14127,-364,2,0,0,3,0,0,3,0,1,1
122900.0,374000.0,21850.0,-13031,-1651,2,0,1,0,1,0,2,0,0,0
50300.0,108800.0,6710.0,-15100,-442,1,0,1,3,1,0,2,0,1,1
128100.0,495000.0,30840.0,-18520,-3610,1,0,3,3,1,0,2,1,0,1
201600.0,826800.0,54840.0,-22837,-827,1,0,3,3,1,0,2,0,0,1
87300.0,275400.0,16220.0,-21710,-1835,5,0,3,3,1,0,2,0,0,0
74500.0,139700.0,7620.0,-23515,-3861,2,0,3,0,1,0,2,1,0,0
207600.0,843300.0,47950.0,-17284,-458,1,0,3,3,2,0,1,0,0,1
109900.0,411600.0,24990.0,-12457,-2517,3,0,1,3,1,0,2,0,0,0
161800.0,531100.0,22890.0,-8779,-242,2,0,3,0,1,0,2,0,0,1
59100.0,161900.0,9690.0,-16762,-1526,1,0,2,3,1,0,2,0,1,0
261700.0,1113100.0,63750.0,-15200,-1739,2,0,1,3,2,1,2,0,1,1
138700.0,592100.0,31280.0,-17496,-869,4,0,1,2,1,1,2,0,0,0
175400.0,715600.0,36720.0,-8884,-472,2,0,3,3,1,0,3,0,1,1
205000.0,509200.0,34250.0,-20019,-36,3,0,0,3,4,0,2,0,0,1
175800.0,531400.0,29290.0,-13571,-1515,4,0,0,3,1,0,3,0,0,1
166100.0,737400.0,49620.0,-9712,-73,2,0,3,3,1,0,2,0,0,1
130200.0,239000.0,13490.0,-21507,-3790,4,0,1,3,1,0,2,0,0,1
101100.0,385000.0,25210.0,-13447,-582,1,0,1,3,3,0,2,0,0,0
76000.0,196200.0,12880.0,-20360,-11208,1,0,0,3,1,0,2,0,1,1
52200.0,150200.0,9790.0,-15091,-2363,2,1,0,2,1,0,3,0,0,1
72500.0,278400.0,17620.0,-17823,-1379,4,0,1,3,1,0,2,0,0,1
233500.0,665500.0,43090.0,-12461,-913,1,0,3,3,1,0,2,0,1,1
114300.0,507700.0,29320.0,-21536,-225,3,0,3,3,1,0,2,0,0,0
139900.0,452800.0,24730.0,-20487,-816,1,0,3,3,3,0,1,0,0,1
114100.0,471700.0,26920.0,-9621,-3046,2,0,3,3,3,0,2,0,0,0
65200.0,127300.0,6540.0,-21646,-3512,1,0,0,3,2,0,2,0,0,1
191000.0,364200.0,24430.0,-9235,-415,2,0,1,3,1,0,2,0,0,1
136700.0,513100.0,33420.0,-12753,-1800,2,0,0,3,4,0,2,0,0,1
98300.0,188900.0,9280.0,-20119,-631,1,0,3,3,1,0,2,0,1,0
83700.0,228800.0,15510.0,-10350,-3776,2,0,3,3,1,0,2,0,0,0
166400.0,699500.0,30450.0,-12341,-2649,1,0,1,0,1,0,1,0,1,1
217700.0,928400.0,52940.0,-20738,-589,2,0,0,3,4,0,2,1,0,1
49500.0,200900.0,12740.0,-8923,-79,1,1,3,3,1,0,2,0,0,1
75500.0,207000.0,11700.0,-13220,-4381,2,0,3,0,1,0,1,1,0,0
161500.0,717800.0,32480.0,-8062,-401,1,0,0,3,0,0,2,0,1,1
142600.0,442400.0,23550.0,-10182,-1859,5,0,0,3,1,3,2,1,0,1
283800.0,517300.0,34290.0,-8371,-601,3,0,3,3,1,0,1,0,0,1
81500.0,366600.0,16190.0,-20266,-685,1,0,3,3,1,0,3,0,0,0
313000.0,809400.0,34420.0,-11034,-1930,2,0,1,3,1,0,2,1,0,1
156200.0,678200.0,33360.0,-8673,-2099,2,0,3,3,1,0,1,0,1,0
227400.0,799900.0,54090.0,-21393,-1556,1,0,1,3,1,0,2,0,0,1
189500.0,821100.0,47940.0,-14534,-2270,1,0,3,3,1,0,1,0,1,0
289600.0,617700.0,37150.0,-18674,-1845,2,0,2,3,1,0,2,0,1,1
47600.0,101300.0,6170.0,-22060,-4333,3,0,3,3,1,0,2,1,1,0
253500.0,870100.0,51210.0,-12581,-4640,1,0,3,3,1,0,2,0,0,1
136500.0,356000.0,20240.0,-14908,-236,2,0,3,3,1,0,2,0,0,0
182900.0,646300.0,37670.0,-12209,-5635,2,0,3,3,1,0,3,1,1,1
164500.0,464000.0,30210.0,-13405,-830,2,0,1,3,1,0,3,0,1,0
116800.0,228500.0,12960.0,-14585,-898,2,0,0,3,1,0,2,1,1,1
113900.0,291800.0,15220.0,-20031,-2272,1,0,3,1,1,0,2,0,0,0
55500.0,113200.0,5870.0,-9892,-84,2,0,1,0,1,0,2,0,0,1
174900.0,630400.0,26600.0,-9580,-3005,3,0,3,3,1,0,2,0,1,1
150000.0,642300.0,32930.0,-11558,-1213,3,0,3,3,1,0,2,1,1,1
270600.0,960800.0,54080.0,-10936,-258,2,0,3,0,1,0,2,1,1,0
377700.0,1281300.0,75830.0,-14876,-522,2,0,3,3,1,0,2,0,0,1
121600.0,420400.0,19550.0,-22667,-337,2,1,3,3,1,0,3,0,1,0
161000.0,539900.0,23750.0,-20985,-1281,2,0,1,3,1,3,1,0,1,1
195600.0,561100.0,34940.0,-8628,-183,2,0,1,0,1,3,3,0,0,1
67200.0,158200.0,8840.0,-15679,-1467,2,0,1,3,1,0,2,0,0,1
308700.0,1056100.0,51620.0,-21403,-397,1,0,3,3,1,0,2,1,0,0
371000.0,863600.0,52190.0,-14519,-1596,1,0,1,3,1,1,2,0,1,1
245800.0,714600.0,45030.0,-16167,-1809,2,0,1,3,0,1,1,0,0,0
102600.0,455300.0,19940.0,-20758,-1148,4,0,0,3,1,0,2,0,0,1
145600.0,396300.0,21260.0,-10284,-589,2,1,3,0,3,0,2,0,0,1
140100.0,278500.0,14530.0,-18790,-537,4,0,0,3,1,0,2,1,1,1
121400.0,514400.0,25030.0,-7865,-735,1,0,3,3,4,0,2,0,1,0
88500.0,181900.0,9230.0,-12084,-1301,1,0,3,3,1,1,3,0,1,1
101200.0,272500.0,12530.0,-22592,-1463,4,0,0,0,1,0,2,0,1,0
233600.0,549300.0,31430.0,-18259,-896,1,0,3,3,2,0,2,0,0,0
179300.0,364700.0,18420.0,-9969,-3085,3,1,0,0,1,0,2,0,0,1
172000.0,677800.0,28740.0,-17386,-683,1,1,3,3,1,2,2,0,0,1
98400.0,202700.0,9020.0,-21604,-603,2,0,3,1,1,0,2,0,1,1
221700.0,928900.0,39840.0,-17502,-45,2,0,1,3,3,0,2,0,0,1
64500.0,214400.0,10030.0,-16583,-1142,2,0,3,0,1,0,3,0,1,1
148300.0,607900.0,30820.0,-22491,-400,4,0,3,3,1,0,2,0,1,1
276000.0,1225500.0,70170.0,-7879,-534,4,0,3,3,0,0,1,0,0,1
188800.0,456100.0,29690.0,-17420,-1399,3,0,0,0,1,0,2,0,1,0
170600.0,714500.0,35460.0,-10431,-1433,1,0,1,3,2,0,3,1,0,0
74800.0,222000.0,12260.0,-19416,-36,1,0,3,3,1,0,2,0,0,1
364800.0,670300.0,36380.0,-17685,-3402,1,0,0,3,3,0,3,0,1,1
87300.0,310500.0,16150.0,-8823,-516,2,0,0,3,1,0,2,0,0,1
183300.0,432900.0,24810.0,-20886,-685,1,0,3,3,1,0,2,1,0,1
190000.0,584700.0,35080.0,-14727,-53,2,1,0,3,1,3,2,0,1,1
376000.0,1449800.0,73760.0,-20987,-676,2,0,3,0,1,1,1,1,1,1
93100.0,340000.0,16300.0,-17677,-3709,1,0,0,3,3,0,3,0,1,1
144300.0,391800.0,21450.0,-13574,-479,2,0,2,3,0,0,2,0,0,1
95700.0,269700.0,13810.0,-19071,-2429,3,0,3,0,3,0,2,1,1,1
610100.0,2453600.0,157960.0,-17880,-1895,1,0,3,3,1,0,3,0,0,1
133700.0,268200.0,13760.0,-22183,-3412,4,0,3,3,1,2,2,1,0,1
339300.0,991700.0,60530.0,-17851,-276,3,0,3,3,1,0,3,0,0,0
85300.0,168900.0,9200.0,-23248,-265,1,0,3,3,4,0,2,0,0,0
162900.0,322900.0,17490.0,-22754,-5180,2,0,1,3,1,0,2,0,1,1
56200.0,117300.0,6020.0,-22279,-1624,4,0,1,3,3,0,2,1,1,0
71500.0,155900.0,10070.0,-12607,-1177,2,0,3,0,1,0,2,0,1,1
54200.0,179900.0,8850.0,-16952,-237,4,0,3,3,3,0,2,1,0,1
379000.0,705100.0,35560.0,-8565,-1537,2,0,1,3,1,0,2,0,0,0
113800.0,499000.0,22770.0,-22469,-3186,2,0,1,3,1,0,3,0,0,1
98100.0,250200.0,10900.0,-14987,-441,1,0,0,3,1,0,3,0,0,0
429900.0,1322300.0,86540.0,-18031,-6570,4,0,1,3,4,0,1,0,0,1
51500.0,139200.0,7290.0,-14461,-401,2,1,3,3,1,0,2,0,0,1
120400.0,305500.0,15540.0,-8462,-1379,3,0,3,0,1,1,3,0,1,1
193600.0,694700.0,46850.0,-13649,-770,2,0,0,3,1,0,2,0,1,1
102300.0,196200.0,9080.0,-11280,-621,1,0,0,3,1,0,2,1,0,1
222300.0,476500.0,27800.0,-10277,-2239,4,0,1,3,2,0,3,0,1,0
107400.0,263600.0,17750.0,-22376,-2190,3,0,3,3,3,3,2,0,1,1
158500.0,416700.0,20000.0,-13838,-2692,3,1,1,3,3,0,2,1,0,1
186300.0,556400.0,36200.0,-23615,-814,3,0,1,0,1,0,2,0,1,1
135200.0,254100.0,14660.0,-11237,-253,2,0,3,1,1,0,2,0,1,0
175700.0,620600.0,30120.0,-11073,-3599,3,0,0,3,1,0,2,0,0,1
71300.0,256400.0,12470.0,-18542,-1338,3,0,1,3,3,0,3,0,1,0
200900.0,368100.0,16120.0,-10397,-1793,2,0,3,0,1,0,2,1,0,0
180500.0,580200.0,37700.0,-12934,-821,3,0,3,3,3,0,3,1,0,1
226000.0,969100.0,41210.0,-14213,-3332,2,0,0,3,1,0,3,0,0,1
121000.0,274700.0,18610.0,-9287,-1976,3,0,3,3,1,0,1,0,0,1
191100.0,396000.0,23120.0,-23438,-1045,2,0,3,3,4,0,1,0,0,1
213500.0,720500.0,46890.0,-10877,-1219,2,0,3,3,3,0,3,0,0,1
108300.0,271900.0,12780.0,-10354,-140,2,0,2,3,1,0,1,0,0,0
164700.0,348400.0,14860.0,-15501,-102,3,0,1,3,0,0,3,0,0,1
91700.0,328800.0,16980.0,-13394,-4373,1,0,3,3,3,0,2,0,0,1
173400.0,494800.0,21430.0,-22269,-36,1,1,0,0,3,0,2,0,0,1
73800.0,261700.0,11410.0,-19020,-6266,2,0,3,0,1,0,2,0,0,0
53000.0,101800.0,6290.0,-14766,-2543,2,0,3,3,1,0,2,0,1,1
116100.0,255600.0,15900.0,-13322,-811,2,0,3,3,0,0,2,0,0,1
110900.0,404000.0,21140.0,-10842,-1531,3,0,3,0,3,0,3,0,0,0
142800.0,301100.0,16620.0,-21452,-393,1,0,3,3,0,0,1,0,0,1
132500.0,474000.0,26310.0,-18069,-7492,1,0,3,3,1,0,3,0,1,0
251300.0,459900.0,19690.0,-15029,-122,1,0,0,3,1,0,2,0,0,1
195900.0,394400.0,17790.0,-11676,-748,2,0,1,3,1,0,2,1,1,1
158100.0,662000.0,29860.0,-20734,-3271,3,0,0,3,1,0,2,0,0,1
95700.0,250600.0,16450.0,-16944,-125,4,0,1,0,1,1,1,0,0,1
230200.0,434900.0,23420.0,-8375,-1085,2,0,0,3,1,2,2,0,0,1
329100.0,1095400.0,46850.0,-20549,-2017,2,0,1,3,1,0,3,0,0,0
210800.0,895400.0,39290.0,-11084,-3657,1,0,0,3,1,1,2,0,1,0
128900.0,257300.0,16950.0,-14402,-1340,3,0,1,3,1,1,1,1,1,1
172700.0,404400.0,25100.0,-12471,-119,2,0,3,3,4,0,2,0,0,1
149100.0,410000.0,21920.0,-15788,-632,1,0,3,3,4,0,3,0,1,1
310900.0,640400.0,42230.0,-12828,-3576,3,0,0,0,1,0,3,0,1,1
113400.0,455700.0,30000.0,-10979,-317,4,0,0,3,1,0,2,0,0,1
235200.0,653500.0,29120.0,-21003,-1629,2,0,3,3,1,0,2,0,0,1
232100.0,591800.0,27040.0,-13849,-1102,2,0,3,3,1,0,3,0,0,1
148800.0,380500.0,24240.0,-22440,-4411,1,0,1,3,2,0,1,0,0,1
278500.0,560800.0,38080.0,-20909,-249,2,0,3,3,0,0,2,0,1,0
293000.0,705400.0,32400.0,-9317,-2179,2,1,3,0,1,0,3,0,0,0
97800.0,392300.0,25030.0,-20704,-848,2,1,3,3,1,0,2,1,1,0
152400.0,494400.0,20950.0,-12236,-3569,2,0,0,3,1,0,2,0,0,1
285600.0,707500.0,34470.0,-10953,-490,3,0,0,3,1,0,2,0,0,1
287100.0,638800.0,35450.0,-18505,-580,2,0,3,3,4,0,2,0,1,1
181700.0,527700.0,27340.0,-23695,-1185,2,1,3,3,1,0,3,0,0,0
319600.0,831000.0,36170.0,-23477,-444,4,0,0,3,1,0,2,0,1,0
87300.0,319100.0,15180.0,-18461,-2790,1,0,0,0,1,0,2,0,0,0
127700.0,467700.0,21310.0,-14743,-1882,3,0,0,0,1,0,3,0,0,1
101200.0,253200.0,12030.0,-18733,-3036,2,0,3,0,2,0,3,0,0,0
68600.0,149700.0,7040.0,-15653,-182,3,0,3,3,1,0,3,1,0,1
157800.0,571600.0,35280.0,-9536,-846,1,0,0,0,1,0,2,0,1,1
186400.0,765200.0,39260.0,-13556,-1491,1,1,0,3,1,0,2,0,0,0
69500.0,268000.0,12470.0,-8445,-315,2,0,1,3,0,0,3,0,0,1
105000.0,386200.0,23200.0,-12331,-427,2,0,0,3,0,0,2,0,0,1
128800.0,574200.0,34220.0,-12143,-545,4,0,3,0,1,0,2,0,0,1
127100.0,303600.0,18220.0,-14920,-3446,2,1,1,3,1,3,3,0,0,0
80900.0,229900.0,10830.0,-17210,-1793,2,1,3,3,1,0,3,0,0,1
237900.0,498400.0,23620.0,-16380,-3885,2,1,3,0,1,0,2,0,0,0
168500.0,327800.0,19590.0,-21112,-960,4,0,3,3,4,0,2,0,0,0
237500.0,1050900.0,68900.0,-18468,-3396,1,0,3,3,1,0,2,0,1,1
45700.0,193400.0,9200.0,-19507,-2237,1,0,0,3,1,0,3,0,0,1
134500.0,325200.0,13900.0,-14492,-1510,3,0,1,3,1,0,2,0,0,0
87400.0,336800.0,20200.0,-9349,-508,2,0,0,3,1,0,2,0,0,1
147200.0,413000.0,21610.0,-12521,-210,2,0,3,3,0,0,2,0,0,1
407300.0,754000.0,34990.0,-13997,-5651,4,0,3,3,1,1,3,0,0,1
60300.0,168900.0,11010.0,-13360,-1319,3,0,3,3,1,0,2,1,0,0
252200.0,987300.0,52760.0,-15000,-567,2,0,1,2,3,0,1,0,0,0
60700.0,177900.0,11130.0,-18537,-2711,2,0,3,2,1,0,2,0,0,1
133400.0,554000.0,23990.0,-13745,-822,2,0,1,3,1,0,2,0,0,1
265300.0,768800.0,38280.0,-21943,-2902,4,0,1,3,0,0,2,0,0,0
213800.0,603000.0,32320.0,-11402,-3611,3,0,1,3,1,0,2,0,0,1
128800.0,293900.0,16090.0,-15960,-461,4,0,0,3,1,0,3,0,1,1
266300.0,544900.0,30350.0,-8008,-219,2,0,3,3,1,3,1,0,0,0
85100.0,286400.0,12760.0,-21819,-204,1,0,3,0,1,0,3,0,0,1
128500.0,456200.0,27160.0,-20597,-839,1,1,2,0,1,0,2,0,0,1
390800.0,1184700.0,52760.0,-7843,-1269,1,0,1,3,1,2,3,0,0,1
117200.0,330700.0,16160.0,-16418,-4481,3,1,3,3,1,0,3,0,0,1
76600.0,224900.0,14300.0,-7676,-1102,2,0,3,3,1,0,2,1,1,1
182500.0,724600.0,40610.0,-14487,-1220,2,0,0,3,0,0,2,0,1,1
102200.0,284600.0,14020.0,-14543,-1169,2,0,3,0,1,0,2,0,1,1
80300.0,283000.0,16940.0,-8162,-1588,2,0,0,3,3,0,2,1,0,1
199200.0,503500.0,33600.0,-12433,-4995,3,0,0,3,3,0,3,1,0,0
109400.0,479700.0,21960.0,-12859,-4042,3,0,2,3,1,0,2,0,1,1
151000.0,563400.0,31260.0,-12657,-537,3,0,3,3,1,0,2,1,1,1
124000.0,250400.0,16130.0,-12437,-2467,1,0,0,3,1,0,2,0,0,1
173000.0,611200.0,40110.0,-10634,-931,2,0,1,3,4,0,2,0,0,1
104300.0,275500.0,18600.0,-20215,-2191,4,1,1,3,2,0,2,0,0,1
437500.0,1753100.0,104860.0,-11403,-2283,1,0,1,3,1,3,2,1,0,0
89900.0,197200.0,9450.0,-20065,-652,2,0,3,0,1,0,1,0,1,0
212600.0,389000.0,20200.0,-22804,-981,2,0,0,0,1,0,2,0,0,1
106300.0,254500.0,16370.0,-22320,-2101,2,0,3,3,1,0,2,0,0,1
170200.0,758300.0,41700.0,-14276,-2498,2,0,0,3,1,0,2,0,0,1
126300.0,284100.0,14230.0,-10959,-1526,2,0,1,0,1,0,3,0,0,1
305200.0,1341200.0,86160.0,-9487,-251,2,0,3,3,4,0,2,0,0,1
210900.0,772200.0,32440.0,-8309,-588,2,0,3,2,3,0,3,0,0,1
176200.0,359000.0,16760.0,-18825,-609,2,0,3,0,3,0,1,0,1,0
83200.0,309000.0,14410.0,-15726,-81,2,1,0,3,1,0,1,0,0,1
179400.0,730700.0,32430.0,-12225,-4602,1,0,3,1,3,2,1,0,0,1
168200.0,533100.0,26490.0,-10671,-152,1,1,3,3,1,1,1,1,0,1
56600.0,208100.0,11440.0,-18089,-2385,2,0,1,3,1,0,3,0,1,0
205400.0,719700.0,40390.0,-9495,-2920,1,1,1,3,1,0,2,0,1,1
97300.0,385500.0,18320.0,-20010,-1076,1,0,0,3,1,2,2,0,0,0
110600.0,414700.0,24430.0,-20427,-1926,2,0,1,3,1,0,1,1,1,0
332100.0,1465500.0,67060.0,-11263,-4689,4,0,3,3,1,0,2,0,0,0
136700.0,384300.0,23780.0,-17420,-4240,2,0,1,0,4,0,2,0,0,1
380900.0,1548300.0,85440.0,-14988,-2023,2,0,3,3,1,0,2,0,0,1
218100.0,642900.0,38770.0,-17269,-4358,1,0,2,3,1,0,1,0,1,1
248400.0,728100.0,31540.0,-14964,-892,1,0,0,3,1,2,2,0,1,1
97500.0,234000.0,11250.0,-12678,-280,3,0,2,3,1,0,2,1,1,1
270700.0,1214500.0,70910.0,-18889,-3726,2,0,1,0,3,0,2,0,1,1
170800.0,459500.0,30860.0,-9445,-499,2,0,3,3,1,0,2,0,0,1
102100.0,186300.0,12560.0,-20586,-128,1,0,3,3,3,0,2,0,0,1
150700.0,413400.0,23280.0,-17488,-1676,1,1,1,3,1,0,2,0,0,1
329300.0,640400.0,38480.0,-20980,-1584,1,0,1,3,1,0,2,0,1,1
119500.0,363600.0,20020.0,-9757,-3182,1,0,3,3,3,0,3,0,0,1
269000.0,1159300.0,78530.0,-7924,-1350,4,0,3,0,1,0,2,1,0,0
203300.0,581800.0,31370.0,-10610,-1412,4,0,0,3,1,0,2,1,0,0
229300.0,558800.0,28570.0,-11229,-4655,3,0,1,3,3,0,2,0,1,0
74500.0,293100.0,16340.0,-12846,-955,2,0,3,3,3,1,2,0,1,1
142200.0,473200.0,26510.0,-14252,-3337,2,0,1,3,1,0,2,0,0,1
359900.0,1216500.0,72120.0,-10557,-1044,3,1,0,3,1,0,1,0,0,1
161500.0,300800.0,14080.0,-11356,-48,1,1,3,1,1,0,3,0,0,1
180400.0,721700.0,39220.0,-11280,-1474,1,1,3,3,3,0,2,1,0,1
123000.0,467900.0,20640.0,-12163,-5589,2,0,3,0,0,0,2,1,0,1
163400.0,548800.0,34410.0,-11482,-4908,2,0,3,3,2,0,2,0,0,1
153300.0,577300.0,32300.0,-8046,-1472,1,0,3,3,3,0,2,0,0,0
92400.0,334700.0,20800.0,-15329,-2770,1,0,3,3,1,0,1,0,0,0
63800.0,219500.0,12370.0,-11662,-95,2,0,1,3,3,0,2,0,0,1
123000.0,297000.0,17600.0,-14677,-3375,2,0,1,0,0,0,3,0,1,1
159800.0,567200.0,28570.0,-17267,-2701,1,0,0,3,1,0,2,0,0,1
233700.0,614200.0,32920.0,-8510,-256,4,0,0,3,3,0,1,0,1,1
209600.0,535300.0,32320.0,-7883,-336,1,0,3,3,1,2,3,0,1,1
196500.0,881100.0,46530.0,-12978,-485,1,1,3,3,4,0,2,0,1,1
179500.0,591200.0,29600.0,-8893,-1157,2,0,1,3,1,0,2,0,1,0
132300.0,454900.0,28840.0,-17199,-1432,1,0,3,0,1,0,2,0,1,0
161100.0,711300.0,46110.0,-22712,-1092,4,0,0,0,1,0,3,0,1,1
159700.0,320700.0,14260.0,-13917,-645,3,0,1,3,3,0,1,0,1,0
103400.0,274200.0,14790.0,-23376,-6460,1,0,3,3,1,0,2,0,0,0
95900.0,361000.0,16750.0,-19561,-6884,2,0,1,3,1,0,3,1,1,1
90100.0,301600.0,15630.0,-9386,-1011,2,0,0,3,3,3,2,1,0,1
160000.0,643400.0,38180.0,-9270,-1008,1,0,1,3,1,0,2,0,0,1
155100.0,340800.0,17930.0,-21353,-1954,2,0,3,3,3,3,2,0,0,1
165900.0,649900.0,32620.0,-17761,-2336,2,0,3,3,1,0,2,0,0,1
144900.0,320800.0,17750.0,-15202,-160,2,0,1,0,1,2,1,0,0,0
209700.0,718400.0,37020.0,-19543,-582,1,0,1,3,1,0,2,0,0,0
241200.0,664300.0,38130.0,-20855,-2559,3,0,3,0,0,0,2,0,0,1
182700.0,489100.0,23750.0,-17024,-1906,3,0,3,3,1,0,1,0,0,0
175300.0,752900.0,43960.0,-19866,-689,1,0,1,3,1,0,2,1,1,0
359400.0,1540500.0,87940.0,-15515,-1663,1,1,3,0,1,0,1,1,0,0
211500.0,460200.0,23730.0,-9352,-2572,3,0,1,3,1,0,2,1,1,1
249500.0,993900.0,59680.0,-20607,-1796,1,0,0,0,1,0,2,0,0,0
76700.0,250400.0,12700.0,-23606,-3378,2,0,3,0,1,0,2,0,0,1
105100.0,268400.0,13700.0,-16028,-864,3,0,3,0,3,0,2,0,1,0
178100.0,592300.0,38850.0,-9067,-980,2,1,3,0,0,0,2,0,0,1
118100.0,276600.0,15020.0,-18700,-850,2,0,3,3,1,0,3,1,0,1
85000.0,269700.0,15490.0,-18839,-243,3,0,3,0,3,0,2,0,0,1
189300.0,508700.0,23280.0,-11426,-3353,2,0,3,3,1,0,1,1,0,1
175700.0,436200.0,19790.0,-22373,-5644,1,1,0,3,1,0,3,0,0,1
114900.0,360800.0,24440.0,-18792,-831,2,0,1,3,1,0,2,1,0,1
203300.0,862200.0,51470.0,-14055,-491,2,0,3,3,1,0,1,0,0,0
169700.0,338500.0,15430.0,-22013,-5749,1,0,0,0,1,0,1,0,0,0
136700.0,540400.0,25510.0,-10748,-956,3,0,3,2,1,0,1,0,0,1
158500.0,619100.0,28500.0,-18602,-1653,1,0,2,3,1,0,2,0,0,1
120100.0,511100.0,21540.0,-16941,-1495,2,0,0,1,0,0,2,1,0,1
101000.0,391600.0,24130.0,-12490,-3541,2,0,0,3,1,0,2,0,0,1
140000.0,621000.0,33460.0,-11033,-1536,3,0,0,3,1,0,2,0,0,1
73900.0,167300.0,8820.0,-16806,-644,4,0,3,3,0,0,2,0,0,1
232800.0,836100.0,52510.0,-10327,-56,2,0,0,0,1,0,2,1,0,0
143500.0,296300.0,20020.0,-14972,-2096,4,0,3,3,3,0,1,0,0,1
72800.0,235100.0,11540.0,-23349,-1080,1,0,3,3,0,0,1,0,1,1
189100.0,408100.0,17830.0,-14806,-492,3,0,3,3,3,0,1,0,0,1
144900.0,646400.0,33070.0,-10906,-144,1,0,3,3,1,0,2,0,1,1
121300.0,395800.0,24650.0,-15585,-594,2,1,3,3,4,0,1,0,1,0
360400.0,755000.0,42340.0,-15078,-1721,3,0,3,3,1,0,3,0,0,0
388100.0,934200.0,41310.0,-21944,-428,1,0,3,3,1,0,2,0,0,1
160300.0,397600.0,27030.0,-8338,-1763,2,0,1,3,1,0,2,0,0,1
177000.0,331600.0,20220.0,-19824,-1218,1,0,0,3,1,0,3,0,1,1
334400.0,1396700.0,74130.0,-16440,-272,2,0,3,0,1,0,1,0,1,0
70100.0,157100.0,8870.0,-8416,-1547,2,0,0,3,1,0,2,0,1,1
176500.0,390800.0,24550.0,-10696,-3227,1,0,2,3,3,0,2,0,0,1
205300.0,888000.0,60040.0,-21487,-922,2,0,3,3,1,0,2,0,0,1
140300.0,622800.0,40840.0,-14906,-1087,4,0,2,3,2,0,2,0,0,1
144700.0,502300.0,31530.0,-20735,-5169,3,0,3,0,1,0,2,0,0,1
153400.0,566200.0,38410.0,-19394,-1528,4,0,3,3,1,3,2,0,0,1
624900.0,1642200.0,71030.0,-10956,-203,1,0,3,0,1,0,3,0,0,1
99500.0,437800.0,19740.0,-10317,-1513,2,0,3,0,1,3,2,0,0,1
102700.0,348000.0,23070.0,-12510,-1883,2,0,3,3,1,0,2,0,0,1
161600.0,456400.0,27250.0,-19893,-2476,3,0,3,3,4,0,2,0,0,1
121500.0,430300.0,20720.0,-8552,-603,1,0,3,3,1,0,1,1,0,1
121400.0,390200.0,25830.0,-21371,-1620,1,0,2,3,0,2,2,0,1,1
135700.0,400900.0,19090.0,-9307,-320,1,0,3,3,2,0,2,0,0,0
128400.0,287500.0,18570.0,-14177,-2528,1,0,0,3,2,0,3,0,0,0
124700.0,380300.0,17680.0,-9245,-1789,2,0,1,3,1,0,2,0,0,1
110300.0,275700.0,12450.0,-8585,-1030,2,0,3,3,1,0,2,0,0,1
54400.0,161400.0,8250.0,-20732,-122,2,0,3,3,1,0,2,0,1,0
102400.0,229100.0,14010.0,-19294,-554,2,0,0,0,4,0,1,0,0,0
119800.0,255100.0,14210.0,-21603,-254,1,1,3,3,1,0,2,0,1,0
384100.0,1313200.0,64080.0,-12067,-331,2,0,2,3,2,0,2,1,0,1
141900.0,327900.0,14730.0,-16886,-312,3,0,3,2,1,0,2,0,0,1
144900.0,502200.0,32490.0,-9954,-2778,2,1,3,3,1,0,2,0,1,1
168500.0,621200.0,41030.0,-11931,-472,1,0,3,1,4,0,3,0,0,0
79000.0,213800.0,10000.0,-11553,-894,2,0,3,3,1,0,2,0,0,1
325500.0,1330500.0,85980.0,-19400,-841,3,0,0,0,4,0,2,0,0,1
126500.0,254500.0,13160.0,-14872,-36,2,0,3,0,4,0,2,1,0,1
258100.0,1015900.0,57970.0,-12919,-651,3,0,3,3,1,0,2,0,0,1
256900.0,525700.0,26530.0,-9965,-604,2,0,1,3,0,0,1,0,0,1
91100.0,337000.0,21110.0,-16894,-1283,4,0,3,3,1,0,2,0,0,1
145000.0,397800.0,21940.0,-14225,-4633,2,0,3,3,0,0,3,1,1,1
155600.0,325400.0,21490.0,-10187,-3612,1,0,0,3,1,3,3,0,0,1
154500.0,289400.0,13190.0,-12938,-3128,2,0,3,3,1,3,3,0,0,1
216900.0,668700.0,37580.0,-15034,-7806,1,0,2,3,4,0,2,0,1,1
207600.0,694600.0,35520.0,-13343,-540,2,1,3,0,1,0,3,0,0,1
124800.0,363400.0,18200.0,-7997,-1422,1,0,3,3,1,0,2,1,1,1
156800.0,527400.0,28200.0,-12514,-1024,2,1,0,3,1,0,2,1,0,0
75600.0,259300.0,16440.0,-19691,-8069,3,0,1,3,1,3,2,1,0,1
81200.0,355300.0,19490.0,-11263,-4689,1,0,3,3,1,0,3,0,1,1
185900.0,758900.0,42400.0,-22879,-1193,2,0,3,3,1,0,2,0,0,1
53600.0,126700.0,8230.0,-18929,-1251,1,0,3,0,1,0,2,1,0,1
120100.0,424600.0,24210.0,-15433,-65,2,0,3,3,0,0,3,0,0,0
45000.0,119800.0,5840.0,-11635,-906,4,0,1,0,1,0,2,0,0,1
124300.0,435900.0,26760.0,-8804,-2229,3,0,3,3,1,0,2,0,1,1
201100.0,691400.0,45610.0,-14766,-2091,3,1,3,3,3,0,2,0,0,1
100400.0,289200.0,12150.0,-17820,-546,1,0,1,0,3,0,2,0,1,1
124100.0,478400.0,25980.0,-8200,-1625,2,0,2,3,1,0,3,0,1,1
305400.0,927300.0,56460.0,-21753,-366,3,0,1,3,1,0,2,0,0,1
331700.0,1174800.0,72810.0,-23402,-2879,2,1,3,3,1,0,2,0,0,1
136000.0,574000.0,29030.0,-13808,-204,1,0,3,3,1,0,2,0,1,0
87700.0,173800.0,9260.0,-8443,-109,4,0,3,0,3,1,2,0,1,0
198200.0,858600.0,37600.0,-20668,-3156,3,0,3,2,1,1,1,0,0,0
120200.0,455500.0,23700.0,-15822,-1792,2,0,3,3,1,0,2,0,0,1
45000.0,82200.0,4950.0,-16705,-36,4,0,0,0,1,0,2,0,0,1
116300.0,384600.0,24910.0,-14136,-5130,1,0,0,3,0,0,1,0,1,1
45000.0,115300.0,7120.0,-12986,-98,2,0,1,3,3,0,2,0,0,1
152000.0,434900.0,21140.0,-16545,-1694,5,0,0,3,3,0,3,1,1,0
201100.0,632900.0,38540.0,-8130,-1556,2,0,3,3,1,3,1,0,0,1
156600.0,672300.0,37500.0,-12567,-796,3,0,2,1,3,0,2,0,0,0
151700.0,543700.0,28190.0,-13988,-1391,2,0,1,3,1,0,2,0,0,1
130600.0,360200.0,23050.0,-14325,-1705,4,0,3,3,3,0,3,0,0,1
126300.0,485100.0,23280.0,-18492,-325,2,0,0,0,4,0,1,0,0,0
109400.0,460400.0,29650.0,-17667,-2780,1,0,3,0,2,0,3,0,0,1
391000.0,1312300.0,64040.0,-9576,-339,2,0,3,0,3,0,3,0,1,1
290900.0,537100.0,35090.0,-22530,-632,2,0,3,3,1,0,2,0,1,0
70400.0,161700.0,9730.0,-10031,-1844,3,0,1,3,0,0,3,1,0,0
362200.0,824600.0,54280.0,-23185,-806,4,0,1,3,3,0,2,0,0,1
160300.0,443600.0,23840.0,-13372,-583,1,0,2,0,1,0,3,1,1,1
120000.0,463800.0,24140.0,-8270,-1351,3,1,3,3,3,0,2,0,0,1
116100.0,324200.0,18530.0,-15119,-1641,3,0,2,3,1,0,2,0,0,0
218400.0,751300.0,46500.0,-17465,-3362,2,0,0,3,1,0,3,1,0,1
105900.0,273200.0,17360.0,-13371,-203,1,0,3,3,4,0,3,0,0,1
131100.0,481900.0,28930.0,-17382,-437,2,1,3,0,1,0,2,1,1,0
136600.0,547600.0,23150.0,-20671,-3291,1,0,1,3,1,0,2,0,1,0
168700.0,461600.0,29560.0,-23047,-1139,2,0,1,0,1,0,2,0,0,1
268000.0,648700.0,43220.0,-20418,-1115,2,0,0,3,4,0,3,0,0,0
183600.0,609300.0,29670.0,-21615,-2318,2,0,3,2,1,0,1,0,0,1
135900.0,290000.0,19360.0,-22029,-7430,2,0,2,3,1,0,2,0,0,0
153700.0,463600.0,30090.0,-13431,-697,3,0,3,3,1,0,2,0,0,0
138300.0,285000.0,17320.0,-16308,-129,2,0,3,3,2,0,2,0,0,0
101900.0,360200.0,19400.0,-10827,-3232,2,1,3,2,1,0,2,0,0,0
108100.0,280400.0,16000.0,-15900,-2595,1,0,2,3,0,0,2,0,0,1
81700.0,299300.0,13940.0,-8669,-271,2,0,3,3,1,0,3,0,0,1
288200.0,563700.0,37580.0,-9390,-2815,1,0,0,0,1,0,2,1,1,1
210000.0,921500.0,62500.0,-14860,-3419,2,0,3,0,1,0,1,0,0,0
71100.0,157900.0,8650.0,-16798,-2825,2,0,0,1,1,0,3,0,1,0
187800.0,505100.0,22390.0,-20668,-220,2,0,3,3,2,0,2,0,0,1
254800.0,1112900.0,72140.0,-16218,-267,2,0,1,3,0,1,2,0,0,1
269300.0,494800.0,24020.0,-11106,-406,4,0,3,0,1,0,2,0,1,1
210700.0,463100.0,20820.0,-21782,-1498,3,0,3,3,1,0,2,0,0,1
90300.0,282500.0,12440.0,-8492,-1918,2,0,3,3,0,0,1,0,0,1
182500.0,691400.0,33690.0,-10442,-1094,2,0,3,3,3,3,2,0,0,1
46200.0,113900.0,6740.0,-20553,-346,2,0,0,3,1,0,2,0,0,1
170200.0,570100.0,29700.0,-13878,-1393,2,0,3,3,1,0,1,0,1,1
84200.0,303100.0,15640.0,-15228,-3406,2,0,3,3,1,0,1,0,0,0
93900.0,194800.0,10160.0,-7998,-1423,1,0,3,3,1,0,2,0,0,1
248600.0,970500.0,65660.0,-8510,-1935,3,0,1,3,1,3,2,0,0,1
119400.0,275300.0,12510.0,-16000,-1944,2,0,3,0,0,0,1,0,1,0
113300.0,298200.0,15190.0,-10722,-36,2,1,3,3,0,3,1,0,0,1
110200.0,440200.0,20250.0,-9306,-2731,2,0,1,3,1,0,2,1,0,1
256100.0,727200.0,38860.0,-9645,-1722,2,0,1,3,3,0,2,0,0,1
165700.0,586500.0,36050.0,-12907,-1408,2,0,3,3,3,0,1,0,0,0
127800.0,289000.0,14170.0,-7772,-1198,2,1,3,3,1,0,2,0,0,1
192600.0,525200.0,33040.0,-13022,-1167,2,0,3,3,2,2,2,0,1,1
81300.0,236400.0,10800.0,-10899,-66,1,0,3,1,1,0,1,0,0,1
155300.0,310900.0,15440.0,-14540,-1905,2,0,3,0,1,0,3,0,0,1
188800.0,453500.0,27900.0,-10586,-4011,4,0,3,3,0,0,1,0,1,1
96700.0,210300.0,10630.0,-17925,-947,4,0,3,3,1,0,2,1,0,0
99600.0,338500.0,15660.0,-22232,-200,3,0,0,0,3,0,2,0,1,0
222500.0,775500.0,43780.0,-22162,-36,2,0,2,3,1,1,1,0,1,1
278100.0,1033900.0,62360.0,-12543,-1318,3,0,3,3,1,0,1,0,0,0
121000.0,306100.0,17550.0,-8017,-1443,3,0,1,3,1,0,2,0,0,1
148900.0,335700.0,22340.0,-7915,-1341,1,0,3,2,1,0,2,1,1,0
198100.0,410700.0,27670.0,-21691,-3608,3,0,2,0,1,0,2,0,0,1
85500.0,230700.0,11370.0,-22526,-432,3,0,0,3,2,0,1,0,1,0
79600.0,173400.0,10080.0,-15439,-7781,2,0,3,3,1,0,2,0,1,1
123800.0,442700.0,19130.0,-17026,-1267,2,0,3,0,1,0,1,1,0,1
174800.0,323600.0,14750.0,-12022,-792,1,0,0,3,1,3,2,0,0,1
179000.0,375300.0,21030.0,-8778,-1831,1,0,0,3,1,0,3,0,0,1
73000.0,274000.0,12170.0,-18968,-36,2,0,3,0,1,0,2,0,0,0
83400.0,234600.0,11420.0,-15569,-199,4,0,3,3,3,1,1,0,1,1
222000.0,937300.0,41480.0,-11064,-1805,2,0,2,3,1,0,3,0,1,1
72400.0,274800.0,11600.0,-9848,-3273,1,1,0,0,1,0,2,0,1,1
54900.0,186800.0,10210.0,-9631,-3057,4,0,3,3,1,0,2,0,1,1
98500.0,225400.0,9880.0,-19059,-1847,4,0,3,0,3,1,2,0,0,0
230300.0,770600.0,46860.0,-11740,-467,4,0,2,3,1,0,2,0,0,1
121600.0,379300.0,17750.0,-9909,-556,2,0,3,3,0,0,2,0,1,1
207300.0,807800.0,38070.0,-22254,-2667,2,0,0,3,1,0,2,0,0,1
110300.0,389000.0,18400.0,-8396,-1822,1,0,3,3,1,0,2,0,0,1
58800.0,172400.0,8450.0,-23068,-2090,2,0,0,3,1,0,3,1,0,1
109600.0,257300.0,14880.0,-9764,-1250,2,0,3,3,1,0,2,0,1,0
342100.0,1253700.0,76660.0,-10544,-1657,2,0,0,3,1,0,2,0,0,1
92600.0,248300.0,13690.0,-21541,-2453,2,0,0,3,1,0,1,0,0,1
168900.0,466000.0,24390.0,-12988,-1904,2,0,0,3,3,0,2,0,0,0
160400.0,587000.0,36410.0,-10858,-485,3,0,1,3,0,0,2,0,0,1
673600.0,2075900.0,123120.0,-12570,-981,1,0,3,3,1,0,3,0,0,1
306200.0,723900.0,42540.0,-11991,-1948,2,0,3,3,3,0,2,0,0,0
301600.0,615900.0,40080.0,-20135,-2228,2,0,3,3,2,0,2,0,0,0
74300.0,152800.0,9720.0,-11913,-989,2,1,1,3,2,0,2,1,1,0
186700.0,497500.0,32260.0,-14038,-321,2,0,3,3,1,0,3,0,0,0
250400.0,1019900.0,50200.0,-23257,-2810,2,0,3,3,1,0,2,0,0,0
296400.0,1231000.0,62860.0,-8219,-1136,2,0,0,2,1,0,3,0,0,1
310900.0,665400.0,29520.0,-7815,-1241,4,0,0,3,3,0,1,0,0,1
168500.0,490100.0,21360.0,-21576,-1453,2,0,3,0,1,0,2,0,1,1
96200.0,282000.0,19120.0,-10247,-1753,3,1,1,3,1,0,2,0,0,1
234900.0,961100.0,52990.0,-16577,-4458,2,0,2,0,2,0,2,0,0,0
236100.0,1042500.0,67880.0,-13791,-2300,2,0,1,3,4,0,2,0,1,1
152600.0,593400.0,29640.0,-11239,-115,3,0,3,0,3,2,2,0,0,1
267900.0,1155100.0,72230.0,-18095,-116,2,0,3,3,1,0,2,1,1,1
45000.0,88300.0,5550.0,-19994,-247,3,0,1,3,1,0,2,0,1,0
64400.0,245600.0,12040.0,-11339,-2119,2,0,3,3,1,0,3,0,0,1
174400.0,726200.0,42850.0,-18733,-79,3,0,3,3,1,0,3,0,0,1
317700.0,817700.0,35840.0,-20264,-4062,2,0,0,3,1,0,3,0,0,0
141700.0,407100.0,19670.0,-10784,-1374,2,0,1,0,1,0,1,0,1,1
125800.0,489400.0,22780.0,-21288,-214,3,0,3,3,1,0,1,0,0,0
281600.0,1247100.0,80920.0,-10153,-89,3,0,2,0,1,0,2,0,0,1
273900.0,1003800.0,43990.0,-7978,-315,2,0,1,3,1,0,2,0,0,1
129100.0,347300.0,19140.0,-20834,-403,3,1,0,3,1,0,2,0,1,1
147000.0,515300.0,32370.0,-10218,-3643,5,0,1,0,1,0,2,0,0,1
242300.0,589900.0,33720.0,-15488,-1437,3,0,3,3,1,0,2,0,1,0
105100.0,466800.0,25920.0,-21652,-2685,2,0,3,3,0,1,2,0,1,1
153700.0,290000.0,17270.0,-10018,-1975,2,0,3,3,3,0,3,1,0,1
79600.0,184600.0,10690.0,-23679,-1473,2,0,3,3,1,0,3,1,0,1
168400.0,370200.0,16460.0,-21156,-328,2,0,0,0,1,0,2,0,0,1
177300.0,401200.0,25550.0,-18502,-223,4,0,3,3,3,1,3,1,0,0
176800.0,502500.0,29410.0,-17913,-1184,1,1,2,0,1,0,3,1,1,1
115400.0,287900.0,15740.0,-19156,-3613,2,0,2,0,1,0,2,0,0,1
113500.0,442800.0,27640.0,-13149,-1769,2,1,0,3,4,0,1,0,0,1
336800.0,1458200.0,61550.0,-13997,-3421,1,1,1,3,1,0,2,0,1,0
395500.0,953500.0,56360.0,-20269,-724,2,0,2,3,1,0,2,0,0,1
136800.0,296200.0,16770.0,-16552,-1538,3,0,3,3,1,3,3,0,0,1
106100.0,289300.0,13040.0,-8803,-2228,3,0,3,0,1,0,2,0,1,1
160100.0,372500.0,24580.0,-19752,-603,2,0,3,3,1,0,2,0,0,0
125500.0,317200.0,20950.0,-11964,-1020,3,0,0,3,0,0,1,0,0,1
184700.0,559900.0,26200.0,-9364,-1155,2,0,3,3,1,1,2,0,1,0
320700.0,1391100.0,72260.0,-14687,-1516,3,0,3,0,4,0,3,0,0,1
165000.0,641200.0,36400.0,-15459,-1289,2,0,3,3,1,0,2,0,0,1
334200.0,1259300.0,59020.0,-19896,-447,1,0,3,0,1,0,1,0,1,1
212700.0,590600.0,37270.0,-13741,-1240,5,0,0,3,3,0,3,0,1,0
330200.0,906800.0,54290.0,-21588,-240,2,0,3,3,1,0,2,1,1,1
70400.0,237000.0,13420.0,-8931,-1834,1,0,3,3,3,0,1,0,0,1
116400.0,419300.0,26040.0,-16133,-2584,2,0,3,0,1,0,2,0,0,1
200900.0,573000.0,33810.0,-12807,-3790,4,0,0,0,1,1,2,0,0,1
251900.0,1133200.0,76690.0,-11702,-2716,2,0,3,3,1,0,2,0,1,1
78500.0,225600.0,12450.0,-21157,-1293,1,0,1,0,1,3,3,0,0,1
167700.0,351400.0,19500.0,-11845,-96,2,0,0,3,4,0,3,0,1,0
280600.0,509300.0,28980.0,-9865,-1956,3,0,1,3,1,3,2,0,1,0
154500.0,411300.0,27710.0,-21228,-210,1,0,3,3,0,0,2,1,1,1
125500.0,531900.0,27810.0,-20690,-3695,2,0,3,3,4,0,3,0,1,1
100300.0,271000.0,17370.0,-16293,-513,2,0,3,0,1,0,2,0,1,0
93000.0,367600.0,23020.0,-15057,-6737,2,0,3,1,1,0,2,0,0,0
188400.0,601900.0,27900.0,-13704,-627,1,0,3,3,1,0,2,0,1,1
105500.0,232300.0,11960.0,-9849,-2655,1,0,3,3,1,0,1,0,1,1
218100.0,712300.0,42530.0,-21252,-279,1,0,3,3,4,0,2,0,0,1
130900.0,483600.0,32220.0,-14114,-2116,2,0,3,0,3,0,2,1,0,1
109100.0,423100.0,25710.0,-15760,-3158,1,0,3,3,1,0,2,0,0,1
113900.0,425200.0,24450.0,-17014,-825,2,0,3,3,1,0,1,0,0,1
186300.0,462100.0,27620.0,-22219,-36,3,0,3,0,1,0,2,0,1,0
143700.0,594100.0,39080.0,-23121,-3909,2,0,1,3,4,3,2,1,0,1
132400.0,481400.0,26380.0,-17855,-698,1,0,3,3,0,0,2,0,0,1
125300.0,313700.0,19180.0,-22780,-735,5,1,0,3,0,0,2,0,1,1
256600.0,486900.0,27240.0,-7670,-222,3,0,3,0,1,0,2,0,0,1
115200.0,396600.0,20890.0,-7960,-1106,1,0,0,3,1,0,1,0,0,1
75000.0,264300.0,15490.0,-21816,-1994,3,0,0,3,1,0,2,0,0,1
116400.0,494100.0,23460.0,-15888,-1747,2,0,1,0,3,0,2,0,1,0
111200.0,355300.0,18560.0,-19619,-134,3,0,1,0,4,0,2,0,0,1
115000.0,263900.0,17130.0,-21882,-439,2,0,2,3,1,0,2,0,0,0
121700.0,525400.0,27560.0,-15056,-1362,1,0,1,3,1,0,2,0,0,1
272200.0,1216900.0,78430.0,-11867,-1553,2,0,1,3,0,0,2,0,0,1
135700.0,416700.0,20470.0,-19320,-2551,2,0,3,3,2,0,2,0,0,1
310500.0,819200.0,37010.0,-11779,-1126,2,0,1,3,1,0,2,1,0,1
141000.0,592800.0,30730.0,-18405,-383,1,0,3,0,1,0,2,0,0,1
301600.0,1020200.0,63490.0,-11030,-540,2,0,0,3,1,0,1,0,0,0
126700.0,509500.0,22730.0,-19676,-283,4,0,1,3,0,0,1,1,0,0
104300.0,303100.0,19960.0,-19767,-503,2,0,3,3,1,3,3,1,0,0
175200.0,609400.0,34930.0,-18760,-452,2,1,3,0,0,0,2,0,0,0
93500.0,366400.0,18060.0,-12759,-2167,2,0,3,3,1,0,3,0,0,1
72800.0,158800.0,7350.0,-12846,-612,5,0,0,3,1,0,2,0,1,0
123800.0,553300.0,26590.0,-16622,-344,1,0,0,3,1,0,2,1,0,0
157800.0,305500.0,14710.0,-20064,-1044,3,0,0,3,1,0,2,0,0,1
135000.0,412500.0,26110.0,-8715,-2116,4,0,3,3,1,0,2,0,1,1
148100.0,418500.0,26240.0,-15626,-1519,1,0,3,3,1,0,2,1,1,1
148900.0,326500.0,21720.0,-16546,-1567,1,0,2,3,2,0,2,0,0,1
173200.0,625500.0,41350.0,-19614,-6050,4,1,3,3,1,0,1,0,0,1
177900.0,790300.0,34790.0,-11585,-282,5,0,0,3,4,3,2,1,0,1
105400.0,379200.0,24180.0,-23037,-573,2,0,1,3,1,0,2,0,0,0
180100.0,662000.0,41430.0,-13902,-882,1,0,3,1,1,0,2,1,0,1
45000.0,190800.0,12390.0,-17988,-312,1,1,1,3,3,0,2,0,0,1
200400.0,867300.0,37330.0,-15796,-1886,2,0,1,0,1,0,2,0,1,0
78300.0,215700.0,10310.0,-11291,-1763,2,0,0,0,1,0,3,0,1,1
466900.0,1911600.0,120120.0,-10952,-1904,4,0,3,3,3,0,2,0,0,1
205700.0,916000.0,61120.0,-8714,-36,2,0,3,0,1,0,2,0,0,1
135100.0,523200.0,29440.0,-17147,-865,1,0,0,3,1,2,2,0,0,1
278200.0,739000.0,46450.0,-8811,-1659,3,0,3,3,0,0,2,1,0,0
127400.0,328200.0,16920.0,-10306,-647,4,0,0,2,1,0,2,0,0,0
160400.0,566600.0,25140.0,-9368,-2255,2,0,3,3,1,0,2,1,0,1
93900.0,275200.0,13510.0,-7965,-89,3,0,0,0,0,0,2,0,0,1
386400.0,1049000.0,70290.0,-9604,-1530,1,0,0,3,0,0,2,0,1,1
114500.0,219100.0,10440.0,-16743,-4908,1,0,0,3,1,0,2,0,0,1
248300.0,566700.0,33250.0,-17073,-365,3,0,3,0,3,0,3,0,0,1
177600.0,627500.0,41990.0,-10840,-2599,5,0,3,3,1,0,2,0,0,1
155900.0,319600.0,16030.0,-10581,-588,2,0,3,3,1,0,3,0,0,1
184600.0,661400.0,32710.0,-8305,-120,2,0,3,3,1,0,2,0,1,1
431200.0,1938200.0,100770.0,-17671,-914,4,0,3,3,1,0,1,0,0,1
142400.0,573100.0,27170.0,-18441,-5221,1,0,3,3,3,0,1,1,0,1
153300.0,611900.0,39400.0,-11919,-1397,1,0,3,3,3,0,2,0,0,0
140200.0,327000.0,16360.0,-8518,-1193,2,0,1,0,1,0,2,0,1,1
224300.0,503900.0,21600.0,-22064,-2859,4,0,3,3,1,0,3,0,0,0
142200.0,553000.0,35510.0,-11820,-492,3,0,3,3,0,0,2,1,0,1
68400.0,194600.0,11910.0,-17971,-429,2,1,3,3,4,0,2,0,1,1
87000.0,239600.0,10570.0,-16007,-1043,3,0,0,3,1,0,2,0,1,1
158200.0,302400.0,16990.0,-18715,-1304,2,0,3,3,1,0,2,1,1,1
535900.0,1288400.0,71130.0,-13685,-466,2,0,3,0,3,0,3,0,0,1
95500.0,238300.0,15770.0,-16470,-3726,1,1,3,0,4,0,2,0,0,1
64000.0,233200.0,11890.0,-13217,-255,2,0,3,3,3,0,2,0,0,1
45000.0,157700.0,9840.0,-18744,-950,1,0,3,0,1,3,3,1,0,1
153800.0,622500.0,31480.0,-14408,-1330,2,0,3,3,1,0,2,0,0,0
65800.0,167000.0,7410.0,-16845,-1565,2,1,3,3,1,0,2,0,0,0
95600.0,414500.0,21480.0,-20759,-2227,2,0,3,3,3,0,3,0,1,1
259400.0,717400.0,39780.0,-14774,-4655,2,0,3,3,1,0,2,1,0,0
69900.0,233000.0,10650.0,-21244,-258,1,0,3,3,1,0,2,0,0,1
155900.0,671700.0,37820.0,-22101,-1342,1,0,0,3,1,0,2,1,0,1
76600.0,321100.0,21540.0,-11087,-354,1,0,1,3,3,0,2,0,0,1
249300.0,664100.0,42260.0,-17044,-6134,4,1,3,0,1,0,2,0,0,0
249900.0,739200.0,41690.0,-7963,-1388,2,0,3,3,2,0,3,0,0,0
156800.0,498200.0,29950.0,-20894,-939,4,0,3,3,1,0,3,0,1,1
210800.0,580000.0,32820.0,-15886,-1418,2,0,0,0,3,0,2,0,0,1
200400.0,750100.0,38280.0,-23561,-1043,2,0,0,3,1,0,2,1,0,1
155600.0,586200.0,38570.0,-17552,-1072,1,0,3,3,2,0,2,0,0,1
126100.0,444100.0,24550.0,-16618,-2377,2,0,3,0,0,0,3,0,0,0
148300.0,458600.0,25480.0,-13390,-1833,2,0,1,3,1,0,2,0,0,0
100200.0,182600.0,10520.0,-12760,-4314,2,0,3,3,0,0,2,0,1,1
137900.0,616700.0,34170.0,-12507,-523,3,0,3,0,1,0,3,0,0,1
153200.0,325000.0,21690.0,-18472,-1706,2,1,0,3,1,0,3,0,0,0
130100.0,463800.0,30620.0,-10466,-3265,1,0,3,0,1,0,2,0,0,1
107600.0,199300.0,9770.0,-17500,-2524,2,1,3,3,3,0,2,0,0,1
82700.0,350800.0,17080.0,-18038,-1356,4,0,0,0,1,0,2,1,0,1
96300.0,350200.0,20820.0,-22415,-396,1,0,3,0,1,0,3,1,0,1
123100.0,472200.0,19970.0,-11695,-1660,2,0,1,3,2,0,2,1,0,0
339200.0,852300.0,49370.0,-15031,-178,2,0,3,3,3,0,1,0,1,1
155400.0,605900.0,34540.0,-14991,-415,3,1,3,0,1,0,1,0,0,1
189300.0,692200.0,38070.0,-8145,-1570,2,0,1,3,1,0,2,0,1,1
283500.0,715700.0,44680.0,-23203,-394,1,1,1,3,1,0,2,0,0,1
80100.0,360400.0,17680.0,-19727,-2196,5,0,3,0,3,0,2,0,0,1
225600.0,467500.0,30190.0,-9709,-574,2,0,3,3,2,0,2,0,0,0
111900.0,500000.0,31960.0,-20977,-1222,2,0,0,0,1,0,3,0,0,1
171300.0,499700.0,26370.0,-12317,-2484,1,0,3,0,1,0,2,0,0,1
94900.0,330500.0,16300.0,-14589,-1413,2,0,0,0,1,0,3,0,1,0
257500.0,477900.0,31940.0,-15788,-3674,3,0,2,0,3,0,3,0,0,1
230500.0,579400.0,31090.0,-19702,-4187,2,0,3,3,0,0,2,1,0,1
173400.0,373600.0,16840.0,-14400,-2205,4,1,3,3,1,0,2,0,0,1
72600.0,205900.0,11350.0,-23252,-1897,2,0,3,0,4,0,2,0,1,0
90800.0,320800.0,16020.0,-7978,-1403,1,0,2,3,1,0,2,0,0,1
146500.0,304700.0,16270.0,-15998,-963,1,0,3,0,1,0,2,1,0,0
98100.0,271100.0,15020.0,-17363,-151,3,0,3,3,0,0,2,0,0,0
97100.0,197700.0,8980.0,-16665,-1813,1,1,3,3,1,0,2,0,0,1
100100.0,309600.0,15710.0,-12492,-1635,1,0,3,3,1,0,1,0,0,1
236300.0,992800.0,58930.0,-14204,-363,2,0,3,0,1,0,2,1,1,1
236500.0,840100.0,55690.0,-18559,-5824,3,0,1,3,3,3,2,0,0,1
121100.0,392700.0,18060.0,-21246,-6010,2,0,2,0,2,0,2,0,0,1
92800.0,410600.0,27260.0,-11063,-508,2,0,0,3,1,0,1,0,0,1
163600.0,685300.0,34170.0,-19567,-12939,1,0,0,3,3,0,3,0,0,0
163200.0,579300.0,33880.0,-19274,-7176,1,0,0,3,1,0,2,0,0,1
90000.0,292900.0,13470.0,-17582,-2933,3,0,3,0,1,1,2,0,0,0
181900.0,736100.0,35150.0,-10016,-1834,3,0,3,0,0,0,1,0,1,1
222100.0,864500.0,47890.0,-11325,-814,4,0,3,3,1,0,3,0,0,0
66400.0,124800.0,5380.0,-11902,-1117,3,0,3,0,4,1,2,0,0,1
230000.0,736300.0,39340.0,-14963,-1284,1,0,2,3,3,0,2,0,1,1
173700.0,570500.0,29360.0,-11345,-4770,2,0,2,3,1,0,3,0,0,1
94400.0,299200.0,20040.0,-14695,-3623,2,0,3,0,1,0,2,0,1,1
146700.0,628300.0,33690.0,-23065,-5881,1,0,3,1,2,0,2,0,0,0
126700.0,343800.0,23240.0,-12642,-673,1,0,3,3,0,0,2,0,0,1
128600.0,263900.0,12100.0,-22768,-2345,2,0,1,0,1,0,3,0,0,1
133300.0,251400.0,12740.0,-19145,-3686,3,1,3,3,1,0,2,0,1,0
126300.0,272500.0,11510.0,-20686,-3221,1,0,3,3,1,1,2,0,0,0
232700.0,636800.0,36660.0,-23162,-516,1,0,3,2,3,0,3,1,0,0
141000.0,472500.0,19860.0,-16438,-888,3,0,1,0,1,0,3,1,1,1
180000.0,417200.0,20710.0,-9732,-310,2,0,3,0,3,0,2,0,1,0
45000.0,125100.0,6600.0,-10494,-487,1,0,3,0,2,0,3,1,0,1
117000.0,272100.0,16430.0,-16391,-1398,4,0,3,0,3,0,1,0,0,1
207400.0,521700.0,34860.0,-14693,-3456,3,0,0,3,3,0,2,0,0,1
319900.0,1332500.0,88570.0,-14500,-2154,2,0,3,3,3,0,2,0,1,0
202000.0,441100.0,23250.0,-16391,-1278,1,0,3,0,1,0,2,0,1,1
176600.0,783200.0,46670.0,-8434,-1645,2,0,3,0,1,0,2,1,1,1
144100.0,628500.0,41320.0,-13355,-266,1,1,0,3,1,0,1,0,0,1
162200.0,633600.0,39320.0,-20616,-122,2,0,3,0,3,0,2,0,1,1
169800.0,379800.0,23010.0,-18293,-321,2,0,3,3,1,0,3,0,0,1
350400.0,983400.0,44330.0,-12082,-3117,2,0,1,1,1,0,2,0,0,0
76400.0,296200.0,17270.0,-10700,-1522,2,0,3,3,4,0,2,0,0,0
327800.0,782100.0,39030.0,-20499,-590,3,0,3,3,1,0,2,0,0,0
167800.0,421500.0,24450.0,-22627,-487,4,1,3,0,1,0,2,0,0,1
173900.0,332800.0,20460.0,-22893,-955,4,0,3,0,0,0,3,0,0,0
67400.0,159100.0,7510.0,-11788,-1490,3,0,3,0,3,0,1,0,0,0
159200.0,553800.0,35240.0,-12547,-1428,1,0,3,3,1,0,3,0,0,0
179700.0,486900.0,25790.0,-15943,-695,2,0,1,3,1,0,2,0,0,1
272500.0,870600.0,51480.0,-21734,-245,2,0,3,0,1,3,1,0,0,0
97000.0,361100.0,19080.0,-10314,-183,2,0,3,3,1,0,2,0,0,1
134600.0,320100.0,14860.0,-21495,-2364,2,0,1,3,3,0,2,1,1,1
188000.0,357500.0,18400.0,-18548,-2338,2,0,1,3,0,0,2,0,0,0
218800.0,747400.0,34220.0,-20374,-128,2,0,3,3,3,0,2,0,1,1
151100.0,385600.0,20600.0,-15395,-466,4,0,3,3,2,0,1,0,0,1
89800.0,301900.0,20310.0,-18800,-3960,2,0,0,0,1,3,2,1,0,1
218200.0,527700.0,31970.0,-14554,-2983,1,0,0,3,1,0,1,1,0,1
95800.0,251400.0,12130.0,-9478,-666,2,0,3,0,1,0,2,0,0,0
101300.0,286900.0,17120.0,-23152,-2645,3,0,3,3,1,0,2,0,1,0
201400.0,510900.0,34480.0,-12354,-36,1,0,0,3,4,0,2,0,1,1
118500.0,406300.0,19870.0,-7740,-1165,3,0,0,3,4,0,2,0,0,0
98900.0,405000.0,19540.0,-9032,-884,1,1,3,3,2,3,3,0,1,0
181900.0,621900.0,29570.0,-13141,-3397,3,0,3,3,3,0,1,0,1,1
170500.0,408500.0,20400.0,-17537,-683,2,0,3,3,1,0,2,0,0,1
142000.0,606900.0,40860.0,-13316,-36,2,0,1,3,1,0,2,0,1,1
103900.0,326700.0,17110.0,-8503,-1928,3,0,3,0,3,0,1,0,1,1
389900.0,1548700.0,74850.0,-8374,-1728,1,0,1,3,1,0,2,0,1,0
92600.0,289500.0,12330.0,-8651,-2077,2,0,3,3,1,0,2,0,0,1
443100.0,1774600.0,111010.0,-14583,-1184,3,0,3,3,1,0,3,0,0,1
180400.0,445900.0,21360.0,-18186,-3172,3,0,3,0,0,3,3,0,0,0
108500.0,306000.0,19560.0,-23230,-843,2,0,0,3,1,0,2,0,0,1
214200.0,416600.0,27460.0,-7864,-1290,1,0,3,3,1,0,3,0,0,1
98000.0,349000.0,22030.0,-22471,-36,5,0,3,3,4,0,2,1,0,1
137000.0,429000.0,27550.0,-7911,-1336,3,0,1,0,1,0,2,0,1,1
141600.0,555200.0,27660.0,-17854,-3098,1,1,3,3,2,0,2,0,0,1
144500.0,386200.0,18890.0,-23091,-2584,1,1,3,3,1,0,2,0,0,0
133100.0,264100.0,14200.0,-23137,-1816,4,0,3,3,1,0,2,0,0,1
283200.0,773900.0,36890.0,-11115,-1885,4,0,1,3,1,0,2,0,1,0
125100.0,552100.0,37320.0,-23051,-2862,2,0,3,3,4,0,1,0,1,0
142200.0,509400.0,27290.0,-10618,-611,2,0,0,3,1,0,1,0,0,1
172400.0,388800.0,16340.0,-15672,-1973,2,0,0,3,1,0,3,0,0,1
162900.0,653800.0,34530.0,-11034,-3427,3,0,0,3,1,0,2,1,0,1
244800.0,514500.0,34900.0,-14689,-418,2,1,1,3,0,0,3,0,0,1
195100.0,797700.0,41250.0,-12170,-318,3,0,3,1,1,1,3,1,0,1
97000.0,267500.0,17530.0,-19415,-3109,3,0,3,3,1,0,2,0,0,1
231800.0,803000.0,35400.0,-12003,-833,2,0,0,0,4,0,2,0,0,1
243700.0,796100.0,43530.0,-9824,-158,2,0,0,3,1,0,3,0,0,1
249900.0,764800.0,47860.0,-15816,-1762,1,0,1,3,0,0,2,0,0,0
326000.0,1092000.0,62290.0,-17639,-48,2,0,3,0,1,0,2,1,1,1
131600.0,397700.0,23020.0,-18714,-105,1,0,3,0,1,0,2,0,0,0
150700.0,385000.0,21300.0,-15688,-1930,1,0,3,0,1,0,2,0,1,1
152800.0,382900.0,16140.0,-10249,-261,2,0,1,3,1,0,2,0,1,1
318500.0,1129000.0,52560.0,-14316,-360,2,0,3,3,1,0,1,0,0,1
183100.0,807000.0,53060.0,-16831,-494,2,0,3,3,0,0,2,0,0,1
79100.0,287300.0,17650.0,-22508,-36,4,0,3,0,1,0,2,0,1,1
262100.0,920500.0,61040.0,-23395,-1851,2,0,3,3,1,0,3,0,1,1
101000.0,266400.0,15680.0,-9093,-392,2,0,3,0,1,0,2,0,0,0
67900.0,282000.0,14040.0,-14434,-2544,1,0,3,3,3,0,2,0,0,0
80600.0,289800.0,15390.0,-15797,-2714,2,0,3,3,1,0,2,0,1,0
106400.0,381500.0,20990.0,-19000,-234,4,0,1,3,0,0,2,0,0,1
340800.0,1342100.0,56960.0,-16945,-2123,2,0,0,3,0,2,2,1,0,1
405700.0,1266700.0,72890.0,-16335,-1345,1,0,1,3,1,0,2,1,1,1
88600.0,234600.0,11530.0,-8237,-1120,1,1,3,1,1,0,3,0,1,1
409600.0,1121500.0,66720.0,-9142,-744,2,0,0,3,1,0,2,0,0,1
436200.0,1898700.0,99510.0,-23060,-1992,3,0,3,3,3,0,2,0,1,1
92600.0,416100.0,26330.0,-20387,-586,1,0,3,3,1,0,3,1,1,0
221300.0,563500.0,28580.0,-18779,-1535,2,1,3,0,3,0,2,0,1,0
93700.0,367300.0,19700.0,-14393,-201,4,0,2,3,1,0,3,0,1,1
215700.0,814800.0,37730.0,-17081,-187,3,0,1,3,1,0,2,0,1,1
322400.0,1171800.0,78250.0,-12554,-488,3,0,3,3,2,0,2,0,0,0
277000.0,1226000.0,68140.0,-13115,-3051,1,0,1,3,0,0,3,0,0,0
112300.0,289800.0,17020.0,-13834,-1859,1,0,0,3,2,0,1,0,0,1
155400.0,650400.0,36640.0,-22604,-1854,3,0,3,3,4,3,2,0,0,1
148100.0,292000.0,16000.0,-17316,-3287,2,0,3,3,1,0,2,0,0,1
279500.0,1122100.0,74780.0,-17648,-68,2,0,1,3,3,0,3,0,0,1
167000.0,561900.0,26970.0,-10242,-3667,2,0,1,1,1,0,2,1,0,0
217900.0,457600.0,27040.0,-9894,-476,2,0,3,3,1,1,2,0,0,1
162000.0,541900.0,28280.0,-18465,-1359,2,0,1,3,1,0,2,0,1,1
110700.0,414700.0,20580.0,-15072,-173,2,1,2,3,0,0,3,0,1,1
205500.0,680000.0,38880.0,-22720,-2896,5,0,3,3,1,1,2,0,0,0
151400.0,426900.0,19470.0,-22561,-1216,2,0,3,3,1,0,2,0,0,1
185000.0,437000.0,18880.0,-16757,-1723,2,0,3,0,1,0,2,0,0,1
65800.0,120200.0,7730.0,-8970,-1146,1,0,0,2,1,2,2,0,0,0
77400.0,252700.0,16340.0,-12730,-687,2,0,0,3,1,0,3,0,0,1
102400.0,332400.0,17160.0,-19319,-1013,4,0,1,3,1,0,2,0,0,1
197400.0,617500.0,36420.0,-11733,-327,1,0,0,3,2,0,3,0,1,0
178800.0,455800.0,22820.0,-12376,-2844,2,0,3,3,0,0,3,0,1,1
322800.0,1059200.0,58780.0,-19383,-504,3,0,3,3,4,0,2,0,0,1
226700.0,848900.0,56660.0,-13383,-449,5,0,3,3,1,0,2,0,0,1
131900.0,298200.0,19010.0,-18998,-745,3,0,3,1,0,0,3,0,0,0
115700.0,260700.0,12370.0,-19589,-4064,3,0,3,3,1,0,1,0,0,0
188500.0,845100.0,40290.0,-22867,-956,1,0,0,3,0,0,1,1,0,0
85500.0,166800.0,7950.0,-16549,-1064,2,0,3,0,1,0,2,0,0,1
163300.0,497200.0,27530.0,-22372,-52,1,0,1,0,1,0,2,0,1,0
88300.0,308400.0,13140.0,-10521,-1024,3,0,3,3,1,0,3,0,1,1
324500.0,736100.0,36730.0,-8779,-2204,3,1,0,3,2,0,1,0,1,1
140900.0,441300.0,27110.0,-8325,-1751,1,0,3,3,3,0,2,0,1,0
129200.0,357900.0,19890.0,-20407,-2047,2,0,2,3,1,0,1,0,0,1
87500.0,184000.0,10390.0,-13593,-2301,2,0,3,3,2,0,2,0,1,0
54500.0,141800.0,8000.0,-11729,-1018,2,0,0,3,1,3,2,0,0,1
124200.0,250900.0,13880.0,-15728,-41,1,0,2,3,0,0,1,0,0,1
242300.0,657700.0,30290.0,-13115,-356,3,0,3,0,1,1,2,0,0,1
240100.0,859600.0,49500.0,-16338,-834,3,0,3,3,1,0,2,0,0,1
223300.0,557300.0,24070.0,-15333,-881,2,0,1,3,1,0,2,0,0,0
95200.0,305200.0,20340.0,-15750,-390,2,0,3,3,1,0,2,0,1,1
216100.0,744100.0,36300.0,-9683,-3108,5,0,3,3,3,0,3,0,1,1
304100.0,854000.0,48410.0,-22681,-166,2,0,1,0,1,3,2,0,1,1
61600.0,200000.0,10720.0,-20701,-1228,4,0,0,3,1,0,1,0,0,1
127400.0,535700.0,33020.0,-20725,-687,2,0,3,0,1,0,1,0,1,1
152400.0,669600.0,41160.0,-20762,-1194,2,0,2,3,1,0,3,0,0,1
218600.0,511000.0,30410.0,-9732,-678,3,0,2,3,1,0,3,0,0,0
205400.0,886300.0,53250.0,-9751,-62,3,0,3,3,0,0,2,0,0,1
176200.0,421000.0,18130.0,-8607,-154,3,0,2,3,1,3,2,1,0,1
138100.0,402100.0,21470.0,-8884,-563,2,0,3,1,1,0,2,0,1,1
171100.0,342400.0,20850.0,-8775,-113,1,0,3,0,3,0,1,0,0,1
149400.0,274500.0,17780.0,-8303,-1728,3,0,3,0,4,0,1,0,0,0
144000.0,541100.0,25510.0,-21024,-4644,1,0,2,3,1,0,3,0,0,1
106200.0,211100.0,11840.0,-9030,-2456,2,0,3,3,2,0,2,0,0,1
161700.0,463000.0,29680.0,-18505,-722,2,0,3,0,1,3,2,0,0,0
96300.0,370300.0,16370.0,-18481,-2113,2,0,3,3,1,0,2,1,1,1
130200.0,372300.0,21490.0,-23042,-313,1,0,1,3,1,0,2,0,0,0
45000.0,93300.0,4240.0,-20755,-427,1,0,3,3,1,0,2,0,0,1
107300.0,432400.0,23150.0,-11821,-1273,2,0,3,3,3,0,2,0,0,1
319300.0,1264100.0,79520.0,-8032,-361,2,0,3,3,2,0,2,0,0,1
197100.0,496800.0,25580.0,-15757,-8656,1,0,2,1,1,0,2,0,1,1
94600.0,303700.0,15190.0,-22408,-2012,2,1,0,3,0,0,2,0,0,0
151600.0,406700.0,18120.0,-19326,-808,3,0,0,0,0,0,2,0,0,1
122200.0,323600.0,20200.0,-19884,-686,1,0,3,3,1,0,2,0,0,1
172700.0,401800.0,25170.0,-18000,-294,2,0,3,3,1,0,2,0,0,1
295200.0,1095400.0,64720.0,-15996,-1729,1,0,3,3,1,0,2,0,1,0
115600.0,486300.0,24240.0,-13215,-2026,2,0,3,3,1,0,2,0,1,1
276000.0,1086300.0,73420.0,-14231,-4406,3,0,3,3,1,0,2,0,0,0
50800.0,204700.0,9160.0,-13732,-2434,1,0,3,3,3,0,2,0,0,0
150200.0,386700.0,25760.0,-19863,-612,2,0,3,3,1,0,2,0,0,0
225600.0,546500.0,27900.0,-10106,-1611,1,0,0,3,4,0,2,0,0,1
456500.0,1918800.0,96830.0,-15897,-36,1,0,3,0,2,0,2,0,0,1
50000.0,118300.0,5110.0,-18972,-211,1,0,3,3,1,0,2,0,0,1
206400.0,639600.0,27050.0,-19060,-1532,1,1,2,3,1,0,2,0,0,1
131800.0,297800.0,14750.0,-9951,-2159,2,0,2,3,0,0,1,0,1,1
154600.0,606400.0,32210.0,-14937,-1162,3,0,3,3,3,0,3,1,0,1
229100.0,622300.0,33270.0,-21647,-479,1,0,3,0,3,0,2,0,1,1
222700.0,935800.0,60790.0,-20713,-2271,4,0,2,3,1,0,2,0,0,1
131600.0,548400.0,34290.0,-13335,-4636,2,0,3,3,0,0,2,1,0,1
69100.0,172100.0,9890.0,-14363,-3855,2,1,1,3,1,0,3,0,0,0
133800.0,275900.0,11860.0,-18034,-357,2,0,1,3,1,0,2,1,0,1
227400.0,467200.0,21880.0,-15478,-2272,3,0,3,3,4,0,1,0,0,1
86400.0,297900.0,15980.0,-9602,-1117,1,0,3,3,3,1,2,0,1,1
257600.0,711300.0,30680.0,-12808,-413,4,0,3,2,0,0,1,0,1,0
205200.0,885100.0,59110.0,-19505,-36,1,0,3,3,3,0,3,1,0,1
216800.0,425900.0,25630.0,-8918,-1143,4,0,0,3,1,0,1,0,0,1
167400.0,546500.0,33320.0,-22390,-519,1,0,1,3,2,0,2,1,1,1
158600.0,466200.0,22170.0,-19020,-1163,1,1,1,3,1,0,2,0,1,0
103000.0,354000.0,18660.0,-18417,-389,3,0,1,3,1,0,2,0,1,1
259600.0,669100.0,40230.0,-10342,-739,2,0,3,3,1,0,2,0,0,0
159600.0,362700.0,18820.0,-21535,-708,2,0,0,3,1,0,2,0,0,0
91600.0,171500.0,8010.0,-17752,-2503,1,0,0,3,0,0,2,0,0,0
198300.0,662100.0,40940.0,-17709,-5535,1,0,3,3,3,0,3,1,0,1
125200.0,333300.0,22110.0,-15103,-1327,2,0,1,3,1,3,1,0,0,1
184200.0,485300.0,30460.0,-14836,-638,1,0,3,0,1,0,2,0,0,0
92000.0,170400.0,11010.0,-10871,-4297,2,0,1,0,1,0,2,0,0,1
119400.0,450100.0,27600.0,-19315,-425,3,0,0,3,3,0,2,1,0,1
92900.0,175200.0,7870.0,-11090,-1551,2,0,3,3,1,0,1,0,0,1
134700.0,259100.0,15540.0,-12956,-2972,3,0,3,3,1,0,2,0,1,0
109700.0,370400.0,18010.0,-19193,-3498,2,0,1,3,3,0,2,0,1,1
231400.0,510300.0,23530.0,-8586,-2011,2,0,3,3,1,0,1,0,1,1
192600.0,425900.0,20370.0,-17113,-4037,3,0,1,3,1,0,2,0,0,0
54700.0,107100.0,5960.0,-7818,-788,1,0,3,3,1,2,3,0,0,1
62400.0,217300.0,14760.0,-22725,-2381,2,0,3,0,1,0,3,0,0,1
138300.0,572400.0,35240.0,-19808,-612,4,0,2,3,1,0,3,0,1,0
265000.0,994200.0,45860.0,-11645,-1127,5,0,1,3,1,0,1,1,1,1
212900.0,927900.0,40240.0,-23224,-36,5,0,0,3,1,0,1,0,1,1
193300.0,415200.0,21410.0,-10135,-36,1,0,0,3,3,0,3,0,1,1
254600.0,1127600.0,70770.0,-10738,-1429,1,0,3,0,3,0,2,0,1,1
253100.0,524000.0,29800.0,-20014,-1259,2,0,1,3,1,0,1,0,0,1
127700.0,248700.0,12350.0,-8302,-1564,4,0,3,3,1,0,2,0,0,1
75500.0,302800.0,17180.0,-9680,-1224,2,0,3,3,1,0,2,0,0,1
96600.0,315600.0,14170.0,-23249,-296,2,0,3,3,1,0,2,0,1,1
52900.0,160900.0,7790.0,-10455,-3880,2,1,3,3,4,0,3,0,0,1
71600.0,247900.0,15990.0,-17384,-2322,1,0,3,3,1,3,2,1,0,1
213300.0,918900.0,47880.0,-16596,-3227,2,0,0,3,1,0,2,0,0,1
163900.0,629000.0,39060.0,-16863,-2827,2,0,3,3,3,0,2,0,0,0
162200.0,395800.0,24230.0,-22023,-928,4,0,2,3,0,0,1,0,0,1
127100.0,525700.0,23600.0,-16720,-2101,4,0,3,3,0,0,1,1,0,1
149800.0,414600.0,21580.0,-23404,-887,2,0,2,0,1,0,2,0,0,0
476700.0,1195800.0,68430.0,-12102,-1440,2,0,3,3,1,0,2,1,1,1
101700.0,357000.0,17960.0,-10668,-851,2,0,1,3,1,0,2,1,0,1
49300.0,150600.0,8320.0,-14143,-36,3,0,3,0,1,0,3,1,0,1
248600.0,1092300.0,56490.0,-18062,-1386,4,1,3,3,0,0,2,0,0,1
65000.0,204100.0,13840.0,-23122,-5555,2,0,1,3,1,0,2,0,0,1
129200.0,538700.0,32920.0,-8738,-1701,4,0,0,3,0,0,1,0,0,0
228200.0,622700.0,39840.0,-18576,-1827,1,0,1,0,1,0,2,0,1,0
144000.0,559000.0,36680.0,-20527,-3228,2,0,3,3,1,0,2,0,0,0
137200.0,604300.0,37760.0,-14130,-402,3,0,3,3,3,2,3,1,0,1
67100.0,286500.0,14210.0,-22916,-1411,2,0,3,2,1,0,2,0,1,1
171300.0,322100.0,13770.0,-8809,-1033,1,0,3,0,0,0,2,0,0,0
135100.0,606800.0,36010.0,-12722,-246,3,0,3,1,0,0,2,0,0,0
280600.0,915100.0,43140.0,-13558,-1193,2,1,3,0,1,0,1,0,0,1
106700.0,223600.0,10480.0,-8167,-1185,1,0,3,3,1,0,2,0,0,0
399100.0,1790000.0,92880.0,-20211,-2527,1,0,3,3,1,0,2,0,0,1
273300.0,1080000.0,47230.0,-8123,-215,2,0,0,0,1,0,1,0,0,1
215000.0,952900.0,41140.0,-18984,-1378,1,0,0,1,1,3,1,0,1,1
140200.0,489300.0,23100.0,-15242,-1481,1,0,3,3,0,0,2,0,0,0
212400.0,864800.0,41890.0,-15532,-184,2,0,3,3,2,0,1,0,0,1
92800.0,280200.0,15430.0,-22050,-512,4,0,3,3,3,0,2,0,1,0
148600.0,430500.0,24110.0,-10126,-3552,2,0,1,3,1,0,2,1,1,1
92800.0,291000.0,12230.0,-16867,-2639,4,0,0,3,1,0,2,0,0,0
168700.0,384100.0,17420.0,-22629,-454,1,0,3,3,1,0,3,0,1,1
335700.0,1184000.0,62100.0,-16243,-5656,1,1,3,3,1,0,2,0,1,1
85500.0,334400.0,18880.0,-20261,-1224,3,0,1,3,2,0,1,0,0,1
135800.0,567900.0,31770.0,-21269,-3128,2,0,0,1,1,3,2,0,1,1
329400.0,672000.0,36950.0,-8933,-1329,1,0,1,3,3,0,2,0,1,1
271300.0,566700.0,34260.0,-19920,-2254,2,0,0,0,1,0,2,0,1,1
61200.0,168100.0,7440.0,-18147,-874,2,0,0,3,2,3,2,1,0,1
94500.0,243000.0,10290.0,-9383,-2809,2,0,0,0,1,0,2,0,0,0
69100.0,146000.0,8470.0,-21047,-287,2,0,1,3,2,0,2,0,0,1
221500.0,678200.0,38270.0,-11213,-275,1,0,3,3,1,0,1,0,0,1
134200.0,384000.0,19300.0,-19919,-1559,2,0,3,0,3,0,3,0,1,0
123500.0,244500.0,15700.0,-14174,-90,1,0,1,3,4,0,2,0,1,1
74400.0,170800.0,8320.0,-15320,-2819,2,0,3,3,1,0,3,0,1,0
147000.0,422700.0,20400.0,-16143,-2969,2,0,1,3,0,0,3,0,1,1
120300.0,289000.0,15900.0,-9386,-2617,2,0,1,3,3,0,3,0,1,0
206800.0,652000.0,36680.0,-15819,-939,1,0,0,3,1,3,2,1,1,1
214500.0,915800.0,61040.0,-22885,-924,2,0,3,0,0,0,2,0,1,1
144300.0,438100.0,19180.0,-11056,-1444,2,0,1,3,1,1,2,0,0,1
235500.0,895000.0,55410.0,-16423,-297,1,0,3,0,1,0,2,0,0,0
340800.0,863400.0,55290.0,-23494,-477,2,0,0,3,1,0,1,0,1,1
46400.0,160600.0,8430.0,-13016,-3897,2,0,0,3,1,0,3,0,0,1
77800.0,251700.0,15070.0,-23419,-200,1,0,3,0,2,0,3,0,0,1
123300.0,274600.0,18190.0,-13151,-2438,1,0,3,3,4,0,2,0,0,0
207200.0,514500.0,23720.0,-10423,-1383,1,0,2,3,0,0,2,0,0,1
182300.0,469600.0,20370.0,-16321,-2484,4,0,0,3,1,2,2,0,0,1
260500.0,474900.0,31860.0,-11310,-1223,1,0,1,3,3,2,1,0,0,1
129200.0,520900.0,27510.0,-9925,-184,4,0,3,3,1,0,2,0,1,1
86300.0,281500.0,14470.0,-19802,-4068,2,0,2,3,1,0,3,0,1,1
113900.0,407400.0,19600.0,-22376,-356,4,0,0,3,1,0,1,0,0,0
203000.0,618200.0,35290.0,-12073,-1386,3,0,1,3,1,0,3,0,0,1
141100.0,592300.0,29650.0,-15593,-264,1,0,1,3,1,0,3,0,0,1
192900.0,362600.0,17750.0,-7831,-1257,3,0,0,3,1,0,2,1,0,0
426600.0,938800.0,44450.0,-19395,-1290,2,0,3,3,1,0,3,0,0,1
219200.0,640900.0,26970.0,-9908,-1185,4,0,1,0,1,0,2,0,0,1
174800.0,735000.0,41300.0,-14290,-1998,5,0,3,0,1,0,2,0,1,0
138200.0,422100.0,27910.0,-13573,-1259,4,0,3,3,3,0,2,0,1,1
112700.0,383000.0,17980.0,-12860,-5655,1,0,3,3,1,0,2,1,0,0
308100.0,614500.0,28460.0,-21891,-518,2,0,3,2,1,0,2,0,0,1
127700.0,246300.0,10750.0,-12538,-486,1,0,3,3,1,0,3,1,1,1
169200.0,370800.0,17080.0,-13029,-211,2,0,0,3,1,0,3,0,0,0
124300.0,434800.0,28040.0,-18838,-555,3,0,0,3,1,3,2,0,0,1
198900.0,363300.0,16950.0,-23612,-1427,2,0,0,3,1,0,2,0,0,1
192600.0,776100.0,36000.0,-16035,-722,2,0,0,3,3,0,2,0,0,1
203000.0,544400.0,27250.0,-20599,-1049,2,0,1,3,0,0,3,1,0,1
187200.0,511400.0,29700.0,-18236,-370,3,0,2,3,1,0,2,0,1,1
125700.0,284400.0,13740.0,-22823,-1887,4,0,3,3,3,0,1,0,0,0
191600.0,736400.0,43750.0,-14843,-3475,1,0,3,3,3,0,2,0,0,0
94600.0,393100.0,25230.0,-8301,-124,2,0,3,3,1,0,2,1,0,1
176500.0,641000.0,41990.0,-11613,-2109,2,0,0,3,3,2,3,1,0,1
113400.0,296000.0,13970.0,-9514,-1204,1,0,3,3,1,3,1,0,1,1
137300.0,512100.0,24570.0,-17080,-391,2,0,1,3,3,0,3,0,1,0
149200.0,377000.0,17160.0,-10214,-997,4,0,1,3,1,0,2,0,0,1
75800.0,238500.0,12700.0,-10310,-3735,3,0,3,3,1,0,3,0,0,0
304400.0,883600.0,60060.0,-17263,-289,2,0,3,3,3,0,3,0,0,0
183700.0,351000.0,21590.0,-23463,-1901,3,0,3,3,1,0,2,0,0,1
108400.0,208500.0,10850.0,-16318,-436,2,0,3,0,0,0,3,1,0,1
131500.0,501600.0,22830.0,-8731,-2156,1,0,3,0,3,0,2,0,0,1
136200.0,257000.0,14190.0,-20909,-208,4,0,0,0,2,0,2,0,1,1
67100.0,156100.0,9170.0,-20608,-1715,1,0,1,1,1,2,2,0,1,1
142800.0,299400.0,16270.0,-19600,-750,3,0,3,0,3,0,2,0,0,1
95800.0,302000.0,16120.0,-13251,-4280,2,0,3,0,2,0,2,0,0,0
367900.0,979300.0,66460.0,-9514,-2940,1,0,3,3,1,0,2,0,0,0
265200.0,1101600.0,60380.0,-15757,-229,1,0,0,0,3,3,3,0,1,0
198600.0,478500.0,32060.0,-20455,-4736,2,0,1,0,0,0,2,0,0,1
119200.0,413400.0,23710.0,-9998,-380,1,0,3,3,1,0,2,0,0,1
183200.0,777800.0,49460.0,-23567,-1071,3,0,3,3,2,0,2,0,0,1
61900.0,201300.0,12770.0,-17296,-4182,1,0,1,0,0,0,2,0,1,1
207900.0,662400.0,35360.0,-15926,-451,2,0,0,0,4,3,1,1,1,1
148800.0,645800.0,40210.0,-18492,-1224,4,0,3,3,2,0,3,0,1,0
171600.0,749700.0,33660.0,-18307,-804,1,0,3,3,3,0,2,0,0,1
141400.0,435500.0,23950.0,-15154,-2827,3,0,3,0,1,0,3,1,0,1
201900.0,417000.0,18530.0,-13486,-1311,2,0,3,0,1,0,2,1,1,0
395200.0,1499900.0,94050.0,-21465,-1146,3,0,1,1,1,0,3,1,1,1
90900.0,215100.0,10060.0,-17220,-1053,3,0,3,0,3,0,2,0,0,1
84300.0,172600.0,7320.0,-22304,-4367,1,0,1,3,1,0,2,0,0,1
106900.0,405300.0,18330.0,-22220,-409,3,0,1,0,1,0,3,0,0,0
129500.0,343800.0,18560.0,-17666,-3379,2,0,0,3,1,0,2,0,0,0
205300.0,468900.0,27840.0,-15214,-3136,4,0,3,3,4,0,1,0,1,1
89700.0,230800.0,9720.0,-14048,-165,3,0,3,3,1,0,3,0,0,1
161100.0,403000.0,17100.0,-21075,-2371,2,0,3,3,1,0,2,0,0,1
206400.0,565300.0,27120.0,-7936,-430,2,1,1,0,1,0,3,0,0,0
120400.0,323800.0,15980.0,-18792,-1296,2,0,3,3,1,0,3,0,0,1
520300.0,1493800.0,97880.0,-18096,-567,2,0,3,3,1,1,3,0,0,1
182700.0,548500.0,27640.0,-11979,-482,2,0,1,3,1,0,2,0,0,1
138400.0,523000.0,33870.0,-7882,-1308,1,0,0,3,3,0,1,0,0,1
197600.0,628100.0,31120.0,-9492,-2868,2,0,3,3,1,0,2,0,0,0
444500.0,1302000.0,73390.0,-18463,-2417,4,0,3,3,3,0,2,1,1,1
130900.0,283100.0,13150.0,-8242,-1667,1,0,3,3,1,0,2,0,0,0
133200.0,343000.0,20020.0,-22134,-183,4,0,1,3,1,0,2,0,0,0
263700.0,646000.0,41890.0,-16285,-1804,1,0,0,3,0,0,2,0,1,0
83600.0,172500.0,7450.0,-22467,-929,2,1,3,3,1,0,2,0,0,1
148100.0,666300.0,42660.0,-22754,-4800,1,0,3,0,3,0,3,0,0,1
140500.0,520600.0,33750.0,-17082,-1882,2,0,3,3,1,0,2,0,0,1
95500.0,317500.0,17740.0,-18925,-523,2,0,0,3,2,0,1,0,0,1
271100.0,500400.0,32840.0,-22039,-627,2,0,3,3,3,0,2,0,1,0
74600.0,182100.0,10460.0,-12237,-2420,2,0,3,3,1,0,1,0,0,1
619700.0,2483300.0,104530.0,-19412,-1201,1,0,3,0,3,0,3,0,1,0
158800.0,492500.0,21630.0,-9891,-782,2,0,3,3,1,0,1,0,0,1
116400.0,293400.0,15000.0,-8813,-2239,1,0,3,1,1,0,2,0,1,1
151900.0,672800.0,33520.0,-9930,-505,2,0,1,0,4,0,2,1,1,1
199300.0,427800.0,21670.0,-9572,-2221,2,0,2,3,1,0,2,0,1,1
437400.0,1413600.0,71700.0,-13656,-1111,2,0,1,0,1,0,3,0,1,1
112800.0,395200.0,19200.0,-17897,-1205,2,0,3,3,1,3,2,0,1,1
317700.0,687000.0,42840.0,-10862,-48,2,0,3,3,4,0,3,0,1,1
303600.0,1072900.0,49130.0,-22555,-4735,2,0,3,3,1,0,2,0,0,1
109700.0,397100.0,19640.0,-9769,-103,2,0,3,3,0,0,3,0,0,1
211200.0,750100.0,39800.0,-23256,-4976,2,0,0,3,1,0,3,0,0,1
397400.0,1721500.0,104140.0,-12864,-160,1,0,3,3,1,0,2,0,1,0
449400.0,1428900.0,80470.0,-20622,-715,1,0,2,3,1,0,2,0,1,0
124000.0,453100.0,23450.0,-16851,-5867,2,0,0,3,1,0,2,0,1,1
145900.0,288800.0,18980.0,-8741,-2166,2,0,1,3,1,2,3,0,0,1
163000.0,437000.0,22750.0,-14565,-2352,2,0,3,0,1,0,1,0,0,1
202700.0,633000.0,33750.0,-16229,-4981,1,0,2,3,4,0,3,1,0,1
262000.0,801400.0,39780.0,-9090,-1170,1,0,0,3,3,0,2,0,0,1
166700.0,318700.0,16870.0,-21562,-342,1,0,3,3,2,0,1,0,0,1
138000.0,611900.0,28610.0,-19735,-594,1,0,3,0,1,0,3,0,1,0
262800.0,934300.0,54580.0,-10383,-3809,3,0,0,3,1,0,3,1,0,0
56600.0,192100.0,12710.0,-9764,-1478,2,0,0,1,1,0,3,0,0,1
103400.0,212400.0,13790.0,-20060,-249,2,0,0,1,3,0,2,0,0,0
87900.0,310200.0,13680.0,-10741,-335,3,0,3,3,1,1,2,0,0,1
207700.0,587600.0,37950.0,-16598,-5272,3,0,3,3,1,0,2,0,0,1
98900.0,220900.0,14320.0,-14037,-436,2,0,3,3,1,0,2,1,1,0
171500.0,686300.0,32300.0,-18855,-2406,3,0,0,3,1,0,2,0,0,0
133000.0,473300.0,32010.0,-19663,-762,1,1,3,0,4,0,2,1,0,0
106500.0,199300.0,9150.0,-22039,-2626,3,0,2,0,1,3,3,0,0,1
365900.0,1217000.0,56850.0,-9694,-1083,2,0,0,3,1,3,2,0,0,1
298800.0,966500.0,43300.0,-14915,-36,1,0,3,3,4,0,2,0,0,0
123200.0,295100.0,19620.0,-9365,-356,2,0,3,3,2,0,2,0,0,1
151800.0,294300.0,17150.0,-9594,-3020,3,0,1,3,0,0,3,0,0,1
122400.0,547000.0,26160.0,-10037,-1471,1,0,1,3,1,0,2,0,0,1
103400.0,327800.0,17020.0,-21945,-7598,1,0,3,0,1,0,3,0,1,1
137000.0,257900.0,12980.0,-8207,-1632,2,0,3,3,1,0,1,0,1,1
164100.0,470700.0,27790.0,-20923,-552,4,0,1,0,1,0,2,1,0,1
118800.0,349300.0,15060.0,-8905,-1088,1,0,2,3,1,0,2,0,0,0
125200.0,400400.0,17930.0,-10975,-394,1,0,0,3,1,0,2,1,1,1
201700.0,639600.0,37700.0,-22830,-2411,4,0,1,3,3,0,3,0,0,0
91100.0,267200.0,17380.0,-22876,-620,3,0,3,3,1,0,2,0,0,1
260200.0,1021500.0,54350.0,-9493,-157,3,0,0,3,1,0,2,0,0,1
378100.0,1644700.0,104180.0,-16504,-4887,2,0,1,3,3,0,3,0,0,0
116100.0,351900.0,17630.0,-8294,-1719,3,0,0,0,4,0,2,0,0,0
194000.0,449900.0,28090.0,-8273,-1699,2,0,1,1,1,0,2,0,0,1
126700.0,503400.0,32980.0,-22568,-1281,2,0,3,3,1,2,3,0,0,0
172800.0,542200.0,29040.0,-14069,-4044,2,1,0,3,1,0,1,0,0,0
241100.0,739500.0,34460.0,-21886,-100,3,0,0,3,1,0,2,0,0,0
98700.0,356300.0,24070.0,-20623,-96,1,0,3,3,1,0,3,0,0,1
138600.0,450700.0,19530.0,-22375,-7819,2,0,3,3,1,0,3,1,0,1
90900.0,315100.0,20830.0,-21808,-301,3,0,3,3,0,0,2,0,0,1
300100.0,873000.0,45420.0,-14000,-3143,2,0,0,3,1,0,2,0,1,1
182600.0,730500.0,41840.0,-8159,-599,2,0,3,3,0,0,3,0,0,0
69400.0,226900.0,10390.0,-23131,-5087,3,0,1,3,2,0,2,0,0,1
81700.0,243000.0,11680.0,-18336,-4933,2,0,3,3,1,0,2,1,1,1
558100.0,1398400.0,78680.0,-14619,-638,3,0,0,3,1,0,2,0,0,1
184400.0,658500.0,36780.0,-12169,-2368,3,0,1,3,1,0,2,0,1,0
104600.0,410700.0,23020.0,-17052,-765,2,0,3,1,1,0,3,0,1,1
119600.0,346600.0,19430.0,-18121,-103,2,0,0,3,0,0,2,0,0,0
228900.0,1003500.0,46950.0,-23690,-1596,2,0,3,3,0,0,1,0,1,0
153100.0,662800.0,34450.0,-19712,-1852,3,0,1,3,0,0,2,1,0,0
797100.0,3000000.0,147570.0,-13690,-3477,4,0,3,3,1,0,2,0,0,0
104300.0,405700.0,24740.0,-18088,-4503,3,0,3,0,1,0,2,0,0,0
133100.0,487200.0,27230.0,-10191,-36,2,0,1,3,1,0,2,0,1,1
293900.0,1269900.0,69920.0,-20548,-2223,4,1,3,3,4,0,1,0,0,1
45000.0,97700.0,5870.0,-18022,-308,2,0,3,3,1,0,2,1,1,1
99500.0,275400.0,16930.0,-22346,-2835,2,0,1,3,1,0,1,0,1,1
160300.0,609700.0,34880.0,-10731,-3036,2,0,3,3,1,0,3,0,1,0
106300.0,357300.0,20530.0,-11643,-1865,2,0,0,3,1,0,1,0,0,0
104400.0,302200.0,15630.0,-15387,-886,4,0,3,3,1,0,3,0,1,1
183600.0,734700.0,36610.0,-18191,-1012,2,0,0,0,2,0,3,0,0,0
171000.0,520800.0,28710.0,-23126,-3701,2,0,3,3,3,0,2,1,0,1
226800.0,624200.0,28990.0,-17824,-999,2,0,3,0,1,0,3,0,1,1
94900.0,193000.0,12100.0,-18190,-835,2,0,3,3,1,0,1,0,0,1
325900.0,1131400.0,64980.0,-10666,-3526,2,0,0,0,3,0,1,0,0,0
104900.0,394300.0,22660.0,-17625,-168,1,0,1,0,1,0,1,0,0,1
89800.0,208200.0,11600.0,-12634,-2812,2,0,0,3,0,2,2,0,0,0
161200.0,510900.0,31960.0,-22073,-653,1,0,3,0,1,1,2,1,0,1
82400.0,326600.0,14490.0,-13518,-3579,3,0,3,0,2,0,2,1,0,1
82500.0,212400.0,13890.0,-18407,-11832,2,0,3,3,3,0,2,0,0,0
103600.0,354400.0,15120.0,-21468,-3830,5,0,3,3,1,0,2,1,0,1
191100.0,373200.0,17580.0,-19265,-587,1,0,3,3,1,0,2,0,0,0
112800.0,221900.0,13860.0,-23526,-924,2,0,0,1,1,0,2,0,0,0
112300.0,234400.0,13250.0,-21661,-3910,2,0,0,0,1,2,2,0,0,1
174300.0,534300.0,32880.0,-8851,-36,2,0,1,0,3,0,3,0,0,0
100800.0,426800.0,28800.0,-14600,-2685,3,0,3,0,3,0,3,0,0,1
190700.0,497500.0,31400.0,-19438,-2982,3,1,2,3,1,0,2,0,0,1
217700.0,764100.0,43050.0,-17489,-2903,2,0,0,3,1,0,2,0,1,0
173900.0,491600.0,21220.0,-21363,-2308,2,0,2,3,0,0,1,0,1,1
118900.0,290600.0,17120.0,-8741,-1364,1,0,3,3,0,0,2,1,0,1
153200.0,643700.0,32780.0,-11793,-5170,1,0,3,3,1,0,3,0,1,0
222000.0,883600.0,52710.0,-17003,-2131,3,1,3,3,1,0,1,1,1,0
118100.0,527200.0,23470.0,-9861,-558,4,0,1,3,1,0,2,1,0,1
173700.0,433700.0,18550.0,-22286,-2711,2,0,1,3,1,0,3,0,0,1
92700.0,242000.0,13210.0,-21324,-812,2,0,0,3,2,3,2,0,0,1
121400.0,342200.0,21080.0,-11258,-296,2,0,0,3,2,0,2,0,0,1
113200.0,390900.0,24500.0,-17694,-1863,1,0,3,0,0,0,2,0,0,0
191800.0,403700.0,18730.0,-17514,-4225,2,0,3,3,3,0,2,0,1,0
173900.0,515400.0,24210.0,-21653,-2158,1,0,1,0,1,0,2,1,0,0
80100.0,325400.0,14580.0,-18599,-1660,1,0,2,2,1,0,3,1,0,1
200100.0,598200.0,38160.0,-8688,-311,1,0,3,0,1,0,2,0,0,1
249700.0,959700.0,40550.0,-13198,-244,1,0,3,0,1,0,2,0,0,0
204400.0,536900.0,35280.0,-13967,-2032,2,0,3,3,3,0,1,0,1,1
204100.0,660300.0,34940.0,-13581,-2861,1,0,0,0,1,0,2,0,1,1
301300.0,1276500.0,55900.0,-17166,-1854,4,0,1,0,1,0,2,0,0,1
177900.0,636200.0,34810.0,-22352,-2025,2,0,2,3,1,0,2,0,0,1
188300.0,438400.0,29160.0,-19032,-2136,3,1,0,3,1,0,3,0,1,1
158800.0,566900.0,25200.0,-22853,-228,1,0,3,3,3,0,3,0,0,0
142400.0,394300.0,22760.0,-18268,-6302,2,0,3,0,1,0,3,1,0,1
60200.0,242500.0,13370.0,-13392,-1478,1,0,0,3,1,0,2,1,0,0
309400.0,911500.0,47060.0,-12739,-633,2,0,3,3,1,0,2,0,1,0
100000.0,230000.0,14050.0,-22288,-2009,2,0,3,3,1,0,2,0,0,0
242100.0,970700.0,55270.0,-14248,-457,4,0,3,3,3,0,2,1,0,0
173500.0,367000.0,17260.0,-12594,-308,1,0,1,3,1,0,3,0,1,1
83900.0,179800.0,10840.0,-22824,-3910,1,0,3,3,1,0,2,0,1,1
164600.0,660200.0,42250.0,-16455,-2650,2,0,3,0,1,0,3,0,0,1
237400.0,649700.0,35120.0,-11810,-271,2,0,1,3,1,0,3,0,0,0
263000.0,1010900.0,55570.0,-17721,-472,2,0,0,3,3,0,2,0,0,1
58100.0,195000.0,9370.0,-9205,-583,3,0,0,3,3,3,1,0,0,1
168600.0,737100.0,41520.0,-22650,-518,2,0,1,3,1,2,2,1,1,1
121300.0,455400.0,29030.0,-19587,-4056,3,0,3,3,1,0,2,0,1,1
192000.0,831700.0,50530.0,-15800,-1739,1,0,3,3,1,0,1,0,1,1
147400.0,472100.0,31200.0,-8344,-1769,2,0,3,3,2,0,3,0,0,1
132800.0,299200.0,15540.0,-9317,-1855,3,0,3,3,4,0,1,1,0,0
317000.0,1009800.0,48680.0,-9068,-2494,3,0,3,0,1,2,2,0,0,1
86100.0,182700.0,11030.0,-14746,-7142,1,0,1,3,1,0,2,0,1,1
249600.0,758400.0,34790.0,-14155,-1240,4,0,3,3,2,0,2,1,0,1
113600.0,381300.0,19500.0,-14748,-1758,1,0,3,3,1,0,2,0,0,1
171900.0,329900.0,21670.0,-18424,-1288,2,0,0,3,3,0,2,0,1,1
154400.0,586300.0,32140.0,-9968,-178,1,0,2,3,1,0,2,1,0,1
165900.0,359700.0,19500.0,-8598,-2024,1,0,3,3,1,0,3,0,1,1
475500.0,1102500.0,57850.0,-15474,-794,2,0,3,3,1,0,2,0,0,0
84800.0,257800.0,13680.0,-17979,-3619,1,0,0,3,1,0,3,0,0,0
451500.0,1889100.0,118820.0,-11037,-4462,1,0,1,3,1,0,3,0,0,1
132000.0,374100.0,23480.0,-13908,-77,2,0,1,0,1,0,2,0,0,1
138500.0,483400.0,29680.0,-8849,-1389,2,0,0,3,1,2,2,1,0,1
93700.0,279700.0,12040.0,-21129,-36,4,0,2,3,4,0,2,0,1,1
97300.0,206300.0,12220.0,-17430,-2320,2,0,3,3,1,0,3,0,1,1
104700.0,423900.0,22380.0,-17606,-2122,2,0,0,3,1,0,2,0,0,0
122000.0,265300.0,14170.0,-23516,-2514,1,1,3,3,1,0,1,0,0,0
45000.0,121800.0,5320.0,-18437,-1242,1,0,0,3,1,0,3,0,1,0
162900.0,561100.0,33600.0,-13408,-203,3,0,2,0,0,0,2,0,0,1
137200.0,508000.0,30580.0,-17554,-208,1,0,1,3,1,0,2,0,0,0
105200.0,409400.0,24480.0,-12529,-329,1,0,3,3,1,1,2,0,0,1
176900.0,356600.0,19350.0,-12547,-1710,1,0,3,0,1,0,2,0,1,1
172100.0,530700.0,34330.0,-9503,-823,1,0,3,3,0,0,2,1,0,1
109600.0,393700.0,17750.0,-19872,-2674,1,0,0,0,1,0,1,0,0,1
178600.0,331400.0,15180.0,-14506,-2947,2,0,3,3,1,0,3,1,0,1
117200.0,501800.0,24630.0,-18221,-634,3,1,0,3,1,0,2,1,1,1
180200.0,576900.0,34110.0,-9086,-776,4,0,3,3,1,2,2,0,0,0
163800.0,432100.0,24880.0,-14785,-934,4,0,3,0,2,1,2,0,0,0
74000.0,261800.0,14210.0,-16916,-599,3,0,3,2,1,0,3,0,0,1
188800.0,774500.0,42210.0,-15529,-5531,2,0,2,3,1,0,2,0,0,1
103000.0,312000.0,21150.0,-16165,-4556,2,0,3,0,4,0,1,0,1,1
121200.0,288000.0,17860.0,-15921,-1686,2,1,3,0,2,3,1,0,0,1
250000.0,737900.0,42110.0,-9606,-1117,4,0,3,3,3,0,2,0,1,1
87700.0,198000.0,10700.0,-14208,-1001,4,0,3,0,1,0,3,0,1,0
288400.0,565000.0,24380.0,-19162,-774,2,0,3,3,1,0,2,0,0,0
158400.0,564000.0,37870.0,-18381,-882,4,0,1,3,1,0,2,0,1,1
143200.0,350700.0,19070.0,-20657,-363,2,0,3,3,1,0,2,0,1,1
443800.0,1536500.0,92760.0,-17680,-1824,2,1,2,3,1,0,2,0,0,1
229900.0,620500.0,33120.0,-22492,-3700,2,0,0,0,1,2,2,0,0,1
236800.0,1014400.0,61270.0,-12738,-420,2,1,0,0,1,0,3,1,0,1
91000.0,255300.0,14460.0,-10035,-381,3,0,3,3,3,0,2,0,1,0
144000.0,411300.0,20070.0,-14399,-350,1,1,0,3,1,0,3,1,0,1
173900.0,742600.0,42070.0,-19543,-5154,3,0,3,3,1,0,2,0,0,1
205900.0,835700.0,49960.0,-22494,-2106,1,0,0,3,3,0,2,0,0,1
120900.0,238800.0,10540.0,-15601,-1821,2,0,3,3,1,0,3,0,1,0
71400.0,222500.0,11670.0,-20336,-4179,3,0,3,0,1,0,1,1,0,1
145900.0,590900.0,33810.0,-16213,-3591,2,0,1,3,1,0,2,0,0,1
390200.0,898200.0,46560.0,-18387,-1250,2,1,3,3,1,0,2,1,0,0
61100.0,135100.0,8170.0,-19065,-2327,2,0,3,3,1,0,2,0,0,1
132600.0,326400.0,19660.0,-23192,-193,2,0,3,3,1,0,1,1,0,1
148500.0,596700.0,38920.0,-17004,-36,2,0,3,3,4,0,1,0,0,1
58400.0,240300.0,16310.0,-19849,-1713,2,0,3,3,1,0,2,0,1,1
95900.0,326600.0,20410.0,-18215,-8326,2,0,3,0,3,0,1,0,0,0
152900.0,486000.0,26850.0,-11382,-240,2,0,0,3,0,0,3,0,0,0
66200.0,155100.0,7140.0,-21465,-943,3,0,0,3,3,0,2,1,1,1
214300.0,398100.0,17450.0,-12091,-3131,2,0,3,0,1,0,2,1,0,0
188300.0,806400.0,40630.0,-19575,-258,1,0,1,3,1,0,2,0,0,1
110000.0,407600.0,17710.0,-17531,-1597,3,0,1,3,1,0,2,0,0,1
108800.0,282500.0,17270.0,-22602,-1514,3,0,0,3,0,0,2,0,0,1
319300.0,1018400.0,43590.0,-16211,-4550,3,0,0,3,1,0,2,0,0,1
119000.0,415300.0,27790.0,-14970,-587,2,0,1,0,1,0,2,1,0,0
226100.0,906200.0,55930.0,-10996,-356,2,0,3,3,3,0,2,0,0,1
411400.0,1293500.0,58950.0,-17805,-181,2,0,0,1,3,3,2,1,0,1
156600.0,678200.0,41600.0,-9604,-1156,4,0,0,0,3,0,2,0,0,0
251100.0,879100.0,59070.0,-15800,-117,2,0,3,3,1,1,2,0,0,1
160100.0,411100.0,26610.0,-20261,-315,1,0,0,3,1,0,2,0,0,1
201300.0,468200.0,30700.0,-11604,-1560,2,0,0,3,3,0,2,0,0,1
165900.0,434800.0,27280.0,-22276,-797,2,0,2,3,1,0,2,0,0,0
92100.0,239000.0,12580.0,-22762,-1476,1,0,3,0,1,0,1,0,1,0
120200.0,484900.0,32560.0,-19511,-94,1,0,3,3,1,3,2,0,0,0
127200.0,472900.0,20590.0,-21989,-1783,2,0,1,3,1,3,3,1,0,0
282200.0,730600.0,47000.0,-22198,-45,3,0,3,0,1,0,3,0,0,0
341700.0,897200.0,42330.0,-18878,-1579,2,0,3,3,1,0,2,0,1,0
253300.0,944100.0,58360.0,-7918,-1317,2,0,2,3,3,0,2,0,0,1
96200.0,231600.0,15680.0,-16885,-1392,3,0,1,0,1,0,1,1,0,0
201800.0,398800.0,18480.0,-18416,-1918,5,0,3,3,1,0,3,0,1,0
164300.0,623800.0,34700.0,-8751,-1183,2,0,2,3,1,0,2,0,1,0
228800.0,527500.0,32190.0,-22920,-341,4,0,3,3,1,0,2,0,0,0
98400.0,353000.0,15400.0,-17627,-444,2,0,3,3,1,0,3,0,0,1
211300.0,683500.0,36920.0,-18390,-3506,3,0,0,3,1,0,2,0,1,1
149600.0,539400.0,34250.0,-21622,-1470,2,0,3,3,3,3,2,0,0,1
164600.0,353300.0,23990.0,-17871,-3221,4,1,3,0,1,0,3,1,0,0
280500.0,631700.0,40650.0,-12119,-1091,5,0,3,0,1,1,1,0,0,1
122600.0,511100.0,27980.0,-9714,-2493,1,1,0,3,1,0,2,0,0,0
140000.0,301300.0,12690.0,-11826,-5251,1,0,1,3,1,2,2,0,0,1
197400.0,639100.0,35430.0,-15315,-163,2,0,3,3,1,0,3,0,0,1
216900.0,561000.0,35460.0,-21632,-696,2,0,3,3,1,0,1,0,1,1
209200.0,468900.0,22210.0,-18409,-1239,2,0,0,0,0,0,2,0,1,0
184700.0,577300.0,31390.0,-16353,-1295,1,0,3,3,1,0,3,0,1,1
161800.0,342800.0,22820.0,-21953,-629,3,0,3,3,1,0,3,0,0,1
165400.0,485800.0,20530.0,-15408,-827,2,0,2,0,0,0,2,0,0,1
400700.0,1518500.0,80880.0,-18791,-2197,2,1,1,3,1,0,2,0,0,1
93800.0,316400.0,18100.0,-11131,-4556,2,0,3,3,0,0,1,0,0,1
138600.0,460600.0,30760.0,-9202,-299,2,0,3,3,1,0,2,0,0,0
177200.0,414500.0,17500.0,-11639,-5064,2,0,3,2,1,0,2,0,1,1
130300.0,370000.0,17240.0,-21986,-203,2,0,2,0,1,0,2,0,0,1
199800.0,529100.0,26610.0,-18705,-869,2,0,0,3,1,0,2,0,1,1
291600.0,606800.0,28150.0,-17897,-2905,5,1,3,3,1,0,2,0,1,1
121600.0,423900.0,25170.0,-21721,-1188,2,0,3,3,1,0,1,0,0,1
161700.0,292000.0,16800.0,-13928,-928,2,0,0,3,0,0,3,1,0,1
227300.0,943300.0,61250.0,-15035,-1112,1,0,3,3,1,0,2,0,0,1
113500.0,298700.0,20210.0,-23438,-1381,2,0,3,0,3,0,2,0,0,0
99900.0,234500.0,11900.0,-17910,-1077,2,0,0,3,0,0,1,1,0,1
237200.0,1003400.0,48930.0,-15382,-4898,1,0,3,0,4,0,2,1,1,1
366300.0,746200.0,34090.0,-10158,-2469,4,0,3,3,1,1,2,0,0,1
326000.0,1009000.0,65100.0,-14702,-1113,1,0,1,0,1,2,2,1,0,1
241400.0,569600.0,30230.0,-10134,-833,2,0,1,3,1,0,2,0,1,1
125900.0,543900.0,26760.0,-15902,-1335,3,0,1,0,0,0,2,0,0,1
115200.0,455500.0,28090.0,-18458,-39,4,0,2,3,1,0,2,0,1,1
111900.0,369400.0,21420.0,-17694,-284,2,0,3,3,2,0,2,0,1,1
133000.0,555500.0,24390.0,-20095,-5369,2,1,0,3,0,0,2,1,0,1
98700.0,332200.0,19100.0,-8955,-2381,1,0,3,3,1,0,2,0,0,1
201300.0,466900.0,23610.0,-20316,-3962,3,0,0,2,0,0,3,0,0,0
111800.0,249800.0,16080.0,-19377,-460,1,0,3,3,0,0,2,0,1,0
82100.0,201000.0,10210.0,-21767,-1028,1,0,0,0,1,0,2,0,0,0
272700.0,884000.0,56720.0,-13256,-3240,1,0,3,3,1,0,3,0,0,1
158600.0,487700.0,22820.0,-21125,-1454,1,0,3,1,1,0,1,0,1,0
185200.0,692000.0,37950.0,-11531,-3803,4,0,0,3,2,0,2,0,0,1
144000.0,647000.0,41680.0,-20513,-2644,4,0,1,3,1,0,1,0,0,1
93700.0,240800.0,15660.0,-23288,-3946,2,0,0,3,0,2,2,1,0,1
67900.0,183700.0,10970.0,-9327,-1138,2,0,3,3,1,0,2,0,0,1
175800.0,755900.0,35950.0,-8159,-543,4,0,3,3,0,0,2,0,1,0
126800.0,451900.0,29940.0,-11498,-1808,2,0,3,3,1,3,2,0,1,0
276400.0,595300.0,28250.0,-14142,-742,2,0,0,3,1,0,1,1,1,1
103500.0,290400.0,14420.0,-10853,-386,1,0,3,3,1,0,2,0,0,0
85700.0,376400.0,18320.0,-22807,-127,1,0,1,0,0,0,2,1,0,1
205200.0,438700.0,22990.0,-21937,-791,2,0,1,3,3,0,2,1,0,0
107900.0,461500.0,30090.0,-8921,-36,2,0,0,3,1,0,2,0,0,0
98100.0,339400.0,15990.0,-12092,-1939,3,0,3,3,1,0,1,0,1,0
132200.0,447200.0,26750.0,-9968,-132,3,0,0,3,1,0,2,0,1,1
209300.0,520900.0,24290.0,-9787,-3212,5,0,1,3,1,0,3,0,0,0
118300.0,332500.0,19600.0,-15260,-300,3,0,0,3,4,0,2,0,1,1
428300.0,1569200.0,102120.0,-13589,-437,3,0,1,3,3,0,3,0,1,1
302500.0,1231900.0,80690.0,-19209,-902,2,0,3,3,3,3,3,0,0,0
120200.0,295700.0,17280.0,-10926,-541,2,0,3,3,1,0,2,0,0,0
118200.0,528800.0,23800.0,-13091,-1183,3,0,3,0,0,0,2,0,1,0
110900.0,402200.0,19420.0,-15474,-2985,2,0,3,0,0,0,2,1,1,1
447100.0,1208100.0,66130.0,-11769,-3427,1,0,3,3,1,0,2,0,1,1
283100.0,1190500.0,57890.0,-23428,-367,1,1,0,3,1,0,1,0,0,1
279000.0,963600.0,56810.0,-22255,-2275,2,0,3,3,4,0,1,0,0,1
122300.0,292000.0,13960.0,-9365,-1131,2,0,3,3,1,0,1,0,1,1
282500.0,1046100.0,52600.0,-8343,-1769,4,0,3,3,1,0,2,0,0,1
164400.0,662700.0,28860.0,-19395,-9721,3,0,2,3,0,0,2,0,1,0
91000.0,164700.0,8770.0,-16488,-1091,1,0,3,1,1,0,2,0,1,1
189800.0,487700.0,28210.0,-9405,-1719,2,0,3,3,1,0,3,0,0,0
186900.0,527400.0,31020.0,-8720,-1481,3,0,3,3,1,0,1,1,0,1
97900.0,237800.0,14110.0,-12311,-1233,2,0,3,3,3,0,2,0,0,1
144500.0,389700.0,26440.0,-23519,-3371,2,0,0,3,3,0,2,1,0,0
170400.0,632100.0,38120.0,-20568,-36,2,0,3,3,1,0,3,0,0,0
191700.0,439300.0,29740.0,-10252,-864,1,0,0,0,1,3,1,0,0,0
134100.0,599200.0,25890.0,-17560,-1823,3,0,1,3,1,0,3,0,0,1
311500.0,1156600.0,60410.0,-19812,-719,2,0,0,3,4,0,2,0,0,1
118500.0,291000.0,13490.0,-11487,-576,1,0,2,3,1,0,2,0,1,1
117100.0,252500.0,13310.0,-19024,-1079,4,0,2,0,1,0,3,1,0,0
45000.0,193300.0,12570.0,-14793,-657,3,0,0,0,3,0,2,1,0,0
183000.0,809000.0,44110.0,-11142,-224,2,0,1,3,1,0,2,0,0,0
134500.0,394100.0,20490.0,-18341,-2095,3,0,3,0,1,0,2,0,0,0
374000.0,1566300.0,82480.0,-16856,-304,2,0,1,0,3,0,2,0,1,1
131300.0,509100.0,21420.0,-18561,-321,3,0,3,0,1,0,3,1,0,0
261600.0,812300.0,48370.0,-14583,-210,1,0,3,3,1,0,3,0,1,0
126400.0,255600.0,15190.0,-21517,-990,3,0,0,3,0,0,2,0,0,1
96100.0,302700.0,18290.0,-14103,-7126,3,0,3,3,1,0,2,0,0,1
222900.0,916300.0,53600.0,-15510,-347,2,0,3,3,1,0,2,0,1,0
171300.0,752000.0,49880.0,-10752,-1610,2,0,3,3,1,0,2,0,0,0
104000.0,298700.0,16250.0,-21511,-859,4,0,3,3,1,0,2,0,0,1
92900.0,208800.0,10190.0,-20173,-541,3,1,0,3,1,0,2,0,1,1
76400.0,143800.0,7290.0,-10153,-228,2,0,3,3,3,0,2,0,1,0
235200.0,797400.0,42570.0,-19390,-627,2,0,3,3,1,0,3,0,1,1
53000.0,142200.0,7210.0,-23419,-2472,3,0,3,3,1,0,1,1,1,1
419200.0,1474000.0,98290.0,-7676,-1102,2,0,1,0,1,0,2,1,1,1
185700.0,642700.0,40270.0,-8830,-2256,4,0,0,3,1,0,3,0,1,1
123300.0,223500.0,12190.0,-17635,-172,2,0,1,3,1,0,3,0,1,1
288500.0,749100.0,50510.0,-21675,-2264,1,0,2,3,3,0,2,0,0,1
152200.0,577000.0,29260.0,-14679,-841,2,0,0,3,1,0,3,0,0,1
68800.0,242800.0,16310.0,-16370,-2282,2,0,3,3,1,0,2,0,0,1
129500.0,368500.0,23530.0,-11551,-1862,2,0,3,3,1,0,2,0,1,1
50500.0,125300.0,7190.0,-12169,-260,1,0,1,0,2,0,1,0,1,1
85400.0,161400.0,7790.0,-15777,-1866,5,0,1,2,1,0,2,0,1,1
123900.0,407900.0,26820.0,-10674,-453,4,0,3,3,2,0,2,0,1,1
154900.0,576000.0,28290.0,-14173,-308,2,0,3,3,3,0,3,1,0,1
108100.0,393700.0,19920.0,-14704,-43,1,0,0,3,1,0,2,0,1,1
57400.0,250400.0,11770.0,-20733,-844,4,0,3,3,3,0,2,1,1,1
153800.0,346600.0,21820.0,-23642,-2011,3,0,1,3,1,0,1,0,1,1
117100.0,391600.0,20190.0,-18741,-2373,2,0,3,0,1,0,2,0,0,1
240900.0,607300.0,28820.0,-16569,-4536,2,1,0,3,0,1,1,0,0,0
142500.0,486200.0,27600.0,-15105,-42,5,0,3,3,1,2,3,0,0,0
135900.0,424800.0,25650.0,-14766,-664,1,0,3,3,1,0,2,1,1,1
174300.0,548100.0,35010.0,-21274,-2668,2,0,1,3,1,0,2,0,0,0
193200.0,599500.0,39250.0,-11118,-2201,3,0,0,3,2,0,2,0,0,0
105600.0,360100.0,23470.0,-9173,-2358,3,0,0,0,1,0,2,0,0,1
53800.0,211000.0,11110.0,-17770,-329,2,0,0,3,1,0,3,0,0,0
111000.0,477900.0,28250.0,-19275,-1591,3,0,3,3,1,0,2,0,1,1
87600.0,297400.0,12950.0,-10894,-133,1,0,3,3,1,0,2,0,0,1
249700.0,811400.0,36570.0,-8409,-1835,2,0,2,3,1,0,2,0,1,1
92900.0,417400.0,21930.0,-10487,-1426,2,0,1,0,1,0,2,0,0,1
189300.0,774400.0,47810.0,-19824,-1730,3,0,3,3,4,0,2,0,0,1
130200.0,279700.0,18760.0,-19174,-3942,1,0,0,3,1,0,3,0,0,1
59700.0,149700.0,7040.0,-13533,-2435,2,0,3,3,1,0,2,0,0,1
208900.0,696900.0,41340.0,-22066,-2551,2,0,0,3,0,0,2,1,1,1
263400.0,1016900.0,56630.0,-22087,-2494,2,0,3,3,1,0,1,0,1,1
174100.0,508000.0,22920.0,-8001,-1426,1,0,2,3,1,0,3,0,0,0
121000.0,265700.0,17530.0,-22952,-852,2,1,3,3,3,0,2,0,1,1
145100.0,412700.0,28050.0,-9383,-2808,2,0,1,0,3,0,1,0,0,1
88500.0,215900.0,12620.0,-20260,-499,2,0,1,3,1,0,1,0,1,1
164900.0,694500.0,39850.0,-20226,-465,2,0,3,3,1,3,2,0,0,1
349800.0,1086500.0,52230.0,-21959,-1034,3,1,3,3,3,0,3,1,1,1
192500.0,412300.0,20000.0,-19535,-689,1,1,0,0,1,0,2,0,0,0
218700.0,423000.0,25090.0,-12321,-519,3,0,3,3,4,0,2,0,0,1
109400.0,255000.0,16400.0,-8352,-1777,5,0,3,0,1,0,2,0,0,1
183100.0,383400.0,21700.0,-19176,-535,1,0,0,0,1,0,3,0,0,1
144000.0,437700.0,24390.0,-10701,-986,3,0,3,0,1,0,3,0,0,0
150800.0,410800.0,26520.0,-7993,-857,4,0,2,3,0,0,2,1,0,0
130700.0,535600.0,29300.0,-15983,-615,1,0,3,0,1,0,1,0,0,1
136300.0,580200.0,34140.0,-23548,-1792,4,0,0,0,3,0,3,1,0,0
222800.0,530100.0,33970.0,-20411,-36,3,0,3,3,1,0,1,0,0,0
170800.0,447100.0,20690.0,-9000,-213,2,1,3,0,0,1,2,0,1,0
157500.0,283600.0,12450.0,-22898,-172,1,0,0,3,1,0,3,1,1,1
143800.0,331800.0,22540.0,-23692,-1183,2,0,3,3,2,0,3,0,0,1
161400.0,459300.0,22390.0,-12711,-118,1,0,3,3,1,0,2,1,0,1
106200.0,417000.0,25570.0,-21404,-2146,1,1,3,3,1,0,2,0,0,0
418000.0,1083500.0,55080.0,-17927,-1467,4,0,0,0,4,0,3,0,0,0
144900.0,462200.0,27560.0,-8175,-1061,2,0,3,3,4,0,2,0,1,0
274500.0,1072200.0,58250.0,-21110,-2438,2,0,3,0,1,0,2,0,0,0
156600.0,520400.0,25520.0,-21526,-167,1,0,3,3,3,0,2,0,1,0
376100.0,1608800.0,96580.0,-10417,-770,3,0,3,3,1,0,3,0,1,1
81000.0,156200.0,7370.0,-15404,-4078,2,0,3,3,3,0,2,0,0,1
109100.0,430900.0,19870.0,-15399,-804,1,0,2,3,1,0,2,0,1,1
270400.0,1069700.0,44950.0,-8724,-1339,3,0,3,3,0,3,2,0,0,0
203000.0,695600.0,35970.0,-20296,-1858,2,0,0,0,3,0,2,0,0,0
165900.0,399100.0,25960.0,-17468,-318,1,1,3,3,3,0,3,0,1,1
316900.0,1017200.0,63140.0,-22039,-79,2,0,3,0,1,0,2,1,0,1
60600.0,270400.0,15850.0,-18225,-531,3,0,1,3,1,0,2,0,0,0
47700.0,189500.0,9170.0,-23250,-286,4,0,3,3,2,0,2,0,1,0
246800.0,845300.0,52840.0,-18304,-6449,2,0,3,3,1,0,2,0,0,1
92900.0,371200.0,17660.0,-8860,-1741,1,0,1,2,0,0,2,0,0,1
171200.0,707400.0,45410.0,-21262,-5454,2,0,2,3,1,0,2,0,0,1
76200.0,292700.0,18530.0,-23509,-292,1,0,0,3,0,0,1,1,1,1
130400.0,443700.0,21110.0,-20158,-388,2,0,1,3,0,0,3,0,1,1
158000.0,630300.0,39740.0,-9331,-2021,2,0,3,3,1,0,2,0,1,0
158600.0,523600.0,31100.0,-14440,-3825,1,0,3,3,3,0,2,1,1,0
79900.0,166000.0,10220.0,-12551,-126,2,0,1,3,1,3,2,0,0,1
267700.0,900900.0,58390.0,-14168,-472,2,0,3,3,1,0,1,0,1,0
90900.0,399100.0,24670.0,-10785,-4211,2,1,0,3,3,0,2,0,0,1
145500.0,505800.0,28600.0,-14910,-1278,1,0,0,1,1,0,2,0,0,1
210700.0,708100.0,47550.0,-18263,-345,4,0,0,3,1,0,2,0,0,0
258500.0,1136000.0,60800.0,-22853,-5081,2,0,3,3,3,0,2,1,1,0
69900.0,250300.0,11320.0,-9042,-1252,1,0,3,3,1,0,2,0,0,0
61900.0,177300.0,9500.0,-10941,-3559,2,1,3,3,3,0,3,0,0,1
163400.0,358200.0,16310.0,-19098,-1070,1,0,3,3,1,2,3,0,0,0
157700.0,521600.0,35110.0,-21451,-86,2,0,3,3,1,0,3,1,0,0
281200.0,761400.0,43060.0,-14901,-575,3,0,2,0,4,1,3,0,0,1
130300.0,287200.0,14760.0,-16751,-1796,1,0,0,3,1,0,2,0,1,1
139100.0,341000.0,15770.0,-12388,-1520,2,0,3,3,1,0,2,0,0,0
212900.0,706500.0,31450.0,-15263,-4138,3,0,1,0,1,3,2,0,0,0
75900.0,300100.0,13430.0,-9037,-1318,2,0,0,1,1,0,1,0,0,0
228400.0,521400.0,34970.0,-23133,-892,2,0,3,0,1,0,2,0,0,1
139700.0,606200.0,25580.0,-20064,-7396,3,0,2,0,3,0,2,0,0,1
61700.0,119000.0,6120.0,-17757,-839,2,0,0,3,1,0,2,1,0,0
263200.0,831900.0,45310.0,-15002,-3299,2,0,0,3,1,0,2,1,0,1
235200.0,473400.0,27990.0,-20906,-1700,3,1,1,3,0,0,2,0,0,1
205600.0,575600.0,32250.0,-21153,-776,2,1,3,3,1,0,2,1,1,0
118600.0,511200.0,21750.0,-9733,-2018,2,0,3,0,2,0,2,0,1,1
284400.0,974000.0,50650.0,-22256,-130,3,0,3,3,1,0,2,0,1,1
87600.0,358400.0,18080.0,-7857,-1282,3,0,3,0,1,0,2,0,0,0
81200.0,321900.0,20140.0,-16420,-2063,2,0,3,3,1,0,2,0,1,1
149500.0,668600.0,39220.0,-11042,-3460,2,0,2,3,1,0,2,1,1,1
227000.0,463500.0,28850.0,-16451,-5890,1,1,1,3,3,0,3,0,1,1
185800.0,627800.0,41330.0,-17085,-664,2,0,3,3,1,0,3,0,0,1
209500.0,695100.0,40390.0,-10513,-900,1,0,1,3,0,0,1,0,0,1
331100.0,1258500.0,72670.0,-23294,-2699,2,0,2,3,3,0,2,0,1,1
249000.0,909000.0,40420.0,-13306,-2326,1,0,0,3,1,0,2,1,0,1
252000.0,824300.0,35200.0,-22966,-7138,1,0,3,3,1,0,2,0,0,1
83900.0,181100.0,12250.0,-17897,-2417,2,0,0,3,0,0,1,0,1,1
234200.0,602600.0,39750.0,-17468,-741,3,0,1,3,1,0,3,0,1,1
70300.0,216300.0,13460.0,-19339,-982,4,0,3,0,1,0,1,0,0,1
128500.0,331200.0,17810.0,-20443,-1602,2,0,0,2,1,0,3,0,1,0
107700.0,371800.0,19880.0,-20835,-2571,3,0,1,3,0,0,2,0,0,1
177300.0,758900.0,48140.0,-13443,-1565,1,0,0,3,1,2,2,0,0,0
59900.0,142300.0,9500.0,-11363,-2538,1,0,3,3,1,0,2,0,0,1
329300.0,1226900.0,60990.0,-22401,-1479,2,1,3,3,3,0,2,0,0,1
158300.0,476900.0,26690.0,-21706,-3234,1,0,3,3,1,0,3,0,0,0
253700.0,476400.0,21850.0,-21514,-701,2,0,3,3,0,0,2,0,1,1
118700.0,478900.0,24030.0,-16887,-1650,1,0,1,3,1,0,3,0,0,1
81100.0,360000.0,21770.0,-18106,-1293,2,0,0,0,1,0,3,0,0,0
112200.0,274700.0,18530.0,-11895,-322,2,0,3,3,1,0,3,0,1,0
236400.0,977700.0,66090.0,-9604,-3030,4,0,3,3,1,0,2,0,0,0
233300.0,721200.0,37020.0,-20950,-2740,5,0,3,3,1,0,2,0,0,1
130300.0,422500.0,26330.0,-14562,-1152,3,0,0,0,3,0,1,0,1,0
124600.0,382800.0,18980.0,-8630,-636,2,0,1,3,1,0,2,0,1,0
158900.0,581900.0,33090.0,-17533,-1744,3,0,3,3,3,0,2,0,1,1
177900.0,344300.0,20960.0,-23378,-1059,3,0,0,3,0,0,3,0,1,0
131400.0,555600.0,36830.0,-18602,-304,2,0,3,3,3,0,2,1,0,1
190100.0,520700.0,27620.0,-20870,-2207,5,0,3,3,1,0,2,0,1,1
175400.0,506900.0,27560.0,-14098,-649,3,0,1,0,1,0,2,1,1,1
60800.0,232400.0,13080.0,-18256,-3673,2,0,0,3,2,0,2,0,1,1
102900.0,255300.0,16570.0,-10778,-360,1,0,0,3,1,0,2,0,0,0
52000.0,102000.0,5910.0,-15740,-649,2,0,3,0,2,0,2,0,0,1
171900.0,508400.0,23900.0,-11535,-36,2,0,3,3,0,0,1,1,0,1
70200.0,188200.0,11130.0,-9830,-330,2,0,3,3,1,3,2,0,0,1
515400.0,2210200.0,97870.0,-10385,-576,2,0,0,0,1,0,2,0,0,1
198000.0,670700.0,31720.0,-9784,-990,2,0,1,3,1,0,2,0,1,0
160400.0,423200.0,26720.0,-16261,-1777,1,1,0,3,0,0,2,0,0,0
70300.0,183500.0,9110.0,-12008,-253,1,0,3,3,1,0,2,1,0,0
371000.0,1311500.0,63740.0,-8785,-761,5,0,1,3,1,0,2,0,1,1
157900.0,547700.0,37150.0,-20952,-179,3,1,0,3,3,0,1,1,0,0
140400.0,391200.0,23670.0,-11636,-36,2,0,3,3,1,0,2,0,1,1
288800.0,1074900.0,54430.0,-15627,-3328,4,0,3,3,1,0,2,0,0,1
117900.0,344200.0,18830.0,-15842,-519,2,0,3,3,1,0,2,0,1,0
73700.0,292400.0,17640.0,-11664,-151,1,0,3,3,1,0,1,0,1,1
118300.0,480200.0,25370.0,-11853,-944,1,0,1,1,3,0,2,0,0,1
90200.0,350700.0,17030.0,-8426,-1766,2,0,3,0,2,0,2,0,1,0
191400.0,362600.0,17670.0,-14043,-3448,5,0,2,1,0,0,2,0,0,0
372800.0,1414300.0,83190.0,-8932,-632,2,0,3,3,1,0,2,0,1,0
172100.0,480400.0,29330.0,-10158,-1652,2,0,3,0,1,0,2,0,0,1
196200.0,820000.0,44950.0,-22947,-687,1,0,3,2,4,3,2,1,1,1
94100.0,309700.0,15770.0,-22580,-223,1,0,0,0,1,0,2,0,1,1
106200.0,462100.0,19920.0,-15026,-892,2,0,0,0,3,0,2,0,0,0
86700.0,195500.0,9740.0,-10272,-596,2,0,0,3,3,0,2,0,0,0
111300.0,455600.0,25410.0,-12185,-2724,1,0,3,3,3,0,2,0,1,1
153800.0,280900.0,12520.0,-7695,-350,2,0,3,3,1,0,2,0,0,0
144500.0,625100.0,33770.0,-10830,-1810,3,0,3,3,1,3,2,0,0,0
109800.0,327400.0,14440.0,-10121,-66,2,0,1,0,1,0,2,0,1,0
206800.0,537700.0,31500.0,-18549,-1324,4,0,0,0,3,3,2,0,0,0
215200.0,680300.0,34690.0,-14223,-980,1,0,3,3,1,0,2,0,0,1
268800.0,763200.0,46850.0,-21339,-2354,3,0,3,3,0,0,2,0,0,1
160100.0,327400.0,18510.0,-11725,-1387,3,0,3,0,1,0,2,0,0,1
197600.0,671300.0,37490.0,-19779,-134,4,0,0,3,3,1,2,0,0,1
164900.0,609200.0,27250.0,-12129,-468,2,0,0,3,1,0,3,0,0,0
198000.0,466300.0,21150.0,-10647,-4073,2,0,3,3,2,0,1,1,0,0
207600.0,711600.0,46670.0,-11582,-399,2,0,0,0,1,0,2,0,0,1
62000.0,231100.0,10120.0,-20698,-2887,2,0,0,3,1,0,1,0,0,1
226100.0,541300.0,27540.0,-14733,-2942,2,0,3,3,1,0,2,0,0,1
219000.0,579000.0,27080.0,-11744,-2158,1,0,1,3,1,0,2,0,0,1
93300.0,207900.0,12390.0,-19763,-2395,1,0,3,3,3,0,2,1,1,0
68000.0,154100.0,9830.0,-14248,-521,1,0,3,3,1,0,2,0,0,1
139400.0,266900.0,13880.0,-12518,-3122,3,0,3,3,1,0,3,0,1,1
140200.0,551800.0,27660.0,-14381,-391,2,0,3,3,0,2,1,0,1,0
377300.0,759500.0,38310.0,-12152,-3467,2,0,1,3,1,0,1,0,0,0
239200.0,561800.0,37480.0,-19440,-1031,5,0,3,0,1,0,2,0,0,1
166700.0,477600.0,24730.0,-21589,-1134,1,0,0,3,1,0,2,0,0,0
173500.0,492900.0,30960.0,-11186,-606,2,0,2,3,0,0,2,1,0,1
218000.0,924300.0,51110.0,-8610,-36,2,0,0,3,1,0,2,0,0,1
136800.0,493400.0,25960.0,-17567,-2948,1,0,3,3,1,0,2,1,1,1
104800.0,267900.0,13700.0,-18873,-557,4,0,2,0,3,0,1,1,0,1
311600.0,739900.0,36430.0,-9764,-3190,1,0,3,3,1,0,2,0,1,0
80400.0,154800.0,7570.0,-16170,-36,2,0,1,1,1,0,2,0,1,1
172200.0,535500.0,27830.0,-10892,-3315,2,0,3,3,4,0,1,0,1,1
142200.0,292000.0,17050.0,-11078,-61,3,0,0,3,3,0,2,0,0,1
305700.0,623400.0,35060.0,-16109,-2439,2,0,1,3,3,0,2,0,0,1
222500.0,538600.0,36380.0,-15457,-538,4,0,1,0,1,0,3,0,0,1
53800.0,159300.0,8370.0,-10264,-784,2,0,2,3,1,0,2,0,0,1
404200.0,1120500.0,69870.0,-9108,-874,2,0,1,3,0,0,3,1,0,1
208500.0,499500.0,29870.0,-15804,-5678,2,0,1,3,1,0,1,0,1,1
394300.0,1388000.0,91300.0,-17149,-1661,3,0,3,3,0,0,2,0,1,1
267000.0,1131500.0,70970.0,-9004,-70,5,0,3,3,1,0,2,1,0,1
338200.0,869300.0,48870.0,-14395,-1112,3,0,0,3,1,0,2,0,0,0
188100.0,693600.0,42240.0,-9559,-224,3,0,1,3,1,0,2,0,1,1
198600.0,447500.0,26070.0,-19840,-4044,3,0,2,3,1,0,3,1,0,1
191300.0,393300.0,24750.0,-9347,-181,2,0,0,3,1,0,2,1,1,0
435200.0,1736100.0,93000.0,-19890,-329,3,0,0,3,1,0,2,0,1,1
291500.0,567700.0,26960.0,-11207,-612,1,0,3,3,4,0,2,0,0,1
392800.0,1572700.0,89750.0,-20717,-3217,3,0,1,3,1,0,3,0,1,1
233200.0,990300.0,67300.0,-21205,-674,1,0,3,1,1,0,2,1,1,1
150200.0,611100.0,36720.0,-19210,-2823,3,0,3,3,1,0,2,0,0,0
107500.0,273900.0,16030.0,-22784,-853,2,0,3,3,1,0,2,0,0,1
82200.0,250700.0,14360.0,-8935,-961,3,0,0,3,2,0,2,0,0,1
206600.0,460800.0,28760.0,-13614,-1468,2,0,0,0,1,0,2,0,1,0
156500.0,634100.0,36290.0,-11862,-36,2,0,0,3,1,0,2,1,1,1
73600.0,304300.0,15610.0,-12123,-1531,2,0,0,3,1,0,2,0,0,0
82100.0,220100.0,9710.0,-14907,-3843,2,0,3,3,1,0,1,0,0,1
287000.0,1261900.0,76720.0,-9880,-2407,1,0,3,3,1,0,2,0,0,1
217000.0,426400.0,23630.0,-20173,-2725,2,0,3,3,3,0,2,0,0,0
257800.0,615100.0,27200.0,-16209,-437,2,0,2,3,1,0,2,0,0,1
167200.0,342100.0,16500.0,-8227,-193,2,0,0,0,1,0,2,0,0,1
196200.0,685100.0,43430.0,-20896,-330,3,0,3,3,1,0,2,0,0,1
74000.0,208600.0,12350.0,-10179,-36,2,0,0,0,1,0,1,0,0,1
208000.0,625600.0,41800.0,-17694,-5094,3,0,3,3,1,0,2,0,0,1
147500.0,590800.0,38710.0,-17740,-1102,1,0,0,0,3,0,3,0,0,0
235200.0,478300.0,20760.0,-15015,-1014,2,0,3,0,4,2,3,0,1,0
101300.0,422000.0,27760.0,-16311,-520,2,1,3,0,1,1,2,0,1,1
241600.0,912700.0,56080.0,-12995,-78,2,0,0,3,1,0,2,0,0,1
140300.0,511000.0,23150.0,-16732,-2027,1,0,0,3,1,0,2,0,0,1
186600.0,742500.0,49850.0,-8425,-1850,1,1,0,3,4,0,2,0,0,1
69300.0,143200.0,7250.0,-8658,-2084,1,0,3,3,1,0,2,1,1,1
90800.0,343300.0,22640.0,-17902,-384,2,0,0,0,1,0,2,0,1,1
336800.0,1141400.0,51250.0,-13072,-392,3,0,3,0,1,0,3,0,0,0
179000.0,337600.0,15040.0,-8806,-2231,3,0,3,3,3,3,3,1,0,1
77600.0,308000.0,18070.0,-8873,-1912,1,1,0,0,0,0,2,0,0,1
126700.0,408500.0,19760.0,-17260,-1542,2,0,1,2,1,0,1,0,1,1
148600.0,501900.0,21300.0,-12330,-2231,2,0,3,0,1,0,2,0,0,0
128500.0,239800.0,14010.0,-10575,-1235,4,0,3,0,0,3,2,0,0,1
69700.0,279200.0,14930.0,-21019,-1951,1,0,0,3,2,0,2,0,0,1
185600.0,740200.0,38510.0,-18707,-36,2,0,0,3,1,0,3,0,0,1
316300.0,1277900.0,61760.0,-20996,-5650,2,0,1,3,1,0,1,0,0,1
157500.0,655200.0,37610.0,-18476,-1478,2,0,3,0,1,3,2,0,0,1
123700.0,476000.0,29760.0,-10061,-3486,2,0,1,0,1,0,2,1,0,0
263200.0,524800.0,33150.0,-21743,-2122,2,0,3,3,1,0,1,0,1,1
115700.0,513700.0,23900.0,-12209,-528,2,0,3,0,1,0,2,0,1,1
273300.0,769900.0,34700.0,-16209,-444,3,0,0,3,0,0,1,0,0,1
180400.0,533300.0,23280.0,-20446,-667,2,0,3,0,2,0,3,0,1,1
158300.0,517800.0,33390.0,-17156,-331,1,0,3,3,1,3,2,0,0,1
254100.0,1137200.0,73730.0,-10509,-221,4,0,0,3,1,0,1,0,1,0
65700.0,122400.0,6820.0,-16456,-36,2,0,3,3,0,0,3,0,0,1
214100.0,639600.0,38410.0,-23144,-2249,3,0,0,3,3,0,2,0,0,0
79700.0,173000.0,9090.0,-17718,-1358,1,0,2,3,1,0,2,1,1,1
50700.0,198600.0,10400.0,-15052,-5403,3,0,3,3,1,0,2,0,0,1
95800.0,363900.0,23990.0,-15582,-377,3,0,0,0,1,0,2,1,1,1
96100.0,189700.0,11170.0,-21403,-1145,1,0,1,3,1,0,2,0,1,1
77200.0,326600.0,14200.0,-17877,-858,1,0,3,0,1,0,3,1,0,1
178700.0,672800.0,32270.0,-19007,-532,1,0,3,0,1,0,1,0,0,0
126500.0,238300.0,12900.0,-9578,-2259,3,0,3,3,3,0,2,1,0,1
184900.0,743300.0,47750.0,-18915,-1479,2,0,3,0,0,0,2,0,1,1
164400.0,548800.0,32360.0,-17077,-413,2,1,3,3,1,0,2,1,0,1
152200.0,384200.0,26050.0,-18945,-5726,2,0,1,3,1,0,2,0,0,1
83300.0,203000.0,11640.0,-18966,-2685,1,0,3,3,2,0,2,0,1,1
217300.0,530100.0,24610.0,-11335,-295,2,1,3,0,3,0,2,0,0,0
105300.0,382300.0,25110.0,-13054,-712,1,0,0,3,1,0,2,1,0,1
143900.0,545600.0,28650.0,-18575,-105,2,0,3,3,1,3,2,0,0,0
179100.0,599200.0,35440.0,-15099,-382,2,0,3,3,1,2,2,0,1,1
108100.0,300200.0,14530.0,-12704,-436,1,0,3,3,3,0,1,1,1,1
120900.0,411300.0,24340.0,-11046,-36,2,0,2,3,0,0,2,0,0,0
111600.0,210300.0,12810.0,-11061,-3267,2,0,0,3,1,0,2,0,0,0
318300.0,1340900.0,88270.0,-22891,-327,2,0,3,1,3,0,3,0,0,0
126000.0,330200.0,19500.0,-8091,-949,2,0,3,3,3,0,3,0,1,1
454500.0,1921200.0,114840.0,-23287,-746,1,0,1,0,1,0,1,0,0,1
108900.0,251900.0,14680.0,-20608,-3886,2,0,1,3,1,0,2,0,0,1
567500.0,1424500.0,68580.0,-15666,-1496,2,0,3,0,2,0,2,0,1,1
170200.0,582200.0,35540.0,-18092,-119,2,1,3,3,3,0,2,1,0,1
175400.0,482900.0,22980.0,-20491,-4307,2,0,0,0,3,0,2,0,0,0
309100.0,1138100.0,76680.0,-9223,-815,2,0,0,0,1,0,2,0,0,1
159600.0,361900.0,24220.0,-11985,-442,1,0,0,0,1,0,2,0,0,0
199400.0,592200.0,39410.0,-15802,-1831,2,0,0,3,1,0,2,0,0,0
45000.0,98500.0,6300.0,-9773,-1068,2,0,2,3,1,0,2,0,0,1
45000.0,96300.0,4660.0,-22448,-1588,2,0,3,3,1,0,3,0,0,0
55500.0,138900.0,6680.0,-20374,-910,2,0,0,3,1,0,1,0,1,1
183600.0,480500.0,26600.0,-17091,-507,1,0,3,3,1,0,1,0,0,1
140500.0,615800.0,35800.0,-13635,-3773,2,0,0,3,1,0,2,1,0,0
108100.0,451400.0,24610.0,-18101,-948,4,0,3,3,1,0,3,0,1,1
342100.0,1358500.0,68840.0,-13522,-2922,2,0,3,3,1,0,2,1,0,0
206200.0,394800.0,25030.0,-9784,-2443,2,0,3,3,3,2,2,0,0,1
339900.0,881900.0,40800.0,-14888,-1688,2,0,3,0,1,0,1,1,1,1
151400.0,361700.0,24270.0,-13664,-36,1,0,2,0,3,0,2,0,0,1
170400.0,662700.0,31410.0,-19445,-1019,2,0,1,1,1,0,2,0,1,1
120200.0,221500.0,11120.0,-13907,-766,1,0,3,3,1,0,2,0,0,1
371200.0,1170900.0,77330.0,-18568,-1981,1,0,1,3,1,0,2,0,0,0
118700.0,432700.0,19430.0,-20344,-1285,4,0,1,3,1,0,2,0,0,0
178800.0,668500.0,31800.0,-15675,-1361,2,0,3,3,0,0,2,0,0,1
416200.0,1521000.0,68260.0,-9404,-1831,2,0,1,2,3,0,2,0,1,1
361600.0,708700.0,38230.0,-16225,-2157,2,0,3,0,2,0,2,0,0,1
317300.0,911400.0,46210.0,-12543,-800,1,0,1,0,1,0,3,0,0,1
212300.0,814000.0,44240.0,-14509,-2119,2,0,3,1,4,3,1,0,0,1
180800.0,555300.0,33530.0,-22834,-127,2,1,3,3,1,0,2,0,0,1
149600.0,370500.0,24130.0,-9208,-1229,3,1,1,3,1,0,2,0,0,0
123200.0,361600.0,23310.0,-14129,-799,2,0,3,0,3,0,2,0,0,1
72300.0,309400.0,19570.0,-10097,-3523,2,0,1,3,2,0,2,0,0,1
155000.0,472300.0,22290.0,-17785,-8780,2,0,2,3,3,0,1,0,0,1
374300.0,1508700.0,93700.0,-22467,-232,1,0,3,0,1,0,2,0,0,1
98800.0,204600.0,12420.0,-14957,-2634,2,0,3,3,1,0,3,0,0,0
157100.0,386400.0,23170.0,-12317,-1045,5,0,3,3,0,0,2,0,0,1
148700.0,464800.0,31220.0,-16452,-9222,3,0,3,3,1,0,1,0,1,0
102900.0,340900.0,18530.0,-8927,-2265,3,0,1,0,1,0,2,0,0,0
88000.0,284600.0,17260.0,-13793,-620,2,0,3,3,1,0,2,0,1,1
154500.0,668000.0,39680.0,-18338,-5156,1,0,2,3,1,0,3,0,1,1
79100.0,151000.0,6980.0,-20614,-2050,5,0,3,3,3,0,2,0,1,1
83500.0,190700.0,12850.0,-18388,-7721,4,0,3,3,2,0,2,0,0,1
188400.0,798200.0,43130.0,-21057,-5891,2,1,0,2,2,0,2,0,0,0
158200.0,513000.0,32720.0,-18666,-398,1,1,0,3,1,0,2,0,0,0
180900.0,802700.0,51200.0,-22082,-7809,5,0,0,3,0,0,2,1,0,0
188300.0,775100.0,50280.0,-9365,-2790,1,0,1,3,3,0,1,0,1,0
253500.0,1033700.0,60400.0,-18049,-1001,3,0,0,3,3,0,2,0,0,0
71400.0,141600.0,7790.0,-21934,-36,4,0,0,0,1,0,2,0,0,0
165300.0,406200.0,17790.0,-16016,-1302,2,0,2,3,1,0,1,1,1,1
89100.0,359100.0,23340.0,-7951,-611,5,0,0,3,1,2,1,1,0,1
139200.0,540000.0,32650.0,-7782,-1207,4,0,0,3,1,3,1,1,0,0
119200.0,477100.0,32140.0,-18120,-3947,2,0,1,0,1,0,1,0,0,0
148000.0,636700.0,41870.0,-18456,-607,2,0,0,3,1,0,2,0,1,0
65600.0,265300.0,17250.0,-22122,-1949,2,0,0,3,1,0,2,0,1,1
97500.0,285700.0,19230.0,-23667,-2860,2,0,1,0,1,0,2,0,0,1
123300.0,497300.0,28700.0,-19223,-2733,2,0,3,0,1,0,2,0,0,1
550400.0,1401200.0,92460.0,-13282,-282,3,1,3,3,0,0,3,0,0,0
45000.0,129400.0,7260.0,-21650,-1114,1,0,0,3,1,0,1,0,1,1
139400.0,511600.0,23280.0,-11938,-2702,2,1,3,3,1,0,2,0,0,1
273400.0,754600.0,48500.0,-21098,-4617,3,0,1,2,0,0,3,0,1,1
128900.0,484700.0,23710.0,-22606,-5045,2,0,0,3,1,0,2,1,0,0
100800.0,354100.0,16960.0,-19594,-2902,3,0,0,3,1,0,2,0,0,1
182900.0,771900.0,44190.0,-12289,-1379,4,0,0,3,1,0,2,1,0,0
219100.0,662600.0,34830.0,-12210,-1163,2,0,0,3,1,0,1,1,1,0
95300.0,192500.0,8740.0,-10103,-3529,2,0,3,0,1,3,3,0,0,0
94900.0,275500.0,12080.0,-11225,-1561,1,0,3,3,1,0,3,0,1,0
325200.0,1402100.0,82260.0,-19416,-251,2,0,1,3,3,0,1,0,1,1
72900.0,136300.0,7600.0,-13372,-1220,3,0,0,3,1,0,2,1,1,0
201300.0,371500.0,18820.0,-11177,-912,3,0,3,3,1,0,2,0,1,0
162100.0,345700.0,18590.0,-10414,-504,5,0,1,3,1,0,1,0,0,1
264900.0,632100.0,41930.0,-17822,-1867,2,1,0,3,3,0,2,1,0,0
84800.0,196700.0,9570.0,-18229,-5330,1,0,1,3,0,2,3,0,0,1
91000.0,173800.0,9270.0,-23168,-157,3,0,3,0,1,0,1,1,1,1
143900.0,317000.0,17090.0,-22737,-40,1,0,1,3,1,0,2,0,0,1
73400.0,212500.0,10730.0,-10351,-3593,4,0,3,3,3,0,2,0,1,1
329900.0,1386100.0,64530.0,-15971,-36,2,0,0,3,1,0,2,0,1,1
147200.0,621700.0,31690.0,-16678,-577,1,0,0,3,1,0,2,0,0,1
72000.0,321100.0,21240.0,-14625,-1087,1,0,3,0,3,0,3,0,0,1
152000.0,289800.0,13290.0,-14425,-1036,3,0,3,0,1,0,1,0,0,0
138700.0,508200.0,25580.0,-11937,-813,1,0,3,0,1,0,2,0,0,1
68100.0,283100.0,18270.0,-23649,-1922,3,0,2,3,1,0,3,0,0,0
559800.0,1505900.0,66540.0,-16246,-105,2,0,0,3,0,0,2,0,0,1
173200.0,515500.0,21760.0,-21928,-2313,2,1,1,3,1,0,3,0,0,1
147100.0,435500.0,23840.0,-20813,-3594,2,0,1,3,1,0,2,0,0,1
207100.0,749600.0,38610.0,-12275,-420,1,0,2,2,1,0,2,0,0,0
206800.0,442000.0,25240.0,-14150,-291,2,0,3,3,2,3,2,0,0,1
66900.0,206100.0,12270.0,-18806,-36,3,0,3,3,1,0,2,0,1,0
166000.0,663600.0,34460.0,-7877,-771,4,0,3,3,3,0,2,0,0,1
131000.0,360700.0,22710.0,-15050,-8440,2,0,3,3,1,0,1,0,0,1
195800.0,581800.0,34140.0,-8071,-605,2,0,3,3,1,2,2,0,0,1
141600.0,440200.0,24120.0,-10681,-52,3,0,0,3,1,0,2,0,1,0
129300.0,489400.0,31880.0,-10835,-36,2,0,0,3,1,0,2,1,1,1
215800.0,790100.0,48850.0,-8871,-202,1,0,0,3,1,0,2,1,0,1
199600.0,410200.0,23750.0,-17434,-413,1,0,2,3,1,0,1,0,0,1
167000.0,416900.0,18460.0,-14903,-618,5,1,3,3,1,0,3,0,0,1
92000.0,410200.0,27140.0,-10156,-1405,3,0,2,0,2,0,2,0,1,1
112900.0,433000.0,20340.0,-13208,-651,2,0,3,1,3,0,2,0,1,1
185300.0,472200.0,26640.0,-15126,-629,4,0,1,1,1,0,2,0,0,1
189200.0,354500.0,22500.0,-20306,-2957,2,0,3,3,3,0,2,0,0,1
491800.0,2076500.0,87300.0,-21442,-895,3,0,3,3,1,0,2,0,0,1
141600.0,508400.0,29600.0,-13165,-74,1,0,0,3,0,0,3,0,0,0
107300.0,314300.0,20910.0,-12459,-3071,2,0,0,0,1,0,2,1,0,0
82000.0,220500.0,12910.0,-13716,-2332,2,0,1,3,3,0,2,0,0,1
59100.0,232600.0,11260.0,-15452,-1205,2,0,3,3,3,0,2,0,1,0
171700.0,469200.0,30050.0,-23376,-611,1,0,2,3,1,0,2,0,1,0
298800.0,1266600.0,60460.0,-22922,-1283,2,0,1,0,1,0,2,0,0,1
50400.0,174100.0,9880.0,-13458,-300,1,0,0,3,1,0,2,0,0,1
138300.0,467400.0,25610.0,-19746,-569,2,0,3,3,1,0,2,0,0,1
264600.0,850200.0,54280.0,-15592,-5621,4,0,3,0,1,0,2,0,1,0
63400.0,137800.0,7910.0,-14034,-3454,2,0,3,1,1,0,2,0,0,1
100200.0,300200.0,14900.0,-14990,-46,3,0,0,3,0,0,2,0,0,1
191700.0,752000.0,36240.0,-16953,-3102,1,0,3,3,2,0,1,0,0,1
185400.0,454300.0,28870.0,-20237,-5015,3,0,3,0,0,0,1,0,1,1
335300.0,790100.0,48540.0,-19069,-2634,2,0,1,3,1,0,1,0,0,0
215900.0,612800.0,29090.0,-8599,-798,2,0,3,0,1,0,2,0,0,1
217200.0,453400.0,28130.0,-21769,-733,1,0,3,3,1,0,2,0,0,0
135300.0,252000.0,17080.0,-11967,-3774,2,0,3,3,1,0,2,1,0,1
126300.0,318200.0,13810.0,-20091,-176,2,0,3,0,3,0,1,0,0,1
147500.0,555100.0,33750.0,-8302,-1727,3,0,3,0,1,0,2,0,0,1
122400.0,282900.0,14630.0,-10713,-2281,2,0,0,3,4,0,1,1,1,0
151900.0,290000.0,16580.0,-15445,-7943,3,0,3,3,1,0,1,0,0,1
159800.0,325800.0,20120.0,-14246,-824,1,0,3,0,1,0,3,1,0,1
152400.0,658600.0,43240.0,-20234,-2070,2,0,3,0,1,3,2,0,1,1
87800.0,369700.0,23940.0,-14287,-2597,2,0,0,3,1,0,2,0,0,1
76300.0,205800.0,11530.0,-12179,-3613,2,0,3,2,1,0,2,0,0,1
192200.0,741400.0,34900.0,-20805,-4844,3,0,3,3,3,0,2,1,1,1
114100.0,305200.0,12870.0,-14626,-3152,4,0,2,3,1,0,2,1,0,0
378500.0,1375100.0,59360.0,-19649,-1633,2,0,0,3,1,0,2,0,0,0
104500.0,261300.0,13180.0,-8477,-1357,3,0,0,3,1,0,1,0,0,1
75600.0,312500.0,15870.0,-23025,-1627,1,0,1,3,1,3,2,0,0,0
521900.0,1811400.0,105800.0,-15902,-443,2,1,1,3,0,0,1,1,0,0
111800.0,212100.0,12260.0,-18687,-261,2,0,3,3,0,0,3,0,0,1
183500.0,458000.0,26310.0,-12545,-5105,2,0,3,3,1,3,2,0,1,1
132500.0,350500.0,21570.0,-14651,-1022,2,0,3,3,4,0,2,0,1,0
115400.0,254400.0,14040.0,-10803,-1479,2,0,3,3,1,0,2,0,0,1
69900.0,131200.0,8060.0,-20249,-97,2,0,3,3,3,3,1,1,0,1
232900.0,718600.0,37340.0,-22789,-2957,4,0,3,3,1,0,2,0,1,0
187700.0,539400.0,33800.0,-10083,-923,2,0,0,3,0,0,2,0,0,0
175700.0,631700.0,31220.0,-21088,-854,2,0,3,3,1,0,2,0,1,0
177800.0,678600.0,35090.0,-8322,-1748,1,0,3,1,1,0,2,0,1,1
208800.0,526000.0,27070.0,-19178,-438,2,0,3,3,1,1,2,0,1,1
431100.0,1534100.0,81340.0,-13505,-3585,4,0,3,3,0,0,2,0,0,0
229300.0,986400.0,57960.0,-11591,-938,1,1,3,3,2,0,3,0,0,0
45800.0,130500.0,8650.0,-16960,-2179,2,0,1,0,3,0,2,0,0,0
158200.0,555500.0,26620.0,-19921,-1064,4,1,3,3,1,0,2,1,1,0
123000.0,468900.0,27930.0,-7790,-85,2,0,3,3,1,0,3,0,0,1
105400.0,217900.0,9350.0,-16538,-2300,3,0,3,0,3,1,2,0,1,1
421900.0,1183200.0,79520.0,-19450,-190,3,0,3,3,1,0,3,0,0,1
226400.0,410800.0,25830.0,-20237,-707,3,0,0,3,1,3,2,1,1,0
69200.0,144300.0,8790.0,-22743,-135,1,1,3,1,1,0,2,1,1,0
202800.0,881700.0,38750.0,-21111,-943,3,0,0,0,1,0,2,1,0,0
280200.0,1246600.0,67550.0,-18638,-324,2,0,3,3,1,0,2,0,1,1
185700.0,602800.0,36750.0,-15898,-2446,4,0,0,3,1,0,1,0,0,1
342500.0,1489400.0,87930.0,-20699,-4178,2,0,3,0,1,3,2,1,0,1
110300.0,306000.0,13180.0,-10902,-455,2,0,3,0,1,0,2,0,1,1
191500.0,430300.0,22170.0,-15440,-903,1,0,0,3,1,0,2,0,0,0
45000.0,170100.0,7270.0,-12302,-167,2,0,3,3,1,0,2,0,0,0
45000.0,184900.0,8540.0,-14011,-3041,3,0,2,3,0,0,2,0,0,1
95900.0,188000.0,9540.0,-21840,-940,2,1,3,3,1,0,2,0,0,0
127000.0,454400.0,26180.0,-17607,-1512,1,0,2,0,1,3,2,0,0,0
122400.0,394000.0,20740.0,-14167,-4422,2,0,0,3,0,0,2,1,1,1
78900.0,280300.0,12390.0,-20780,-3115,4,0,3,0,1,0,2,0,0,1
193100.0,819600.0,54710.0,-11082,-4508,3,0,2,3,0,1,2,0,0,1
68800.0,209000.0,14200.0,-17838,-514,2,0,0,3,1,1,3,0,0,0
120600.0,479600.0,25650.0,-8975,-1425,1,0,1,0,1,0,3,1,0,1
145000.0,554600.0,23540.0,-8846,-734,3,0,1,3,1,0,1,0,0,1
152000.0,430700.0,21170.0,-12600,-36,4,0,0,0,3,0,2,0,0,1
124500.0,553700.0,33860.0,-15648,-472,3,0,1,0,1,0,2,0,0,1
182900.0,363000.0,18290.0,-19697,-769,2,0,3,2,3,3,2,1,0,0
76400.0,184300.0,9220.0,-16144,-685,2,0,0,3,3,0,3,0,0,1
285400.0,1277900.0,69670.0,-19664,-2591,3,0,3,0,4,2,3,0,0,0
314900.0,628100.0,35690.0,-18333,-846,3,0,1,0,1,0,2,0,0,1
161800.0,582100.0,30720.0,-11126,-1046,4,1,3,3,0,0,3,1,0,1
147500.0,575800.0,34850.0,-8674,-36,1,0,3,3,1,0,3,1,0,1
301600.0,950200.0,40930.0,-15223,-692,1,0,3,3,1,0,2,0,1,1
179900.0,795900.0,43840.0,-14665,-93,1,1,3,0,0,0,2,0,0,0
104300.0,293100.0,13400.0,-22887,-2843,3,0,2,3,1,0,3,0,0,1
174500.0,428300.0,20300.0,-19667,-147,2,0,1,0,1,0,3,0,0,1
115100.0,293300.0,13720.0,-11676,-677,4,0,1,3,2,0,2,1,1,1
124200.0,376100.0,24880.0,-19848,-4110,2,0,3,3,2,3,1,0,0,0
307200.0,628100.0,29190.0,-14563,-279,2,0,0,0,1,0,2,0,0,0
185000.0,351100.0,14920.0,-11620,-1828,2,0,0,3,0,0,2,0,0,0
253300.0,658400.0,35850.0,-11828,-1402,1,0,3,3,2,2,2,1,1,0
148800.0,419800.0,26540.0,-16839,-571,2,1,2,3,3,0,2,0,0,1
99200.0,192600.0,9990.0,-15585,-3489,2,0,1,0,3,0,3,0,0,1
231700.0,993400.0,43250.0,-12696,-2367,1,0,3,3,1,0,2,0,0,1
137500.0,588300.0,36470.0,-17763,-3865,3,0,3,3,2,2,3,0,1,0
170700.0,344300.0,19770.0,-22247,-179,2,0,3,0,1,2,3,1,0,1
129200.0,564700.0,28300.0,-22752,-1940,2,0,3,3,1,0,2,0,0,1
265600.0,1001500.0,59730.0,-8476,-808,4,0,0,3,1,0,2,0,0,1
137300.0,554300.0,35610.0,-23485,-1495,1,0,3,0,1,0,2,0,0,1
122300.0,297900.0,17940.0,-20059,-2041,4,0,0,0,1,0,2,0,0,1
239300.0,675300.0,36250.0,-23432,-855,2,1,1,3,3,0,3,0,1,0
109100.0,323000.0,18680.0,-21195,-2147,3,0,3,0,3,0,2,0,1,1
278000.0,713900.0,41260.0,-21204,-706,3,0,1,3,0,0,2,0,0,1
173000.0,608800.0,37270.0,-20589,-2920,4,1,3,3,1,2,2,0,0,1
312700.0,604800.0,32410.0,-18357,-5500,2,0,0,0,1,0,1,0,0,1
132400.0,521900.0,32220.0,-17560,-2167,2,0,1,0,0,0,1,0,0,1
87500.0,282500.0,16820.0,-10692,-882,1,0,3,3,3,1,2,0,1,1
136900.0,259100.0,11620.0,-12792,-2796,2,0,3,3,3,0,2,1,0,0
165200.0,595300.0,34680.0,-21880,-113,2,0,3,0,1,0,2,1,0,1
162800.0,709700.0,32060.0,-13018,-1716,2,0,0,3,1,0,2,0,0,1
194600.0,813100.0,40100.0,-15152,-2567,2,0,3,0,0,0,2,0,0,1
111300.0,204700.0,9770.0,-10421,-308,4,0,3,3,1,0,2,0,0,1
244900.0,627700.0,31290.0,-7982,-1407,1,0,1,3,1,0,2,0,1,1
342100.0,671000.0,35730.0,-14751,-541,4,0,0,0,3,0,3,1,0,0
72200.0,246400.0,12970.0,-17627,-1365,3,0,3,0,1,0,3,0,0,1
108500.0,475800.0,26720.0,-20945,-852,2,0,0,3,1,0,2,0,0,0
186600.0,619300.0,29630.0,-22298,-952,2,0,2,3,1,0,2,0,0,0
93900.0,329900.0,18240.0,-14922,-2051,1,0,2,3,2,0,2,1,1,1
68300.0,255700.0,13940.0,-17687,-573,1,0,3,3,1,0,1,0,0,1
246200.0,902700.0,59020.0,-14414,-1354,2,1,1,3,1,0,1,0,1,0
126700.0,444600.0,27150.0,-11672,-3022,4,0,3,0,1,0,1,0,0,0
125400.0,527600.0,34770.0,-19077,-2830,1,0,3,3,1,0,2,1,0,0
85500.0,231000.0,14990.0,-14782,-951,2,0,3,0,1,0,3,0,0,1
268800.0,849700.0,55710.0,-8815,-2240,2,0,3,0,3,0,2,0,0,1
104100.0,448500.0,28280.0,-10970,-2315,3,0,1,0,2,0,2,0,0,0
109300.0,433400.0,29170.0,-14318,-777,2,0,3,0,1,0,2,0,0,0
482700.0,1652900.0,89310.0,-15251,-2760,2,0,0,3,2,0,2,0,0,1
119200.0,273200.0,11500.0,-16319,-36,2,0,2,0,1,0,1,0,0,1
54700.0,219500.0,12300.0,-13941,-1542,1,0,3,3,1,0,2,0,1,1
81600.0,178000.0,11630.0,-13138,-2917,1,0,3,3,3,0,2,0,0,1
67400.0,284300.0,16030.0,-14474,-1034,1,0,1,3,0,0,2,1,0,1
148700.0,657800.0,43130.0,-10204,-1275,2,0,1,0,4,0,3,1,0,1
114100.0,291500.0,12310.0,-10087,-1352,2,0,3,3,1,1,2,0,1,1
148500.0,565500.0,28090.0,-9894,-1545,1,0,3,3,0,0,2,0,1,1
273800.0,638800.0,35520.0,-11717,-1154,3,0,3,3,0,0,2,1,1,1
243900.0,463000.0,26000.0,-21887,-1368,1,0,3,3,3,0,2,0,1,1
212900.0,612100.0,39240.0,-12573,-1309,2,0,3,3,1,0,1,0,0,0
110000.0,432000.0,18960.0,-13835,-1835,2,0,3,1,1,0,2,0,1,0
111000.0,367800.0,21280.0,-13267,-679,1,0,1,3,1,3,1,0,0,1
215800.0,538100.0,30930.0,-17003,-201,2,0,3,0,0,0,2,0,0,1
234200.0,839200.0,37090.0,-9340,-2766,2,0,2,1,3,0,3,0,0,1
339700.0,1228700.0,53220.0,-21147,-2442,1,0,2,0,4,0,1,0,1,1
126100.0,348100.0,21390.0,-15824,-300,2,1,3,3,0,0,3,1,0,1
128600.0,515100.0,34300.0,-18000,-1142,5,0,3,3,1,0,2,0,0,1
130800.0,409800.0,25210.0,-12072,-36,4,0,0,3,1,0,2,0,1,0
120900.0,366300.0,17040.0,-11136,-277,2,0,1,3,1,0,3,0,0,1
103600.0,328700.0,20900.0,-10026,-3451,1,0,3,0,3,1,2,0,0,1
95500.0,345800.0,17420.0,-18962,-881,3,0,3,3,1,0,2,0,1,0
131900.0,441400.0,27070.0,-9717,-455,1,0,3,0,2,2,3,0,1,1
256200.0,465200.0,26780.0,-21650,-471,2,0,3,3,1,0,2,0,1,0
279500.0,993900.0,47190.0,-21283,-5190,5,0,3,3,0,0,3,1,0,0
271400.0,1079700.0,61800.0,-13844,-2562,1,0,1,3,0,0,2,0,0,1
200500.0,688600.0,33440.0,-13040,-410,1,0,3,3,1,0,3,1,1,1
164800.0,693200.0,35340.0,-16588,-3454,4,0,3,3,4,0,1,0,0,1
247300.0,796400.0,35070.0,-19823,-2703,3,0,3,3,1,0,2,0,0,1
152700.0,494100.0,27250.0,-12541,-3919,4,0,0,3,0,0,3,0,0,0
75400.0,208100.0,13620.0,-17482,-5198,3,0,3,3,3,0,2,1,0,0
184700.0,658600.0,37810.0,-23330,-827,3,1,1,3,1,0,1,0,0,1
134400.0,366100.0,20090.0,-21880,-314,2,0,3,3,1,0,2,0,0,1
60000.0,214200.0,14080.0,-20191,-3621,3,0,1,3,3,3,2,0,1,1
187000.0,712300.0,38960.0,-11932,-1235,3,1,3,3,1,0,2,0,0,1
113900.0,354800.0,15860.0,-14888,-36,1,0,3,3,1,0,2,0,0,1
66400.0,279900.0,17450.0,-22495,-3078,2,0,1,3,1,0,1,0,0,1
267800.0,906800.0,52840.0,-21187,-4064,1,0,3,3,1,0,2,0,1,1
157400.0,359300.0,18270.0,-15671,-3125,2,0,0,3,3,0,3,1,0,0
189600.0,842000.0,56290.0,-23351,-1413,3,1,2,3,1,0,3,0,1,0
152000.0,648700.0,30660.0,-10317,-3742,1,0,1,3,1,0,2,0,1,1
90600.0,183500.0,8530.0,-10655,-36,2,0,0,3,1,0,2,0,0,1
215200.0,587600.0,26210.0,-18651,-232,4,0,1,3,1,0,2,0,0,1
139800.0,522300.0,28890.0,-22140,-734,1,1,3,3,2,0,2,0,0,1
260000.0,478100.0,26900.0,-20935,-1193,2,0,1,0,1,0,2,0,0,1
96900.0,319300.0,16540.0,-17069,-756,2,0,0,0,1,3,3,0,0,0
246800.0,721300.0,35330.0,-19796,-3878,1,0,3,3,1,0,2,0,1,1
119900.0,221700.0,10610.0,-14661,-6203,2,0,1,3,4,0,3,0,1,1
133100.0,292900.0,12990.0,-19196,-2551,1,0,0,0,4,0,2,0,1,1
714200.0,2668600.0,128180.0,-13236,-1485,2,0,3,0,1,0,3,0,0,0
113900.0,388300.0,25480.0,-15904,-1406,3,0,3,0,1,2,3,1,1,0
123100.0,478200.0,25390.0,-23508,-6283,2,0,0,3,1,0,2,0,0,1
140000.0,363800.0,22340.0,-9833,-2322,2,0,0,0,1,0,2,0,0,1
105700.0,413600.0,23890.0,-18639,-632,5,0,3,3,2,0,3,0,1,0
206000.0,397300.0,17900.0,-9863,-1757,1,0,1,2,1,0,2,0,0,1
45000.0,129600.0,8380.0,-21859,-839,4,0,3,3,1,0,2,0,0,1
72300.0,143100.0,6830.0,-13925,-3781,2,0,3,3,3,0,2,0,0,1
158400.0,346000.0,16720.0,-19940,-9450,3,0,3,3,3,0,3,0,1,1
120900.0,526900.0,30020.0,-9289,-45,3,0,3,0,1,0,2,0,0,0
231900.0,632000.0,42210.0,-10404,-3830,1,1,3,3,2,0,2,0,1,0
186100.0,607700.0,33320.0,-8051,-325,2,0,3,0,1,0,2,0,0,0
171400.0,499200.0,29330.0,-17641,-782,2,0,0,0,3,0,1,0,0,1
123900.0,310500.0,18450.0,-9764,-1394,2,0,3,3,1,0,2,0,1,0
258400.0,888000.0,56790.0,-23216,-2306,1,0,3,0,1,0,3,1,0,0
66000.0,253400.0,13970.0,-11248,-251,3,0,3,0,1,0,1,0,0,1
146400.0,329500.0,17140.0,-23060,-2307,2,1,3,0,3,0,2,0,1,1
125400.0,302500.0,17070.0,-15049,-965,1,0,3,3,1,0,2,0,0,1
301400.0,709600.0,40130.0,-20032,-639,1,0,3,0,0,0,2,0,1,0
134400.0,572700.0,25550.0,-15334,-2485,1,0,3,3,3,0,2,0,1,1
256100.0,548500.0,30510.0,-7751,-1177,3,0,3,3,2,0,2,0,0,1
135500.0,322900.0,14440.0,-19823,-1567,3,0,3,3,1,0,2,0,0,0
261300.0,1030900.0,46820.0,-23298,-954,2,0,1,3,4,0,1,0,1,0
330600.0,1338700.0,74710.0,-20313,-4188,2,0,3,3,0,0,3,0,0,0
205700.0,412500.0,22650.0,-9859,-2167,2,0,3,0,1,0,3,0,1,1
112000.0,483400.0,30460.0,-20284,-6957,2,0,2,3,1,0,2,0,0,1
151300.0,422700.0,21240.0,-10263,-36,3,0,0,0,0,0,2,0,0,1
228600.0,748900.0,37710.0,-20787,-10632,2,0,0,3,1,0,1,0,0,1
207100.0,540600.0,29120.0,-21799,-1971,1,0,3,3,3,0,2,0,0,1
88500.0,292900.0,18710.0,-16991,-64,2,0,1,3,0,0,2,0,0,0
136600.0,522900.0,23660.0,-14571,-65,2,0,0,0,1,0,3,0,1,1
171500.0,318800.0,20440.0,-9226,-468,2,1,3,3,1,0,2,0,0,1
79900.0,206700.0,9570.0,-8908,-787,2,0,0,3,2,0,2,1,0,0
171900.0,584700.0,25340.0,-11410,-811,1,0,3,3,1,0,2,0,0,1
74900.0,266200.0,15830.0,-20878,-2596,2,0,3,3,1,0,3,0,0,1
216900.0,819600.0,51350.0,-15393,-135,1,1,1,3,1,0,2,0,0,0
194900.0,854200.0,46880.0,-15181,-176,2,0,0,3,1,0,2,0,0,1
45000.0,82300.0,5270.0,-8286,-276,2,0,0,0,1,0,2,0,0,1
166900.0,336400.0,14780.0,-13507,-1008,2,1,3,3,1,0,2,0,1,1
106700.0,377800.0,16210.0,-12921,-155,3,0,1,0,1,0,2,1,0,0
118000.0,517200.0,23700.0,-22066,-487,1,0,0,1,1,0,2,0,0,0
86400.0,185400.0,12020.0,-20032,-1632,2,0,1,3,1,0,2,0,0,1
135400.0,385600.0,18710.0,-13039,-1027,2,0,3,0,2,0,2,0,0,1
155700.0,657100.0,31730.0,-17296,-365,2,0,3,0,1,0,2,0,0,0
115700.0,466500.0,21110.0,-18998,-848,1,0,3,3,1,2,2,1,0,1
100600.0,236000.0,10360.0,-9231,-1250,5,0,3,3,3,0,2,0,0,1
277400.0,636700.0,39210.0,-9901,-2932,2,0,2,3,1,3,1,0,1,1
100400.0,207800.0,12640.0,-20734,-198,2,0,0,3,3,0,2,1,0,1
90500.0,245000.0,11530.0,-13925,-573,3,0,1,3,4,2,3,0,0,1
133500.0,325600.0,20870.0,-23605,-2008,3,0,3,3,1,0,2,0,1,0
46800.0,116800.0,5770.0,-14559,-96,2,0,1,3,0,0,2,1,1,0
69800.0,138600.0,6760.0,-23544,-677,4,0,0,3,1,0,2,0,0,1
134200.0,275100.0,17230.0,-12939,-3374,3,0,3,3,1,0,1,0,1,1
123500.0,545600.0,34930.0,-9045,-2125,1,0,0,0,1,0,2,1,1,1
288600.0,888000.0,57280.0,-10410,-913,2,0,3,0,0,0,3,1,0,1
60500.0,118000.0,7950.0,-8576,-2001,2,0,1,0,1,0,2,0,0,1
163400.0,471900.0,32020.0,-11354,-3677,2,0,0,3,1,0,2,0,0,1
98400.0,271100.0,14940.0,-10557,-950,4,0,1,3,3,0,2,0,0,1
135100.0,435600.0,29090.0,-9676,-1362,2,0,2,3,0,0,3,0,0,1
203600.0,606800.0,32000.0,-7679,-1105,2,0,3,3,1,0,2,0,0,0
142500.0,387100.0,24200.0,-15990,-138,2,1,0,3,1,0,3,0,0,1
174200.0,361100.0,18630.0,-9710,-1597,1,0,1,3,1,0,2,1,1,1
70400.0,309200.0,15010.0,-16943,-2206,3,0,3,3,1,0,2,0,1,1
242600.0,628800.0,30600.0,-10708,-41,3,0,1,0,1,0,1,1,0,1
162600.0,685700.0,33300.0,-18224,-678,2,0,0,3,3,0,2,0,0,1
101600.0,378600.0,16460.0,-8460,-1885,2,0,3,0,2,0,1,0,0,0
155400.0,687800.0,44050.0,-11583,-701,1,0,3,3,1,0,2,1,0,0
136400.0,473300.0,22450.0,-20265,-4874,1,0,2,3,1,0,2,0,0,1
204000.0,750100.0,50990.0,-21400,-840,1,0,2,2,3,0,3,0,0,1
76200.0,301300.0,14520.0,-22472,-1717,2,0,3,3,1,0,2,0,1,1
134600.0,421700.0,27170.0,-19710,-2315,2,0,1,3,0,0,2,0,0,0
99600.0,388300.0,24350.0,-23356,-2834,3,0,0,0,1,0,2,0,0,1
88500.0,236400.0,10410.0,-13961,-1159,1,0,3,0,3,0,3,0,0,0
352800.0,1133700.0,73360.0,-14306,-3939,2,0,3,3,1,0,2,0,0,1
290300.0,661900.0,35860.0,-20716,-4463,2,0,3,3,1,3,2,1,0,1
169400.0,592700.0,33330.0,-9415,-768,2,0,3,3,0,0,2,0,0,1
45000.0,98100.0,4250.0,-18494,-4444,4,0,3,3,1,2,2,0,1,1
352900.0,1250500.0,70440.0,-8566,-1673,3,0,3,3,4,0,2,1,0,1
341600.0,979600.0,54420.0,-9265,-877,3,0,3,3,1,0,2,0,0,1
68500.0,171200.0,7890.0,-10886,-729,2,0,1,3,1,0,2,0,0,1
168500.0,482200.0,23880.0,-16918,-483,1,0,1,3,1,0,2,0,0,1
169600.0,514600.0,29640.0,-22308,-2149,3,0,3,3,3,0,3,0,1,0
90300.0,344600.0,15180.0,-12248,-1252,5,1,3,3,3,0,2,0,0,1
167800.0,540300.0,25550.0,-21169,-463,3,0,1,3,1,0,2,0,0,1
107500.0,275600.0,16650.0,-14315,-3343,3,1,3,3,0,0,2,0,1,0
144500.0,395400.0,24290.0,-15890,-4192,5,0,3,3,4,0,3,0,1,0
252500.0,1110600.0,50460.0,-12005,-2591,2,1,1,0,3,0,1,0,1,0
328100.0,1193800.0,57930.0,-8402,-1006,1,0,0,3,1,0,1,0,0,0
130500.0,255200.0,10790.0,-17573,-85,3,0,3,3,1,0,3,0,0,1
147100.0,267400.0,12240.0,-23110,-55,1,0,1,3,1,0,2,0,1,1
149800.0,502000.0,25390.0,-21371,-1248,1,1,3,3,1,0,3,0,1,1
412600.0,1269100.0,83450.0,-13905,-2889,2,0,3,3,2,0,1,1,1,0
107900.0,290400.0,13360.0,-10346,-98,2,0,3,0,3,0,2,1,1,0
166100.0,513100.0,25300.0,-7863,-314,2,0,3,2,1,0,2,0,1,1
107800.0,472200.0,20690.0,-16685,-1524,1,0,1,3,1,0,2,0,0,1
132100.0,496200.0,33340.0,-20983,-2323,3,0,0,3,1,0,2,1,0,1
150300.0,631900.0,40270.0,-16651,-595,5,1,3,3,0,0,2,0,0,1
308400.0,1144500.0,73120.0,-15706,-1637,2,0,1,3,1,0,3,0,0,1
263500.0,593100.0,33840.0,-18209,-1666,5,0,2,0,1,3,2,0,0,0
147000.0,566100.0,31780.0,-23197,-1373,2,0,1,0,1,0,2,1,1,0
72300.0,269400.0,17290.0,-9979,-2605,2,0,0,3,4,0,1,0,0,1
101600.0,334700.0,22300.0,-13537,-2216,4,0,3,3,3,0,1,1,0,1
210700.0,727200.0,40410.0,-9851,-807,3,0,3,3,1,0,2,0,0,1
271300.0,583300.0,33670.0,-19539,-3299,2,0,0,3,1,0,2,0,0,1
101300.0,240500.0,12160.0,-15452,-182,3,0,0,3,1,0,3,1,1,1
218700.0,939500.0,40940.0,-12544,-321,1,0,3,3,1,0,1,0,0,1
80200.0,348700.0,18220.0,-13084,-1495,2,0,3,3,1,0,2,0,1,0
272800.0,1115900.0,64420.0,-19456,-411,3,0,3,3,0,0,1,0,0,0
55400.0,180400.0,7590.0,-15741,-2790,1,0,3,3,1,1,3,0,1,1
231600.0,668100.0,38970.0,-21686,-2899,3,0,1,3,1,0,2,0,1,0
119900.0,417500.0,23920.0,-21548,-2236,3,0,3,3,1,0,2,0,0,1
440600.0,1241000.0,58930.0,-13803,-2811,1,0,3,0,0,0,1,0,0,1
188800.0,508600.0,30020.0,-10346,-131,2,0,0,0,1,0,2,0,1,1
45000.0,163700.0,7810.0,-16201,-151,4,0,3,3,1,0,2,0,1,1
493600.0,2097000.0,124780.0,-9239,-1220,1,1,0,0,1,0,3,0,0,1
169700.0,574100.0,35260.0,-11763,-5188,3,0,3,3,1,0,2,0,0,1
144500.0,415800.0,24750.0,-9842,-2115,2,0,3,1,0,0,3,0,1,1
257100.0,622700.0,37030.0,-13881,-1466,1,0,1,3,3,0,2,1,0,1
82600.0,205000.0,11730.0,-17416,-3713,2,0,3,0,1,0,1,0,0,0
137900.0,289300.0,13840.0,-14941,-36,2,0,3,0,1,0,2,0,0,1
65800.0,122600.0,6730.0,-11637,-974,3,0,3,3,1,0,2,0,1,0
402000.0,1364100.0,80480.0,-22728,-1516,2,0,1,3,1,0,2,0,0,1
75200.0,320400.0,18640.0,-11434,-946,2,0,1,0,3,0,2,0,0,0
61700.0,131600.0,5700.0,-12813,-529,2,0,0,0,1,0,2,0,1,0
71700.0,185300.0,11800.0,-12222,-1985,2,0,0,3,0,3,3,0,1,1
95500.0,295100.0,13070.0,-16252,-3163,3,0,3,3,0,0,2,1,0,1
145500.0,638200.0,31170.0,-14677,-1444,1,0,1,3,1,0,2,0,0,1
89100.0,178300.0,8900.0,-14145,-1484,2,0,3,0,1,0,1,1,0,1
78200.0,157400.0,6720.0,-9149,-597,2,0,1,0,1,0,2,0,1,1
93100.0,333800.0,14740.0,-14937,-934,2,1,1,3,4,0,2,0,1,1
92800.0,314900.0,16170.0,-20738,-1044,2,0,1,3,1,0,2,0,1,0
153300.0,390400.0,22270.0,-15778,-4310,2,0,0,0,1,0,3,0,0,0
45000.0,119200.0,5030.0,-19229,-304,2,0,3,3,1,0,2,0,0,1
158200.0,622700.0,39170.0,-16459,-1847,1,0,1,3,3,0,3,0,0,1
139500.0,518800.0,30130.0,-7936,-1362,1,0,3,0,1,0,2,0,0,0
129100.0,465800.0,23870.0,-8667,-813,3,0,3,0,1,0,3,1,0,0
192200.0,859100.0,36340.0,-14927,-3507,1,0,3,3,1,0,2,1,1,1
223500.0,768300.0,42570.0,-21766,-5478,2,1,3,3,3,0,3,0,0,1
127900.0,394800.0,25700.0,-22483,-4215,2,0,3,0,1,0,2,0,0,0
122100.0,328800.0,16590.0,-13478,-1806,1,0,3,3,0,1,1,1,1,1
173600.0,730000.0,42940.0,-19264,-1303,4,0,3,3,1,0,2,0,0,0
250900.0,456500.0,29520.0,-21947,-1354,2,0,0,3,1,0,3,0,0,0
106200.0,402400.0,24790.0,-18953,-884,1,0,3,3,1,0,3,0,1,0
111600.0,363600.0,24420.0,-13225,-216,1,0,0,3,1,1,1,0,0,0
110500.0,433700.0,26090.0,-21202,-1038,2,0,3,3,1,0,2,0,1,0
93700.0,251800.0,11030.0,-21989,-656,5,0,3,3,1,0,3,0,0,0
102500.0,437800.0,27730.0,-8453,-1879,2,0,3,3,3,1,2,0,0,0
125500.0,395600.0,23460.0,-22945,-233,2,0,3,3,1,0,2,1,1,0
203000.0,810400.0,48370.0,-23142,-3811,1,0,2,0,3,0,3,0,0,1
106300.0,361800.0,18970.0,-19914,-2789,3,0,3,3,3,0,2,0,0,0
75900.0,168700.0,10890.0,-16363,-36,1,0,3,3,1,0,1,0,1,0
147900.0,523700.0,30020.0,-21112,-154,5,0,3,0,0,0,1,0,1,1
229300.0,633900.0,37470.0,-13333,-1377,3,0,3,3,1,0,2,1,0,1
94800.0,403400.0,19260.0,-19134,-3317,3,0,3,0,1,0,2,0,0,1
227200.0,736900.0,36630.0,-15895,-2922,2,0,3,0,1,2,2,0,1,1
79100.0,161700.0,8800.0,-12451,-918,3,0,3,3,2,3,2,0,1,0
97700.0,365800.0,20330.0,-23543,-796,2,0,1,0,1,0,2,1,0,1
167400.0,725600.0,33660.0,-7707,-1133,1,0,2,3,1,2,2,0,0,1
262100.0,1012400.0,61120.0,-17943,-3351,1,0,3,3,1,0,3,0,1,1
154000.0,366700.0,24590.0,-10116,-1669,2,0,3,3,3,0,2,1,1,0
146600.0,287700.0,17110.0,-10886,-4312,2,0,3,3,1,0,2,0,0,0
196000.0,714500.0,47950.0,-19915,-1537,1,0,2,0,3,0,2,0,0,1
195200.0,632600.0,41870.0,-21220,-4047,2,0,2,3,1,0,1,0,1,1
197900.0,358000.0,18550.0,-12411,-46,4,0,0,0,1,0,2,0,0,1
167400.0,436400.0,18850.0,-14690,-255,2,0,0,3,1,0,1,0,0,0
211800.0,922700.0,59380.0,-20532,-319,3,0,2,3,1,0,3,0,0,1
105400.0,299700.0,15430.0,-23730,-2638,4,0,1,3,1,3,2,1,0,0
59100.0,234800.0,14290.0,-16421,-2540,3,0,3,0,1,0,2,0,1,1
142000.0,433600.0,28560.0,-8317,-552,2,1,3,3,1,0,2,1,0,0
374900.0,1058700.0,60470.0,-17321,-299,3,0,3,0,1,0,1,0,1,1
102600.0,196000.0,11000.0,-13005,-1516,2,0,3,3,1,0,1,1,0,1
260900.0,1018200.0,58400.0,-10298,-1657,2,0,1,3,0,0,1,0,0,1
159500.0,318900.0,17610.0,-20035,-3498,2,0,3,0,1,0,3,0,0,1
77900.0,293100.0,18430.0,-17405,-2726,2,0,3,1,1,0,1,1,0,1
251300.0,466700.0,21170.0,-16823,-101,5,0,1,0,1,0,2,0,0,1
80000.0,351500.0,19870.0,-21984,-962,5,0,3,3,1,0,3,0,0,0
213900.0,531000.0,26390.0,-18267,-935,1,0,1,3,0,0,3,0,0,0
91400.0,181500.0,8250.0,-15327,-320,2,0,3,3,1,0,2,0,0,1
177000.0,670200.0,34900.0,-15730,-1587,2,0,0,0,4,1,2,1,0,1
105600.0,401500.0,22020.0,-14406,-870,3,0,1,3,1,0,1,0,1,1
161400.0,300600.0,17720.0,-17684,-8616,2,0,0,0,1,0,1,1,0,1
139700.0,341500.0,21670.0,-17192,-229,1,0,0,0,1,0,3,0,1,0
113100.0,454000.0,27800.0,-15642,-2405,3,0,3,2,1,0,3,0,1,1
270900.0,573300.0,32780.0,-7909,-1334,3,1,3,0,1,2,2,0,0,1
233900.0,956200.0,41190.0,-10667,-2359,1,0,1,3,2,0,2,0,0,1
83200.0,243700.0,15040.0,-21804,-2217,5,0,3,3,1,0,3,0,0,1
357000.0,1394400.0,94480.0,-11143,-74,3,0,2,3,3,1,2,0,0,0
115800.0,471200.0,23050.0,-14551,-1736,1,0,3,0,1,2,2,0,0,1
137700.0,600100.0,35140.0,-16152,-1518,1,0,1,2,3,0,3,1,0,1
172500.0,428500.0,22950.0,-22762,-1764,2,0,3,3,3,3,1,0,0,1
59500.0,190800.0,9270.0,-17002,-5120,1,0,3,0,1,0,2,0,0,1
162800.0,412400.0,17850.0,-12658,-1891,2,0,3,1,1,0,1,0,1,1
166900.0,685800.0,36150.0,-23097,-91,4,0,1,3,1,0,2,0,0,1
160800.0,402000.0,24690.0,-22749,-703,5,0,1,0,1,0,2,1,0,1
106500.0,335700.0,14780.0,-8330,-1227,3,0,0,3,3,0,2,1,1,0
101500.0,185700.0,10420.0,-10760,-4185,2,0,3,3,1,0,3,0,0,0
58600.0,188300.0,11220.0,-9165,-178,2,1,1,3,1,0,3,0,0,0
78100.0,259300.0,12270.0,-7980,-649,2,0,3,3,4,0,2,0,0,1
122600.0,500100.0,30310.0,-18153,-4407,2,0,3,3,1,0,2,0,0,1
67200.0,140000.0,7150.0,-13314,-2493,5,0,3,0,1,3,3,0,0,0
45000.0,121600.0,7200.0,-21973,-174,1,0,0,0,2,0,3,0,0,1
187900.0,526900.0,33170.0,-11839,-5264,1,0,3,3,3,0,2,0,0,1
216800.0,879800.0,38340.0,-19804,-4132,3,0,3,0,1,0,2,0,0,1
234200.0,962300.0,54540.0,-17405,-587,1,0,1,0,1,0,1,0,1,1
64000.0,286500.0,14730.0,-22659,-246,3,0,3,3,2,0,2,1,0,0
302000.0,1142500.0,54660.0,-12154,-2622,2,0,3,0,0,0,2,0,0,1
97700.0,377200.0,21410.0,-19220,-2218,3,1,3,0,4,0,1,0,0,1
263400.0,588900.0,30100.0,-18449,-1368,3,1,3,3,1,0,2,0,1,1
136400.0,303300.0,18040.0,-12000,-2142,4,1,3,3,0,0,3,0,0,1
112200.0,357700.0,19010.0,-14707,-2823,3,0,3,3,4,0,3,1,1,0
119300.0,346200.0,23020.0,-22798,-52,2,1,3,3,1,0,3,0,1,1
117200.0,425200.0,27480.0,-18108,-3373,2,0,2,3,3,0,1,0,0,1
98900.0,251800.0,14210.0,-9939,-1735,2,0,3,3,3,0,2,0,0,1
154700.0,411100.0,26350.0,-16307,-2160,2,0,0,0,1,0,2,0,0,1
81100.0,270700.0,13500.0,-16327,-661,4,0,2,3,1,0,2,0,1,1
90900.0,292700.0,16680.0,-12671,-612,2,0,3,3,3,1,2,0,1,1
150100.0,319600.0,18400.0,-17555,-809,2,1,3,3,1,0,1,1,0,0
123700.0,401500.0,26090.0,-20169,-4627,2,0,1,3,1,2,2,0,0,1
120800.0,337100.0,19370.0,-11634,-1180,2,0,3,3,1,0,1,0,0,1
269500.0,547800.0,25310.0,-10439,-246,2,0,0,3,1,0,2,0,0,1
100600.0,433300.0,20450.0,-8503,-1322,2,0,3,3,0,0,2,0,0,1
60800.0,191600.0,11420.0,-14680,-6282,1,0,2,0,3,0,1,0,1,1
102900.0,322400.0,21900.0,-16881,-5686,2,0,1,3,1,0,3,0,0,0
112400.0,391100.0,19410.0,-18426,-8375,3,0,0,3,1,0,1,0,0,1
118700.0,245300.0,10910.0,-15068,-4449,1,0,3,2,0,0,3,0,0,0
107000.0,336800.0,18550.0,-9094,-367,2,0,3,3,1,0,2,0,0,0
181300.0,556700.0,25500.0,-18591,-9935,2,0,1,3,2,0,3,0,0,0
204400.0,416800.0,27820.0,-16844,-1907,4,0,3,3,1,0,1,0,0,1
94000.0,389500.0,26190.0,-8062,-1488,2,1,1,0,1,0,1,0,1,0
177800.0,706900.0,30820.0,-16265,-1725,5,0,3,0,1,0,2,1,1,1
185600.0,418300.0,19880.0,-19492,-3478,1,0,0,3,1,0,2,1,0,0
240500.0,588200.0,25370.0,-9383,-2808,1,0,3,3,1,0,3,0,0,0
165000.0,738800.0,43000.0,-16672,-456,2,1,1,3,3,0,3,1,1,1
155000.0,486100.0,27470.0,-14490,-1807,1,0,3,3,0,0,3,0,0,1
338600.0,1139300.0,72200.0,-14229,-283,5,0,1,3,1,3,2,0,1,0
186500.0,505800.0,26730.0,-12511,-303,3,1,1,3,2,0,2,0,0,1
70400.0,227800.0,10800.0,-9289,-2715,2,0,3,0,2,0,3,0,0,0
93200.0,279800.0,15990.0,-23257,-6055,4,1,3,3,1,0,3,0,1,0
135400.0,512600.0,29080.0,-11760,-623,3,0,3,1,2,0,3,0,0,1
126000.0,395800.0,25520.0,-15680,-3647,1,0,0,3,0,0,2,0,0,1
122700.0,427000.0,27350.0,-7764,-437,2,0,3,3,1,2,2,0,1,1
220700.0,522300.0,23450.0,-23537,-2613,3,0,3,3,1,1,1,0,1,0
133300.0,564600.0,37530.0,-8728,-2153,3,0,3,3,1,2,1,0,0,0
100800.0,432400.0,25330.0,-22282,-3055,2,0,1,0,3,0,2,0,0,1
141400.0,574300.0,30380.0,-15689,-3494,5,0,3,0,1,0,2,0,1,0
126600.0,525000.0,25370.0,-15470,-1194,1,0,0,3,4,0,2,0,0,0
132800.0,387500.0,18890.0,-13154,-1269,2,0,1,3,1,0,2,0,0,0
316900.0,1026500.0,48550.0,-11232,-927,1,0,0,3,1,0,2,0,0,1
189500.0,696000.0,40440.0,-16666,-2957,3,0,2,3,1,0,2,0,1,1
83900.0,302600.0,12790.0,-14390,-2008,1,0,3,3,3,3,3,0,0,1
105900.0,284800.0,18130.0,-9079,-2505,3,1,1,0,2,1,1,0,0,0
53600.0,209600.0,12640.0,-15399,-82,1,0,0,3,0,3,3,0,0,0
147300.0,475200.0,31930.0,-7729,-584,4,0,0,3,3,0,2,0,0,0
176600.0,421500.0,21860.0,-8054,-1479,2,0,3,3,1,0,3,0,0,0
235000.0,890600.0,46520.0,-16158,-243,1,0,3,0,1,0,3,0,0,1
87900.0,369200.0,21880.0,-20162,-302,4,0,3,3,0,0,1,0,0,0
175100.0,363500.0,18480.0,-13266,-428,2,1,3,0,1,0,1,0,0,1
130000.0,454900.0,22590.0,-22568,-171,1,0,3,3,1,0,2,0,1,0
161300.0,497500.0,29360.0,-12318,-5744,2,0,0,3,1,0,2,1,0,1
112100.0,320900.0,18310.0,-22424,-3250,1,0,1,3,0,0,2,0,0,1
274600.0,719900.0,48630.0,-12289,-36,3,0,3,3,0,0,2,1,0,1
126200.0,321300.0,20240.0,-20572,-63,2,0,1,2,3,0,3,0,0,1
186200.0,806200.0,54790.0,-16811,-1002,2,0,3,3,1,0,2,0,0,1
168400.0,698100.0,47240.0,-16158,-4006,2,0,2,0,1,0,1,0,0,1
159200.0,650700.0,37130.0,-10677,-2748,3,0,2,0,1,0,2,0,1,1
100000.0,276100.0,17060.0,-21488,-55,1,0,1,3,1,0,3,0,1,0
146700.0,272400.0,11940.0,-17190,-1165,2,0,3,3,3,0,2,0,0,1
70800.0,246100.0,15280.0,-13305,-2453,3,0,3,3,1,0,2,0,0,0
212900.0,790100.0,36010.0,-19047,-2277,2,0,3,0,1,0,3,0,0,1
180300.0,439700.0,22430.0,-14667,-2904,3,1,0,0,1,0,2,0,0,1
282100.0,1164200.0,60160.0,-21076,-1537,4,1,3,0,3,0,2,0,0,1
331900.0,1069400.0,48170.0,-12262,-173,1,1,3,3,1,0,2,0,0,1
161700.0,573300.0,38680.0,-15054,-1246,2,0,3,3,0,0,2,1,0,0
123600.0,411200.0,20430.0,-15079,-856,2,0,3,3,0,2,2,1,0,0
299600.0,941200.0,43900.0,-9964,-291,2,0,0,3,1,0,2,0,1,1
70100.0,172200.0,10520.0,-21790,-1389,1,0,0,3,1,3,2,0,1,0
147400.0,320900.0,21520.0,-17201,-1978,3,0,3,3,1,0,1,1,1,0
99900.0,427900.0,26290.0,-16591,-1881,1,0,1,3,1,0,2,0,1,0
68700.0,215700.0,9360.0,-11330,-4127,3,0,1,0,1,0,1,0,0,0
235000.0,531900.0,28530.0,-11730,-2704,2,0,0,3,1,0,2,0,0,1
124100.0,242900.0,10420.0,-11540,-2655,4,0,0,0,1,0,2,0,0,1
166400.0,431300.0,19190.0,-22282,-6939,3,0,0,2,0,0,2,0,0,0
56400.0,181800.0,8540.0,-10858,-366,1,0,1,3,1,0,2,0,0,0
178900.0,680000.0,34700.0,-9462,-699,2,0,1,3,1,0,2,1,0,1
231700.0,686800.0,37410.0,-13246,-425,1,0,3,3,3,0,1,0,0,1
201500.0,549200.0,24040.0,-8906,-1374,1,0,3,3,1,0,2,0,0,1
183900.0,647500.0,43480.0,-20999,-617,2,0,2,3,1,0,2,1,0,1
172000.0,718500.0,42710.0,-18096,-183,2,0,0,3,1,0,2,0,1,0
257100.0,745600.0,40470.0,-12050,-658,3,0,3,2,1,0,2,0,1,1
74700.0,244700.0,13960.0,-8809,-714,2,0,2,3,4,0,3,1,0,1
50800.0,189800.0,11650.0,-11153,-4578,1,0,3,3,4,0,2,0,0,1
108800.0,403800.0,25360.0,-12060,-1399,3,0,3,3,1,0,2,0,0,1
138200.0,334500.0,20400.0,-7755,-285,5,0,0,3,1,0,2,0,0,1
98900.0,216900.0,9340.0,-23002,-2457,2,0,3,3,0,0,2,0,1,1
263600.0,1102900.0,74880.0,-11986,-5388,1,1,3,3,1,0,2,0,0,0
148000.0,548500.0,29120.0,-15609,-299,1,0,3,3,1,3,1,1,1,1
114100.0,306300.0,14640.0,-10730,-2678,2,0,3,3,3,0,2,0,0,1
158200.0,448900.0,18890.0,-19792,-3810,1,0,3,0,1,0,2,0,0,1
226400.0,471300.0,23360.0,-7823,-267,2,0,1,0,2,0,3,0,1,0
165100.0,395100.0,21590.0,-13734,-852,2,0,0,0,1,0,2,0,0,0
134100.0,321400.0,14600.0,-20324,-1359,2,0,3,3,1,0,2,0,1,0
181800.0,515600.0,34370.0,-17077,-671,2,1,1,3,1,0,1,0,1,1
147300.0,647800.0,27750.0,-7731,-1120,4,0,2,0,1,0,2,0,0,1
276900.0,1062500.0,61040.0,-15539,-6453,2,0,3,3,1,0,2,0,0,1
96500.0,175800.0,10010.0,-16352,-824,1,0,1,3,0,0,2,0,0,1
74300.0,289800.0,18830.0,-15312,-2559,2,0,3,3,2,0,2,0,0,1
132400.0,540800.0,32030.0,-21048,-210,4,1,3,3,1,0,2,1,0,1
185200.0,726600.0,36730.0,-9861,-64,2,1,3,0,1,3,2,0,0,0
256400.0,789200.0,34760.0,-11721,-1291,1,1,1,0,0,0,2,1,1,1
182500.0,519200.0,25110.0,-15633,-309,3,0,2,3,2,1,1,0,0,1
149700.0,602200.0,27300.0,-11977,-88,2,0,1,3,3,0,3,0,1,0
68100.0,192000.0,12790.0,-22621,-372,3,0,0,3,1,0,2,0,0,1
113100.0,253500.0,15410.0,-9339,-2764,4,0,1,0,1,0,1,0,1,1
110000.0,283300.0,13530.0,-13783,-257,4,0,0,3,1,0,2,0,1,1
165400.0,386800.0,17770.0,-16108,-1491,2,0,3,3,0,3,2,0,1,1
179200.0,735400.0,42770.0,-17179,-2565,2,0,1,0,1,0,1,0,0,1
136700.0,579900.0,27730.0,-12010,-3964,1,0,0,3,1,0,2,1,0,1
133300.0,513500.0,31750.0,-11414,-505,2,0,0,3,1,0,2,0,0,0
346700.0,809400.0,53120.0,-8393,-446,1,0,0,0,1,0,2,0,1,1
214400.0,951500.0,49270.0,-16294,-425,1,0,1,3,1,0,2,0,0,1
257600.0,1017600.0,61120.0,-14490,-3318,2,0,1,3,1,0,2,0,1,1
56300.0,169700.0,9770.0,-10284,-2399,3,0,3,3,1,0,3,0,1,1
143800.0,314400.0,17740.0,-9296,-1933,2,0,3,3,1,0,3,0,1,1
163300.0,649900.0,36710.0,-9854,-903,1,0,3,3,1,0,2,0,0,1
240900.0,692800.0,33730.0,-14313,-1815,2,0,3,0,1,0,2,0,0,1
112600.0,403800.0,17050.0,-17524,-1708,2,0,3,3,1,0,3,0,0,1
195500.0,402300.0,18380.0,-16008,-4109,1,0,3,3,4,0,1,0,0,0
199800.0,494100.0,25130.0,-11702,-2639,4,0,3,1,1,0,1,0,0,0
45000.0,190200.0,8640.0,-22372,-156,1,0,3,3,1,0,2,0,0,1
373000.0,1329900.0,66240.0,-9898,-36,2,0,3,3,1,0,2,0,0,1
134200.0,324200.0,17530.0,-13905,-395,4,0,3,3,3,0,2,0,0,1
285700.0,901700.0,39430.0,-21082,-236,2,0,0,0,0,0,3,0,0,1
130600.0,264500.0,13850.0,-10410,-790,2,0,3,3,1,0,2,0,0,1
178900.0,464400.0,28200.0,-19434,-699,2,0,0,3,1,2,3,0,1,1
295200.0,1064700.0,51320.0,-9389,-2815,1,0,0,0,1,0,1,1,0,1
227700.0,871500.0,42620.0,-9645,-2965,1,0,1,3,1,0,3,0,0,0
79800.0,252100.0,13270.0,-15586,-1319,2,0,2,3,1,0,3,0,0,1
241500.0,891200.0,57440.0,-9574,-698,2,0,3,3,2,0,2,0,0,0
275400.0,744100.0,44180.0,-11687,-607,2,0,0,0,1,0,2,0,0,0
128000.0,285500.0,15170.0,-14791,-985,2,0,3,3,3,0,2,1,0,1
95700.0,313600.0,16740.0,-15165,-2284,3,0,3,3,0,0,3,0,0,0
130100.0,307100.0,18530.0,-9779,-2198,2,0,1,3,1,0,2,0,1,0
98300.0,272800.0,17500.0,-14543,-3039,1,1,3,3,4,0,2,1,0,1
167600.0,507900.0,24330.0,-12086,-1489,2,0,0,3,1,0,2,0,0,1
70300.0,269100.0,16360.0,-15423,-3429,2,0,3,0,1,0,2,0,0,1
78000.0,333000.0,22510.0,-13246,-3716,3,0,3,3,1,0,3,1,0,0
132400.0,571100.0,32290.0,-18995,-246,2,0,3,3,1,0,2,1,0,0
121100.0,371300.0,19790.0,-12432,-1459,3,0,0,0,1,3,3,0,0,0
152800.0,631000.0,33830.0,-19989,-4767,2,0,2,0,3,3,2,0,0,1
260600.0,546400.0,32730.0,-9692,-430,2,0,0,3,1,0,3,0,1,1
218500.0,469400.0,26200.0,-12117,-1192,2,0,3,0,1,0,2,0,0,1
104500.0,315000.0,19490.0,-21760,-1070,2,0,1,3,1,0,2,0,0,1
68500.0,268500.0,15570.0,-10808,-4233,1,0,3,0,3,0,2,0,0,1
137700.0,508400.0,28400.0,-15939,-818,2,0,3,3,0,3,2,0,0,1
262200.0,974300.0,55040.0,-19337,-1017,3,0,0,1,3,0,3,0,0,0
63600.0,139600.0,7070.0,-21253,-1498,2,0,0,3,4,0,2,1,1,1
64100.0,246700.0,13920.0,-10488,-3626,2,1,3,3,1,0,1,0,1,0
92700.0,311600.0,14300.0,-19311,-67,2,0,3,0,1,0,2,0,1,1
212400.0,852900.0,56210.0,-14154,-2211,4,0,1,3,1,0,1,0,0,1
94800.0,373200.0,17560.0,-7942,-163,1,0,2,3,1,0,2,0,0,1
134100.0,437900.0,21280.0,-12676,-1139,1,0,0,0,1,0,2,0,0,1
169400.0,752600.0,43430.0,-13456,-682,2,0,1,3,1,0,3,0,1,1
198300.0,655100.0,34830.0,-15645,-168,3,0,3,3,3,1,2,0,0,1
115500.0,259800.0,17540.0,-18813,-1728,2,0,2,0,1,0,3,0,1,1
149000.0,482200.0,28720.0,-11796,-74,1,0,1,3,1,0,3,1,0,1
150500.0,452400.0,28510.0,-14504,-875,3,0,3,3,1,0,2,0,1,1
365400.0,1497700.0,93210.0,-18449,-763,2,0,3,0,1,0,3,0,1,0
213400.0,823200.0,41110.0,-13475,-4422,1,0,0,1,0,0,2,0,0,1
134300.0,371900.0,18180.0,-9075,-2501,2,0,3,3,1,0,3,1,0,1
159300.0,645700.0,36190.0,-14928,-465,2,0,0,3,1,0,2,0,1,1
201700.0,763400.0,44610.0,-20323,-687,1,0,0,3,1,0,2,0,0,1
103300.0,330600.0,18730.0,-11667,-898,3,0,3,2,1,0,2,0,0,1
109600.0,440100.0,22100.0,-21788,-4614,2,0,3,0,1,0,1,0,0,0
179100.0,645100.0,36640.0,-20350,-919,3,0,2,0,1,0,2,0,0,1
157600.0,652600.0,40810.0,-11566,-948,4,0,0,3,1,0,3,0,1,1
162800.0,638300.0,41610.0,-16771,-346,1,0,3,3,1,0,2,0,1,0
61600.0,221200.0,9740.0,-17606,-686,2,0,0,2,4,0,2,0,0,1
71000.0,157400.0,8630.0,-14731,-4543,2,0,3,3,1,0,1,1,1,1
146400.0,310300.0,13350.0,-19296,-829,2,0,1,3,3,0,2,0,0,0
144700.0,589000.0,32180.0,-17373,-1457,2,0,3,3,1,0,1,0,0,1
74900.0,179700.0,10700.0,-11929,-1527,2,0,2,3,0,0,2,0,1,0
159700.0,306000.0,13550.0,-21991,-818,3,0,3,3,1,0,2,1,0,0
63000.0,150100.0,8140.0,-23607,-2082,2,1,3,3,1,0,2,0,0,1
115100.0,328200.0,19030.0,-14720,-1360,4,0,3,3,1,0,1,0,0,1
63700.0,208900.0,9510.0,-12426,-2560,4,0,1,3,1,0,2,0,0,0
91800.0,307200.0,13530.0,-9054,-2479,2,0,3,0,1,0,2,1,0,1
383100.0,1553800.0,101530.0,-12723,-6149,1,0,3,3,1,2,3,0,0,0
75200.0,218500.0,9920.0,-10468,-408,2,0,3,0,3,0,3,1,0,1
65400.0,191300.0,8520.0,-19129,-578,2,0,0,3,4,0,3,0,0,0
259900.0,777200.0,37060.0,-10022,-3448,2,0,3,3,2,0,3,0,0,1
178300.0,392600.0,17370.0,-15848,-1259,2,0,0,3,1,0,1,0,1,0
259700.0,893700.0,54950.0,-10413,-1061,2,0,3,0,2,0,1,0,0,1
163900.0,614500.0,37520.0,-16379,-989,2,0,1,0,1,0,2,0,1,1
155500.0,559600.0,26710.0,-13961,-2957,4,0,3,3,1,3,2,0,1,1
162800.0,364700.0,16740.0,-18551,-533,3,0,1,3,1,0,2,0,0,1
97300.0,256300.0,12340.0,-15242,-766,1,0,1,0,1,0,2,0,0,1
143800.0,368100.0,19420.0,-18797,-410,2,0,3,0,0,0,2,0,0,1
200300.0,383200.0,21630.0,-8828,-1112,2,0,2,0,1,0,2,0,1,1
126900.0,247100.0,11440.0,-22569,-2697,1,0,3,0,0,0,1,0,1,0
116100.0,374600.0,17130.0,-17203,-677,2,0,1,0,1,0,2,0,0,0
181300.0,576200.0,35060.0,-14179,-6001,2,0,3,0,1,0,3,1,0,1
145800.0,388100.0,17610.0,-11053,-334,2,0,3,3,1,1,1,0,1,0
238400.0,773300.0,51650.0,-8659,-2084,2,0,0,3,4,0,2,0,1,1
76300.0,193700.0,9860.0,-19325,-1871,3,0,3,0,1,0,2,0,0,1
57800.0,179000.0,7590.0,-17795,-1142,2,0,3,3,1,0,2,0,0,1
199500.0,641200.0,32750.0,-16635,-3146,4,0,3,3,1,0,2,1,0,0
94900.0,381000.0,16830.0,-14567,-616,3,0,0,3,1,0,3,1,0,1
170900.0,598500.0,31790.0,-13102,-185,2,0,3,1,1,0,2,1,0,1
314300.0,1006300.0,56520.0,-10779,-3153,3,0,2,0,1,0,2,0,0,0
262800.0,1067700.0,48540.0,-8449,-492,4,0,3,3,1,0,2,0,1,1
196100.0,608400.0,31380.0,-22826,-100,2,0,3,3,4,0,2,0,1,1
136200.0,315000.0,14900.0,-15480,-384,2,0,1,3,1,0,2,0,1,1
248600.0,963100.0,57170.0,-11733,-2633,4,0,0,0,1,3,2,0,0,1
116900.0,244700.0,15850.0,-16940,-186,2,0,2,0,1,0,2,0,0,1
55600.0,174600.0,8390.0,-12884,-1726,2,0,0,1,4,0,2,1,0,1
114300.0,339500.0,16940.0,-21105,-391,2,0,2,0,1,0,1,0,0,1
90700.0,164400.0,8450.0,-8839,-2195,1,0,0,3,1,3,2,0,0,1
103300.0,339100.0,19850.0,-15131,-8557,1,0,3,3,1,0,3,1,0,1
332600.0,1211500.0,73540.0,-12742,-2867,1,0,0,3,1,0,1,1,0,1
136900.0,457400.0,30150.0,-17528,-190,2,0,3,3,1,0,1,0,0,1
153600.0,676300.0,39650.0,-23493,-3598,3,0,1,3,1,0,2,0,0,1
188400.0,436100.0,20980.0,-18215,-551,2,0,3,3,1,0,2,1,0,1
145300.0,495000.0,22460.0,-12373,-374,2,0,2,3,1,0,2,0,1,1
107900.0,438300.0,26300.0,-14587,-1548,1,0,3,3,1,0,2,0,1,0
77000.0,193400.0,8950.0,-17289,-36,1,0,3,0,1,0,2,0,1,1
192900.0,377200.0,22840.0,-12649,-1470,1,0,1,0,1,0,2,1,0,1
326400.0,1250800.0,76530.0,-19036,-776,2,0,3,0,0,3,2,0,0,0
89700.0,401100.0,21330.0,-13633,-595,1,0,0,3,3,0,3,1,1,1
179300.0,664500.0,39130.0,-22573,-179,3,0,0,3,4,0,2,0,1,0
110000.0,393800.0,23590.0,-22752,-185,2,0,3,3,1,0,2,0,1,1
103900.0,422400.0,24530.0,-8713,-1188,2,0,3,3,0,0,2,0,0,0
198000.0,816400.0,54600.0,-18821,-808,1,0,3,0,3,0,1,1,0,1
152600.0,461300.0,24410.0,-9281,-1375,2,0,3,3,4,0,1,0,1,0
255600.0,542400.0,34160.0,-23699,-1703,1,0,3,3,1,0,2,0,0,1
91800.0,258600.0,11910.0,-17644,-633,3,0,3,3,1,0,3,1,0,1
197200.0,797800.0,34930.0,-11397,-991,3,0,3,3,0,0,2,0,0,1
139500.0,287600.0,14140.0,-23086,-51,3,0,3,3,1,0,2,0,0,0
167100.0,305400.0,14610.0,-23206,-4747,5,0,3,3,1,0,3,0,0,1
64200.0,138700.0,7640.0,-17051,-967,1,0,3,3,1,0,2,0,0,1
165000.0,588100.0,37750.0,-14610,-2391,2,0,3,0,1,0,2,0,0,1
108700.0,415700.0,24280.0,-19405,-389,1,0,3,3,1,0,2,0,1,1
336300.0,838100.0,54860.0,-8836,-1028,3,0,3,3,1,0,2,0,0,1
134000.0,301900.0,15940.0,-21248,-2016,2,0,3,3,3,0,2,0,1,1
149200.0,561500.0,29010.0,-17865,-1411,1,0,0,3,3,0,2,0,1,1
167000.0,555800.0,36610.0,-8527,-1953,3,0,3,3,3,0,2,0,0,1
108300.0,346300.0,18050.0,-22241,-639,2,0,2,0,0,0,2,0,0,1
372300.0,878700.0,55160.0,-9063,-1736,2,0,3,0,4,2,2,0,0,1
230400.0,949600.0,56000.0,-14452,-7878,2,0,1,0,1,0,2,1,0,0
249800.0,710700.0,32980.0,-12211,-1907,2,0,3,3,1,0,2,0,0,1
173200.0,763200.0,39300.0,-18314,-1994,1,0,3,3,4,0,2,0,0,0
72300.0,221000.0,10910.0,-15932,-967,2,0,0,3,1,1,3,0,0,1
124600.0,243400.0,10360.0,-15097,-974,4,0,0,1,3,0,2,0,0,1
187600.0,531500.0,33140.0,-13704,-3548,1,0,0,2,3,0,2,1,1,1
88100.0,276200.0,13690.0,-22006,-196,1,1,3,3,1,3,1,0,0,0
168900.0,481100.0,32710.0,-8203,-495,5,0,1,3,1,0,2,0,0,1
100100.0,199100.0,10310.0,-10634,-2455,2,0,0,3,1,0,1,0,0,1
99700.0,340400.0,17430.0,-8158,-1583,2,1,2,0,1,0,2,0,0,1
89400.0,390900.0,17700.0,-9632,-880,3,0,3,3,0,0,2,0,0,1
127600.0,424900.0,28500.0,-21005,-6098,2,0,3,3,1,0,2,0,0,0
89400.0,226300.0,13690.0,-15383,-372,4,0,1,0,2,0,3,0,0,1
124200.0,238300.0,12220.0,-10709,-197,3,0,0,3,1,0,2,0,0,1
227700.0,762300.0,46420.0,-18387,-2619,2,0,1,0,1,0,2,0,0,0
167100.0,731600.0,45140.0,-12080,-670,1,0,1,0,0,2,2,0,0,0
138100.0,375400.0,18600.0,-14658,-550,3,0,0,3,1,0,3,1,0,0
218700.0,803900.0,49100.0,-15995,-1997,2,0,3,3,0,3,3,1,1,0
195900.0,593800.0,26380.0,-23483,-886,2,0,3,0,1,0,2,0,0,1
141400.0,572700.0,28320.0,-15018,-220,2,0,1,3,1,0,3,0,0,1
93000.0,407800.0,26960.0,-20236,-2399,2,0,3,3,2,0,2,0,0,1
155200.0,315400.0,17940.0,-23065,-641,2,0,0,0,2,0,2,0,0,1
219500.0,407400.0,23110.0,-22062,-3326,2,0,3,3,1,3,2,0,1,0
281800.0,830500.0,53470.0,-16980,-5165,3,0,3,3,2,0,3,0,0,1
303200.0,654000.0,38420.0,-17798,-936,3,0,2,0,1,0,2,0,1,1
135200.0,250900.0,13870.0,-15690,-1345,3,0,3,3,1,0,2,0,1,1
189100.0,430100.0,25530.0,-14259,-355,4,0,3,3,1,0,2,0,1,1
115800.0,467000.0,30500.0,-21488,-543,2,0,2,3,4,0,2,0,1,1
125300.0,412400.0,17520.0,-21467,-8166,1,0,3,3,3,0,2,0,0,1
93500.0,358800.0,22010.0,-9523,-1600,3,0,3,0,1,0,3,0,0,0
212700.0,613200.0,30810.0,-15872,-579,1,0,0,3,0,0,2,0,0,1
108400.0,342300.0,20820.0,-8378,-927,1,0,0,3,1,0,2,0,1,1
206000.0,476700.0,27690.0,-21381,-4423,1,0,0,3,0,0,3,0,0,1
418200.0,1038600.0,47560.0,-18783,-538,2,0,3,3,1,0,2,0,1,0
338900.0,996700.0,62380.0,-15181,-695,5,0,3,3,1,0,2,0,0,1
297400.0,1067700.0,64700.0,-23368,-473,1,0,0,3,1,0,3,0,1,1
154500.0,471100.0,22920.0,-22054,-1493,3,0,1,3,3,0,2,0,0,1
162800.0,577500.0,30510.0,-23116,-574,2,0,3,0,1,0,2,0,0,1
48100.0,89400.0,5140.0,-17417,-1737,4,0,2,0,0,0,2,0,0,1
182700.0,451900.0,25710.0,-21579,-1213,2,1,3,3,1,0,2,0,0,0
220100.0,832300.0,36160.0,-11068,-371,1,0,1,3,3,0,2,0,0,0
53000.0,231600.0,11560.0,-7901,-1327,2,0,1,3,1,0,3,0,0,0
153800.0,315900.0,15070.0,-9033,-677,2,0,1,3,3,0,3,0,0,0
68300.0,221300.0,11470.0,-21317,-3116,1,0,0,3,1,0,2,1,0,1
125800.0,322700.0,14380.0,-16536,-458,1,0,0,3,1,0,1,0,0,0
156400.0,494200.0,27090.0,-20874,-5644,2,1,3,3,1,0,3,0,1,1
444900.0,892200.0,41730.0,-22457,-318,3,0,1,0,2,0,2,0,0,1
134400.0,351500.0,17020.0,-11716,-405,3,0,0,3,3,0,3,0,0,1
294100.0,687300.0,32570.0,-16494,-8270,4,0,0,3,2,0,2,0,0,1
55600.0,168300.0,9120.0,-8627,-714,1,0,3,3,1,0,3,0,1,1
87600.0,306200.0,16560.0,-15909,-196,2,0,2,3,1,0,3,0,0,1
264500.0,735900.0,34600.0,-10806,-3061,5,0,3,3,3,0,2,0,0,0
167200.0,597900.0,32040.0,-21330,-60,3,0,0,3,3,0,2,0,1,1
150300.0,301800.0,16520.0,-18009,-2835,1,0,3,0,1,1,3,0,1,1
128100.0,431100.0,25980.0,-8494,-702,3,0,0,3,2,2,1,1,0,1
205800.0,744600.0,38220.0,-11463,-2201,2,0,3,0,1,0,2,0,0,1
182400.0,496200.0,33050.0,-14858,-561,3,0,0,3,1,0,2,0,0,1
121500.0,433600.0,23780.0,-14440,-4079,2,1,3,0,1,0,2,0,1,1
195400.0,491900.0,33310.0,-14817,-3111,3,0,3,3,1,0,1,0,0,1
164800.0,440000.0,25110.0,-8907,-1938,1,0,1,0,1,0,1,0,0,1
96500.0,274500.0,18620.0,-16755,-1787,3,0,3,0,1,0,2,0,0,1
169900.0,587500.0,25970.0,-16987,-36,2,0,1,1,0,0,3,0,0,1
96500.0,280700.0,18440.0,-17847,-2086,4,0,3,0,1,1,2,1,0,1
83200.0,199900.0,8790.0,-17357,-2995,4,0,3,1,3,0,2,0,0,1
137300.0,377800.0,18980.0,-19368,-327,1,0,1,3,3,3,3,0,0,1
154500.0,296200.0,14290.0,-12614,-2036,3,0,3,3,0,0,1,0,0,1
131700.0,481700.0,22260.0,-23163,-244,3,0,2,0,1,0,2,0,1,0
62100.0,275700.0,12700.0,-10940,-255,1,0,1,3,1,0,2,1,1,1
170400.0,550000.0,23540.0,-20287,-216,2,0,3,0,1,0,3,0,0,1
120400.0,264300.0,16460.0,-16002,-643,2,0,3,3,3,0,2,0,1,1
137900.0,469400.0,24130.0,-16000,-142,3,0,0,0,1,0,2,0,0,1
242100.0,593300.0,35940.0,-19042,-1299,1,1,1,3,1,1,3,0,0,1
89500.0,183200.0,9160.0,-15981,-634,2,0,3,0,1,0,1,0,0,1
104600.0,220100.0,9900.0,-23240,-2704,5,0,2,0,2,0,2,0,1,1
90400.0,219900.0,9500.0,-21699,-2513,4,0,3,3,1,0,2,0,0,1
424200.0,1374100.0,71680.0,-17965,-585,2,0,3,0,2,0,2,0,0,1
290700.0,1224800.0,77000.0,-12882,-1047,1,0,0,0,1,2,1,0,0,1
149500.0,535600.0,27080.0,-21757,-4916,2,0,0,3,1,0,2,0,0,1
120200.0,432600.0,19580.0,-9228,-1361,2,0,1,3,1,0,2,0,0,0
124100.0,463700.0,21550.0,-15862,-96,2,0,3,0,1,0,2,1,0,1
111900.0,274600.0,17390.0,-20634,-1523,4,0,3,3,1,1,2,0,0,0
45000.0,111400.0,7320.0,-20090,-4661,3,0,3,3,1,0,2,1,0,0
327900.0,1291900.0,73630.0,-22820,-9012,4,1,3,3,1,0,3,0,1,1
148500.0,645100.0,43430.0,-17254,-89,5,0,3,0,3,0,1,1,0,1
92900.0,248700.0,12970.0,-14254,-385,2,1,3,0,1,0,2,0,0,0
113800.0,385100.0,23020.0,-19521,-664,2,0,3,2,1,1,2,1,1,1
157600.0,534600.0,32430.0,-12517,-755,1,0,3,3,1,0,2,1,0,1
321600.0,1346100.0,61650.0,-18681,-614,4,0,1,3,3,0,2,0,0,1
131600.0,394900.0,22030.0,-21832,-2381,3,0,3,3,1,0,3,0,0,1
109800.0,232400.0,11650.0,-8779,-203,2,0,0,3,0,0,2,0,0,1
205200.0,411800.0,26880.0,-7835,-1261,3,0,1,0,4,0,3,1,1,1
208600.0,481800.0,25500.0,-19084,-3332,2,0,3,3,1,0,2,0,0,0
145600.0,427700.0,25050.0,-14374,-294,2,0,3,3,0,0,3,0,0,1
142600.0,398700.0,21900.0,-12792,-1126,2,0,2,3,4,0,1,0,0,1
217000.0,639700.0,42300.0,-16448,-642,4,0,0,3,3,3,3,0,1,1
110500.0,459300.0,19680.0,-12040,-3386,1,0,3,3,3,0,2,1,1,1
125700.0,462200.0,26060.0,-13822,-2063,1,0,0,3,1,0,1,0,1,0
247900.0,867300.0,53370.0,-20051,-998,1,0,3,3,1,0,2,0,1,1
90900.0,276000.0,18140.0,-22548,-558,1,0,1,3,3,2,2,0,0,1
187500.0,628900.0,41610.0,-9617,-625,2,0,3,3,2,0,2,1,0,1
76400.0,153300.0,8600.0,-14614,-304,4,0,3,3,1,0,2,0,0,1
166600.0,613700.0,40040.0,-21369,-526,1,1,3,3,3,0,3,0,0,1
309300.0,850400.0,45650.0,-20367,-1231,1,0,3,3,1,0,2,0,0,1
220800.0,585700.0,35110.0,-22283,-1705,3,0,3,3,1,0,2,1,1,1
222900.0,806900.0,41990.0,-11207,-1072,1,0,1,3,1,0,2,0,1,0
132900.0,331600.0,20940.0,-19150,-5805,2,0,0,3,1,0,2,0,0,1
129900.0,380200.0,20160.0,-14352,-1532,5,0,3,3,3,0,1,0,0,0
106700.0,331100.0,18020.0,-22229,-5393,2,0,1,0,1,0,2,0,0,0
294000.0,751100.0,40350.0,-9969,-973,3,0,3,2,4,0,2,0,0,1
155400.0,421400.0,19370.0,-15535,-4993,2,0,3,3,1,0,1,1,1,1
131900.0,465700.0,28140.0,-16405,-224,3,0,3,0,1,0,2,0,1,0
99700.0,275400.0,13590.0,-18266,-147,1,0,0,3,4,0,2,0,1,0
383200.0,1526400.0,90920.0,-15587,-2906,5,0,2,3,1,1,2,0,1,1
45000.0,132000.0,7940.0,-21746,-1264,2,0,3,3,1,0,2,0,0,0
142900.0,523300.0,27060.0,-22762,-2553,3,0,3,3,1,3,2,0,1,0
112900.0,379900.0,17390.0,-22403,-2288,4,0,3,0,1,0,2,0,1,1
119900.0,234600.0,10690.0,-20349,-621,2,0,1,3,1,0,1,0,0,1
257900.0,723100.0,44270.0,-9448,-146,1,0,3,3,1,0,1,0,0,1
189100.0,779200.0,51550.0,-16011,-1391,5,0,0,3,3,1,2,1,1,1
137000.0,504700.0,22640.0,-14265,-205,1,0,0,3,1,0,2,0,0,1
71500.0,157800.0,9920.0,-8222,-116,1,0,0,3,1,2,2,0,1,1
326500.0,762300.0,43690.0,-16712,-1198,1,0,0,3,1,0,3,0,1,0
157900.0,509300.0,22370.0,-18242,-83,3,0,1,0,1,3,2,0,0,0
81100.0,338200.0,19150.0,-22010,-353,2,0,3,0,3,0,2,1,0,0
82900.0,356100.0,22970.0,-22029,-85,2,0,2,0,4,0,2,0,1,1
148000.0,628900.0,35560.0,-10666,-1300,1,0,0,3,3,0,2,1,0,0
102500.0,364100.0,15660.0,-21957,-2439,2,0,3,3,3,0,2,0,0,1
352300.0,1105300.0,54910.0,-14486,-192,1,0,1,1,1,0,3,0,1,1
129400.0,240900.0,12340.0,-19084,-4843,3,0,3,3,1,0,2,0,0,1
294400.0,807100.0,48220.0,-20455,-5820,3,0,3,3,3,0,2,1,1,1
210100.0,752800.0,38930.0,-18327,-1541,1,0,1,3,4,2,1,0,0,1
215700.0,761600.0,49070.0,-8675,-2022,1,0,1,3,1,0,2,0,0,1
100500.0,443800.0,25320.0,-7977,-1403,2,0,0,3,1,1,3,0,1,0
78600.0,324100.0,19070.0,-18718,-1948,2,0,0,3,1,0,3,0,0,1
142500.0,543500.0,36360.0,-23224,-358,4,0,2,3,4,0,2,0,0,1
203100.0,445500.0,23620.0,-15291,-182,1,0,3,0,4,0,3,0,0,1
177100.0,778700.0,49380.0,-20243,-994,3,0,3,0,0,1,2,0,0,0
76600.0,300500.0,19990.0,-22795,-330,3,1,0,3,1,0,2,0,1,0
133000.0,337100.0,15770.0,-17042,-1598,3,0,3,0,1,0,2,0,0,0
149300.0,456100.0,26920.0,-8438,-1863,4,0,0,3,1,0,3,0,0,0
78100.0,169400.0,10050.0,-18175,-1843,3,0,0,3,0,0,3,0,0,0
147800.0,534200.0,29000.0,-18247,-153,1,0,0,3,0,0,1,0,0,0
169600.0,544000.0,35780.0,-12647,-718,2,0,3,0,1,0,2,0,0,1
121000.0,445900.0,19610.0,-9517,-2942,3,0,0,3,1,0,3,0,0,0
213200.0,402300.0,22550.0,-22926,-2425,2,0,0,3,1,0,2,0,1,1
279000.0,822000.0,53380.0,-20856,-2523,1,0,3,3,1,0,2,0,1,0
176200.0,586500.0,25010.0,-23365,-493,4,0,3,3,1,0,2,0,1,1
154300.0,507000.0,33980.0,-17126,-313,5,0,2,0,1,0,2,0,1,1
185700.0,658500.0,43900.0,-9406,-1945,3,0,2,3,1,1,2,0,1,0
76500.0,149400.0,8640.0,-19806,-832,4,0,3,1,1,0,3,1,1,1
267200.0,738100.0,45000.0,-17023,-552,2,0,0,3,3,0,2,1,1,1
166600.0,516200.0,34200.0,-20707,-2209,2,0,3,0,1,1,2,0,0,1
129800.0,382200.0,25180.0,-9807,-928,1,0,3,3,1,0,2,0,0,0
243400.0,948600.0,49000.0,-22456,-1833,2,0,3,3,1,0,3,0,0,0
290200.0,921800.0,41240.0,-17562,-1592,1,0,0,3,0,3,2,0,0,1
224800.0,1005500.0,56930.0,-22813,-2115,4,0,3,3,0,0,2,0,0,1
86200.0,166000.0,8330.0,-15949,-1615,2,0,3,3,1,0,1,0,1,1
202300.0,843100.0,36420.0,-20593,-1509,2,0,0,3,4,0,2,0,0,0
217900.0,505500.0,28020.0,-18308,-202,1,0,1,3,3,0,2,0,0,1
195900.0,364200.0,21110.0,-9728,-2699,4,0,3,3,1,0,2,0,0,1
178500.0,665000.0,39020.0,-13965,-980,2,0,1,2,1,0,2,0,0,1
77800.0,268600.0,18220.0,-21660,-1753,4,0,1,3,1,0,2,0,1,1
48900.0,131100.0,6600.0,-13839,-4291,2,0,3,3,1,0,2,0,0,1
334100.0,1240500.0,61560.0,-14895,-1238,3,0,1,0,1,0,1,0,0,1
163600.0,515700.0,24820.0,-10760,-376,3,1,0,3,3,0,2,0,1,1
101700.0,451000.0,19870.0,-10998,-524,1,0,3,3,1,0,2,1,0,1
170800.0,763400.0,49320.0,-12510,-656,3,0,3,3,0,0,2,0,0,0
182600.0,506200.0,29340.0,-13562,-447,2,0,3,0,1,0,3,0,0,1
48300.0,100200.0,4710.0,-17193,-813,2,1,0,1,1,0,1,0,1,0
82100.0,154200.0,8960.0,-15360,-1499,4,0,3,3,1,0,2,0,1,1
84700.0,243600.0,16440.0,-12156,-2458,1,1,0,3,1,3,2,0,1,1
111400.0,282300.0,17150.0,-21378,-4409,2,0,3,3,1,0,1,1,0,1
213200.0,532100.0,32700.0,-13856,-1599,2,0,3,3,1,0,3,0,1,1
168900.0,533000.0,33730.0,-16185,-3043,2,0,3,3,0,0,1,0,1,1
64300.0,252700.0,16160.0,-9479,-2905,4,0,0,3,1,0,1,0,0,1
117600.0,355700.0,20570.0,-10199,-2287,2,1,3,3,0,0,3,0,1,1
144700.0,359600.0,21470.0,-7961,-1386,3,1,3,3,1,0,2,0,0,1
61200.0,184900.0,12120.0,-20469,-5475,2,0,3,3,1,0,2,0,1,1
236400.0,604800.0,32570.0,-22264,-1495,3,0,1,3,1,0,2,0,0,1
91700.0,312900.0,14210.0,-22597,-2985,3,0,3,3,3,0,1,1,0,0
172800.0,343800.0,20610.0,-18419,-4265,2,0,1,3,1,3,2,0,1,1
222200.0,649900.0,44100.0,-19430,-810,2,1,1,3,1,2,2,0,0,1
48600.0,116600.0,5680.0,-22800,-592,2,0,0,0,3,1,2,0,0,0
124200.0,237600.0,10750.0,-14212,-320,4,0,3,3,1,0,2,0,0,1
171800.0,452400.0,29440.0,-16618,-1020,1,0,0,3,3,0,2,1,1,1
194400.0,624100.0,30540.0,-13403,-1256,3,0,0,3,1,0,2,0,1,1
115800.0,360500.0,24290.0,-22825,-2192,1,0,1,3,1,0,2,0,0,1
135200.0,368100.0,23210.0,-8977,-593,2,0,3,3,4,0,2,0,0,0
349800.0,956400.0,49190.0,-12317,-4493,2,0,3,3,1,0,1,1,0,1
228200.0,707800.0,45440.0,-16919,-904,1,0,3,3,3,0,3,0,0,1
150200.0,529600.0,27950.0,-21040,-2519,4,0,3,0,1,1,2,0,1,1
132800.0,243400.0,16230.0,-7681,-1107,2,0,1,3,1,0,3,0,0,0
100200.0,403800.0,18760.0,-13783,-176,4,0,1,3,3,0,1,1,0,1
169600.0,681600.0,41540.0,-8303,-780,2,0,2,3,1,0,2,0,1,0
189700.0,356300.0,22160.0,-12432,-5858,4,0,0,3,1,0,2,0,1,1
149600.0,481400.0,24790.0,-22269,-954,1,0,3,0,0,0,2,0,0,1
166500.0,519000.0,27970.0,-17870,-596,3,0,3,3,1,0,2,0,0,1
145100.0,560000.0,28430.0,-17116,-152,1,0,1,3,1,0,2,0,1,1
102000.0,255300.0,12470.0,-10893,-2108,2,0,0,3,1,0,2,0,1,0
199500.0,406400.0,25850.0,-19583,-3675,4,0,3,3,1,0,2,0,1,0
262600.0,1121700.0,75050.0,-15949,-230,4,0,3,3,3,3,2,0,0,1
90200.0,175600.0,10040.0,-13620,-285,3,0,0,3,3,0,3,0,0,1
126100.0,470800.0,20600.0,-11442,-567,2,0,0,2,1,0,2,1,1,1
256200.0,740600.0,43690.0,-13027,-1719,3,0,0,0,1,0,2,0,0,1
131200.0,353200.0,20250.0,-8339,-1018,1,0,3,2,1,0,2,0,1,0
115300.0,481900.0,31160.0,-15536,-1294,1,0,1,1,1,2,1,0,0,0
150700.0,477100.0,23670.0,-20702,-454,2,0,3,2,1,0,3,0,0,0
122500.0,241800.0,14280.0,-11887,-782,2,1,3,3,1,0,2,0,0,0
82700.0,292500.0,13180.0,-16635,-1804,3,0,3,0,1,0,3,0,0,1
108300.0,343400.0,22770.0,-19045,-564,4,0,3,3,1,0,2,1,0,1
204500.0,651900.0,38900.0,-18844,-1667,4,0,2,0,1,0,2,0,0,1
231900.0,685200.0,42200.0,-17678,-1597,2,0,3,0,1,0,2,0,0,0
209700.0,700900.0,46460.0,-16894,-2056,1,0,0,0,1,0,2,0,0,1
192600.0,840600.0,39810.0,-10877,-2453,2,0,2,0,1,0,2,0,0,0
272600.0,734900.0,42380.0,-9654,-3079,1,0,3,3,1,0,1,0,0,1
58800.0,215100.0,13860.0,-13881,-296,2,0,3,3,3,0,2,0,1,1
99200.0,199600.0,9370.0,-22918,-4386,3,0,0,3,1,0,1,0,0,0
70600.0,212500.0,11350.0,-7740,-152,1,0,3,1,1,0,1,1,1,0
104100.0,458600.0,19780.0,-14333,-1445,1,0,3,3,3,0,1,1,0,1
89800.0,350900.0,19450.0,-8832,-45,2,0,3,3,1,3,2,0,0,0
81800.0,246000.0,12780.0,-12317,-3599,1,0,0,3,0,0,3,0,0,1
130700.0,521400.0,25360.0,-13494,-1128,1,0,0,3,0,0,2,0,0,0
110800.0,221000.0,11070.0,-9103,-2529,2,0,3,3,3,0,2,1,1,0
281200.0,1076400.0,57900.0,-9412,-1280,2,0,3,0,3,3,3,0,1,0
155200.0,322300.0,14930.0,-10591,-4016,4,1,1,3,1,0,2,0,0,1
216500.0,577000.0,29460.0,-22236,-1928,2,0,3,3,3,0,3,0,0,0
207500.0,649000.0,36870.0,-14249,-1185,2,0,3,0,1,0,2,1,0,1
70300.0,221100.0,9540.0,-8686,-2112,1,0,2,3,1,0,2,1,0,1
111400.0,369200.0,21170.0,-17892,-1705,5,0,3,1,3,0,2,1,1,0
132200.0,394700.0,17810.0,-14270,-576,2,0,2,3,1,0,2,1,1,0
153000.0,634400.0,36710.0,-21772,-867,2,0,3,0,0,0,2,1,1,1
149700.0,306100.0,15600.0,-10551,-165,1,0,2,0,1,0,2,0,0,0
165600.0,343500.0,14710.0,-18504,-2132,2,0,2,3,1,0,1,0,1,1
159600.0,536300.0,31050.0,-13756,-2732,4,0,0,3,1,0,3,1,1,0
258800.0,1011400.0,50390.0,-22265,-2035,2,0,3,0,1,3,2,0,1,0
156000.0,357700.0,18790.0,-8804,-2229,1,0,2,3,1,0,3,0,0,0
446900.0,1533500.0,64550.0,-12813,-104,2,0,0,3,2,0,3,1,0,0
168800.0,377000.0,21370.0,-17313,-444,2,0,1,3,0,0,2,0,1,1
165300.0,347300.0,22880.0,-16076,-440,1,0,0,3,1,0,1,0,0,1
128700.0,354800.0,19000.0,-8738,-980,2,0,3,0,1,0,2,0,1,1
92400.0,403100.0,20070.0,-21655,-1188,3,0,0,3,1,0,2,0,0,1
167400.0,329300.0,14640.0,-23210,-1054,1,0,3,0,1,0,2,0,0,1
119100.0,428200.0,28890.0,-20632,-720,3,0,3,3,3,0,2,0,1,1
158100.0,313400.0,17650.0,-21932,-1551,2,0,0,0,0,0,2,0,1,1
86000.0,225100.0,13450.0,-21513,-500,3,0,3,3,1,0,3,0,1,0
219200.0,671100.0,43180.0,-11940,-679,1,0,1,3,1,0,2,0,0,0
181600.0,687300.0,36370.0,-9175,-1725,4,0,1,3,3,0,3,1,0,0
112100.0,266700.0,11500.0,-20209,-2450,4,0,1,3,0,0,2,0,0,0
238100.0,619000.0,27960.0,-10446,-1554,2,0,1,3,1,0,2,1,0,0
109600.0,340700.0,18630.0,-16591,-228,2,0,3,0,1,0,2,0,0,1
149700.0,306200.0,18660.0,-19840,-3839,1,0,1,0,1,0,3,0,0,1
85100.0,341700.0,17020.0,-20944,-1953,3,0,1,2,4,0,3,0,0,0
108600.0,235800.0,14580.0,-15673,-3597,2,0,3,3,1,0,3,0,1,1
198400.0,631800.0,32560.0,-10257,-3682,3,0,3,3,1,0,2,0,0,1
141300.0,432500.0,28100.0,-20350,-810,2,0,3,1,1,0,3,0,1,0
204900.0,383800.0,16620.0,-20336,-3998,3,0,1,3,3,0,2,0,1,1
92100.0,304700.0,18720.0,-8681,-2106,2,0,0,3,1,0,2,1,0,0
134600.0,553100.0,24610.0,-20409,-1404,2,0,3,0,1,0,2,0,0,0
154400.0,380500.0,22710.0,-8802,-36,2,0,3,0,1,0,2,0,0,1
99000.0,305200.0,19200.0,-11310,-2050,2,0,0,3,0,0,2,0,0,1
161000.0,573700.0,33680.0,-20391,-1677,1,0,3,3,3,0,2,0,0,1
103200.0,435200.0,26050.0,-22890,-998,1,0,0,3,1,0,1,1,1,0
84000.0,266300.0,13420.0,-8814,-745,4,0,1,0,1,0,3,0,1,1
216200.0,920800.0,55700.0,-22877,-575,2,0,0,2,1,3,2,1,1,0
118900.0,255000.0,15600.0,-9416,-2842,2,0,3,3,3,0,1,0,1,1
168600.0,470200.0,23360.0,-7842,-693,4,0,0,3,2,0,3,0,1,0
184000.0,756800.0,37800.0,-23343,-36,2,0,3,3,1,0,2,1,0,0
82000.0,300900.0,13550.0,-18840,-404,2,1,2,3,1,0,3,0,0,1
100100.0,313400.0,19640.0,-12697,-1168,3,1,3,3,1,0,2,0,1,0
195500.0,663300.0,44530.0,-17922,-1381,4,0,3,3,4,0,1,0,0,1
365600.0,1513600.0,94340.0,-17383,-1524,4,0,3,3,1,0,3,0,0,1
108900.0,217600.0,10160.0,-15932,-207,3,0,3,0,1,2,2,0,0,1
155900.0,302500.0,17250.0,-18393,-2633,3,0,0,3,1,0,2,0,0,0
197200.0,668500.0,29650.0,-13717,-3842,2,0,1,3,1,1,2,0,1,1
240300.0,608700.0,29190.0,-16235,-623,1,0,3,3,1,0,2,0,0,0
53300.0,124900.0,7380.0,-18660,-613,2,0,1,0,3,0,2,0,1,0
292300.0,730900.0,48160.0,-23337,-2969,2,0,3,0,1,0,2,1,0,1
245700.0,984800.0,50700.0,-21210,-232,2,0,3,3,1,0,3,0,1,1
191100.0,411500.0,20990.0,-23685,-596,1,0,3,3,1,0,3,0,0,1
161300.0,710300.0,46060.0,-20398,-1055,1,0,3,0,3,0,2,0,1,1
108800.0,306600.0,17320.0,-8573,-1999,2,0,3,0,1,0,2,1,0,1
126900.0,395700.0,25350.0,-16140,-494,1,0,3,3,1,0,2,1,1,1
184600.0,660400.0,31600.0,-11453,-594,4,0,1,3,1,0,2,1,0,1
166600.0,420000.0,17940.0,-20213,-227,2,0,3,3,1,0,2,0,0,1
229700.0,955800.0,60570.0,-22693,-2012,5,0,0,3,3,0,2,0,0,0
65200.0,169600.0,9520.0,-21411,-1401,2,0,1,1,1,0,1,1,0,1
444800.0,1735600.0,73450.0,-14301,-7726,3,0,3,0,1,0,2,1,1,1
158500.0,419000.0,18100.0,-21893,-124,2,0,0,3,1,0,2,0,0,0
145300.0,327900.0,22040.0,-19533,-5544,3,0,0,3,3,0,2,1,1,1
190200.0,818900.0,43040.0,-8303,-1729,1,0,3,3,1,0,2,0,1,1
124500.0,234400.0,13460.0,-14857,-347,3,0,3,0,1,0,2,0,0,1
204000.0,622100.0,35880.0,-20174,-1370,1,0,0,0,1,0,2,0,1,1
116900.0,382000.0,18230.0,-8432,-1857,2,0,3,3,1,0,2,0,0,0
203200.0,479500.0,27640.0,-17172,-361,4,0,1,3,3,0,2,0,0,1
98000.0,267400.0,16140.0,-13651,-1215,2,0,3,3,1,0,1,0,1,1
114400.0,346700.0,17190.0,-8254,-1679,4,0,1,0,1,1,2,0,0,1
225000.0,806600.0,38180.0,-16818,-6375,2,0,3,3,1,0,3,0,1,1
101800.0,385900.0,17360.0,-13041,-2660,2,0,3,0,1,0,3,0,1,1
84000.0,335600.0,20910.0,-20930,-40,2,0,3,3,3,0,2,0,1,1
259800.0,910400.0,39420.0,-9111,-2191,2,0,1,0,3,0,1,0,0,0
235800.0,670500.0,30760.0,-10872,-163,3,0,3,0,1,3,2,0,0,1
97300.0,306300.0,20250.0,-20687,-5838,1,0,3,1,1,0,2,0,1,1
57200.0,254700.0,11410.0,-13375,-2145,1,0,0,3,1,0,2,0,0,1
133600.0,315900.0,20670.0,-22558,-662,4,0,0,0,1,0,3,0,0,1
642200.0,2203000.0,133980.0,-13344,-3610,3,0,1,3,1,0,2,0,0,1
203800.0,756600.0,36390.0,-19990,-744,1,0,1,3,2,0,3,0,0,1
150500.0,503000.0,25860.0,-21601,-534,2,0,3,3,1,0,2,0,0,1
308800.0,790000.0,52810.0,-22647,-241,2,0,0,0,1,0,3,0,0,1
155000.0,537800.0,28710.0,-8660,-879,3,0,3,3,1,0,1,0,1,0
191800.0,568400.0,36090.0,-16115,-489,1,0,0,3,1,0,3,0,1,1
105300.0,405200.0,26640.0,-18224,-36,3,1,2,3,1,3,2,0,0,1
99700.0,418400.0,27310.0,-20988,-1048,2,0,1,3,3,0,2,0,0,0
45000.0,132100.0,8980.0,-17085,-7358,1,0,0,3,1,2,2,1,1,1
141600.0,450900.0,26840.0,-19620,-264,2,0,3,3,3,0,2,1,0,1
158800.0,583700.0,37820.0,-19086,-1567,2,0,3,3,0,0,3,0,0,1
59300.0,251200.0,15950.0,-22950,-99,5,0,0,3,1,0,2,0,0,0
144700.0,569300.0,32480.0,-17681,-183,1,0,1,3,4,0,2,0,0,1
143900.0,280100.0,12340.0,-15502,-553,3,0,3,3,3,0,2,0,1,1
155100.0,693600.0,45100.0,-21974,-411,4,0,0,3,3,0,3,0,1,1
65600.0,178400.0,11100.0,-11852,-229,2,0,0,0,1,0,2,0,0,0
97800.0,236600.0,10050.0,-11404,-559,3,0,3,3,1,0,2,0,0,1
143500.0,475000.0,20650.0,-11762,-2140,2,0,3,3,1,0,2,1,0,1
83100.0,282400.0,15080.0,-19632,-538,2,0,0,0,1,0,2,0,0,1
112500.0,217400.0,9280.0,-20532,-441,2,0,3,3,1,0,2,0,1,0
145000.0,271700.0,14370.0,-20806,-5012,3,0,3,3,1,0,3,0,0,1
130500.0,311200.0,14630.0,-13651,-2096,1,0,1,3,1,0,2,0,0,0
133900.0,429100.0,21790.0,-23513,-1610,2,0,1,3,1,0,2,0,1,1
126400.0,355600.0,15570.0,-16507,-1601,2,0,1,3,1,0,3,0,0,1
178600.0,597000.0,37050.0,-11172,-3161,4,0,3,3,1,0,1,1,1,1
332700.0,1095200.0,49990.0,-8400,-156,4,0,3,3,1,0,2,0,0,0
54100.0,215700.0,13530.0,-16375,-1692,2,0,0,3,1,0,2,0,1,1
73100.0,244000.0,15830.0,-19713,-807,1,0,2,0,1,0,2,0,1,1
159100.0,408500.0,23730.0,-10472,-1119,2,1,3,0,2,0,2,0,0,1
88200.0,357400.0,21960.0,-18729,-266,2,0,3,3,2,0,1,0,0,1
275600.0,695700.0,36720.0,-20036,-1781,1,0,3,3,1,3,1,0,0,1
310500.0,1301500.0,75790.0,-7772,-1198,3,0,2,2,1,0,2,0,0,1
90300.0,170200.0,11280.0,-23140,-130,2,0,3,3,2,0,3,0,0,0
68700.0,203500.0,11480.0,-23038,-985,2,0,3,3,1,0,2,1,0,1
85900.0,322000.0,20060.0,-18002,-3674,1,0,3,3,2,0,2,0,0,0
193400.0,554800.0,31350.0,-18280,-1265,4,0,3,3,1,0,2,0,0,0
61500.0,174700.0,10820.0,-18132,-288,3,0,1,3,1,0,2,0,0,1
71000.0,283900.0,16200.0,-11815,-1519,2,0,0,2,1,0,2,0,0,1
199700.0,467200.0,28660.0,-22851,-698,3,0,2,1,3,0,1,0,1,0
163300.0,314400.0,18040.0,-19782,-3501,1,0,2,0,1,1,2,0,0,1
71500.0,219000.0,12610.0,-16459,-2375,4,0,3,3,1,1,3,0,0,0
401200.0,1053300.0,63120.0,-12592,-590,2,0,3,3,1,0,2,1,0,1
108400.0,317500.0,21270.0,-16618,-629,2,0,3,3,2,0,1,1,0,1
97500.0,383300.0,20570.0,-12643,-36,1,0,1,3,1,0,1,0,1,1
117900.0,483400.0,23600.0,-11393,-678,1,0,2,3,3,0,2,0,0,0
76900.0,160200.0,9470.0,-12944,-3467,2,0,1,3,1,0,1,0,1,0
353900.0,1361800.0,63600.0,-20503,-576,2,0,2,3,1,2,2,0,0,1
134700.0,481700.0,21680.0,-20439,-307,3,0,3,3,3,0,3,0,0,0
136800.0,552900.0,24430.0,-22146,-1723,1,0,0,3,1,0,2,1,0,0
115600.0,396800.0,23480.0,-10861,-1587,2,0,1,3,1,0,3,0,0,1
89700.0,403000.0,21600.0,-12122,-3048,2,0,3,3,3,0,2,0,1,1
235400.0,706100.0,44930.0,-15609,-3492,3,0,3,3,0,0,2,0,1,0
221300.0,759800.0,33610.0,-9605,-3031,1,0,3,3,3,0,2,0,1,0
207600.0,494300.0,30650.0,-20981,-4004,1,0,3,3,1,1,1,0,0,1
154000.0,322800.0,17690.0,-8197,-1622,1,0,3,3,3,0,2,0,1,1
235200.0,592200.0,28250.0,-23208,-3270,2,0,2,3,1,2,1,1,0,1
148800.0,477600.0,21620.0,-23256,-776,1,1,1,3,1,0,2,1,0,1
134900.0,379300.0,18240.0,-20529,-223,2,0,3,0,1,0,2,0,1,0
83600.0,371500.0,24210.0,-14030,-2203,3,0,0,3,2,0,2,0,0,1
267300.0,501500.0,33410.0,-10088,-719,1,0,3,0,1,0,2,1,0,0
97800.0,433800.0,26920.0,-18759,-2504,4,0,3,3,4,0,1,0,1,0
162300.0,464400.0,31140.0,-11431,-3922,4,0,3,3,1,0,3,0,1,1
152900.0,449000.0,23830.0,-12774,-517,3,0,3,0,3,0,3,0,1,1
205000.0,760200.0,43520.0,-17620,-1187,1,0,3,3,3,0,1,0,0,1
166500.0,342400.0,17360.0,-17689,-1696,2,0,0,3,4,0,2,0,0,1
161200.0,614600.0,39530.0,-12875,-1108,2,0,3,3,1,0,2,0,0,0
118900.0,273800.0,15010.0,-23415,-1474,5,0,0,3,1,3,2,0,0,0
100000.0,382200.0,24350.0,-8833,-336,1,0,3,3,0,1,3,0,0,0
91800.0,337700.0,19830.0,-21886,-1519,3,0,3,0,3,0,2,0,0,0
108900.0,263300.0,11360.0,-16491,-286,1,0,3,3,1,0,2,1,1,1
133100.0,455200.0,23020.0,-14038,-593,2,0,1,0,1,0,2,0,0,0
170700.0,549600.0,28950.0,-13748,-261,1,0,0,0,3,0,1,0,0,0
146500.0,375000.0,23060.0,-11826,-90,4,0,3,3,4,0,2,1,1,1
244700.0,753000.0,46830.0,-10165,-1274,2,0,3,3,1,2,2,0,0,1
96300.0,193000.0,12850.0,-18000,-151,3,0,1,0,1,0,2,0,0,1
92000.0,340500.0,21720.0,-11704,-644,3,0,0,3,1,1,3,0,0,1
142300.0,331800.0,19170.0,-11630,-3142,2,0,0,3,1,3,2,0,1,1
45000.0,202400.0,11090.0,-15711,-868,1,0,3,3,1,0,2,0,0,1
182900.0,434600.0,21420.0,-17678,-4033,2,0,0,3,0,0,2,0,0,0
45000.0,190200.0,11970.0,-11069,-2739,2,0,3,3,3,0,2,0,0,1
101600.0,203200.0,10250.0,-7846,-211,2,0,3,3,0,3,1,0,1,0
242200.0,890800.0,40490.0,-10239,-1783,2,0,3,3,1,0,1,0,0,1
98500.0,214300.0,13690.0,-15957,-395,1,1,3,3,1,1,3,0,1,1
160600.0,332900.0,20860.0,-15511,-1286,3,0,3,0,1,0,2,0,0,0
99400.0,239100.0,10160.0,-8077,-1503,2,0,3,3,3,0,3,0,1,0
258300.0,789300.0,36710.0,-16273,-1110,3,0,3,0,0,0,3,0,0,0
118100.0,364100.0,19130.0,-11213,-632,1,0,3,3,1,0,2,0,1,1
152400.0,546400.0,32950.0,-10382,-251,2,0,2,0,1,3,2,1,1,0
45000.0,113600.0,6160.0,-8755,-2180,2,0,3,0,1,0,2,0,1,1
166200.0,455100.0,30880.0,-18477,-661,1,0,0,3,1,0,1,0,0,1
226500.0,977200.0,41140.0,-10536,-630,3,0,0,0,1,1,2,0,0,0
293600.0,763100.0,43680.0,-14112,-6471,2,0,0,3,1,0,2,0,0,1
168600.0,638100.0,30700.0,-23173,-1989,1,0,1,3,1,0,2,0,1,0
228800.0,496200.0,27870.0,-20679,-1846,4,0,0,3,0,0,3,0,0,0
79200.0,288100.0,16940.0,-23319,-7018,2,0,0,3,2,0,3,0,0,0
167400.0,446900.0,20380.0,-20017,-927,4,1,0,3,1,0,2,0,1,1
108000.0,467200.0,22230.0,-14743,-333,3,0,3,3,0,0,2,0,1,1
122200.0,469500.0,21670.0,-10628,-824,2,0,3,3,1,0,2,0,1,1
219300.0,721400.0,45920.0,-13552,-2246,1,0,0,3,1,0,2,0,0,1
157100.0,473900.0,23270.0,-22992,-762,1,0,0,3,0,0,2,0,0,1
89700.0,312800.0,16240.0,-14090,-51,3,0,3,3,1,0,2,0,0,1
99500.0,394200.0,19250.0,-19184,-1109,2,0,0,3,4,0,2,0,0,1
138500.0,291200.0,19450.0,-20025,-4376,2,0,3,0,3,0,1,0,0,0
212700.0,577500.0,30640.0,-22197,-918,2,0,3,3,1,0,2,0,0,1
139100.0,604700.0,33350.0,-16757,-2291,1,0,3,3,2,0,2,0,0,1
104700.0,305100.0,13110.0,-21924,-11216,1,0,3,3,3,0,3,0,0,0
150800.0,485600.0,24240.0,-18200,-2496,1,0,3,3,1,0,2,0,0,1
101500.0,339300.0,15490.0,-13653,-3979,2,0,3,0,1,0,3,0,1,1
171700.0,423800.0,19330.0,-9140,-1153,2,0,3,3,1,0,2,0,0,1
100600.0,319000.0,16280.0,-13542,-1383,3,0,0,3,1,0,2,0,1,1
152700.0,323400.0,14900.0,-17115,-1973,1,0,0,0,3,0,3,0,1,1
74500.0,274100.0,16060.0,-14625,-1193,2,0,0,0,3,0,3,0,1,1
283700.0,1144300.0,62830.0,-16252,-36,2,0,0,3,1,0,2,1,0,1
228100.0,709400.0,43980.0,-18325,-1283,1,0,1,0,1,0,3,0,0,1
144200.0,370200.0,17930.0,-12840,-2660,2,0,1,3,1,0,2,0,0,1
246200.0,872100.0,51580.0,-23732,-36,1,0,1,3,2,0,2,0,1,1
98800.0,197500.0,9700.0,-7749,-1175,4,0,3,3,1,0,1,1,0,1
176000.0,567300.0,24870.0,-20969,-1990,4,0,0,3,1,0,2,0,1,1
149300.0,430900.0,23580.0,-19497,-1150,1,0,0,3,2,1,2,0,0,1
94700.0,358200.0,16390.0,-11473,-4898,2,0,0,3,1,0,2,0,0,1
177700.0,559200.0,24590.0,-18641,-1603,1,1,2,0,4,3,1,1,0,1
113400.0,400200.0,20360.0,-23363,-2742,2,1,0,3,1,1,2,1,0,1
88500.0,384000.0,20620.0,-11904,-1943,1,0,1,3,1,0,2,0,0,1
210100.0,807100.0,35250.0,-12750,-2600,3,0,1,3,3,0,3,0,1,0
144000.0,511800.0,29920.0,-19179,-7283,1,0,3,3,1,0,2,0,0,0
94300.0,171500.0,9560.0,-11671,-149,2,0,0,1,1,0,3,0,0,1
171600.0,392600.0,24010.0,-18851,-209,2,0,2,3,1,0,2,0,1,1
122700.0,244300.0,16350.0,-10547,-1751,3,0,3,3,1,0,1,0,0,1
84800.0,325100.0,14750.0,-18704,-6081,2,0,1,3,1,0,3,0,1,1
148600.0,461900.0,29970.0,-21802,-3414,1,0,0,3,1,0,3,0,1,0
189900.0,716900.0,30950.0,-13134,-1128,4,0,1,0,1,0,3,1,0,1
137200.0,391300.0,26290.0,-15561,-1804,3,0,3,3,1,0,1,0,0,0
111600.0,436400.0,22790.0,-19214,-2197,1,0,3,3,3,0,3,0,0,1
150300.0,514300.0,22350.0,-7858,-1176,1,0,3,3,3,0,2,0,1,0
224900.0,454300.0,22970.0,-10364,-128,1,0,1,3,1,1,2,0,0,0
92300.0,273000.0,15760.0,-16430,-2362,2,0,0,3,1,0,2,0,0,1
214600.0,643300.0,34980.0,-8227,-473,2,0,1,3,0,0,2,0,0,1
180200.0,739000.0,43740.0,-12742,-2384,4,0,0,3,0,0,2,0,1,1
124600.0,555900.0,24290.0,-7758,-1184,2,0,1,0,3,0,3,0,1,1
178300.0,768200.0,49910.0,-19546,-5054,4,0,0,0,4,0,2,1,1,1
340400.0,933600.0,46770.0,-23320,-618,2,0,2,3,1,0,1,1,0,1
308200.0,754300.0,38770.0,-7960,-1385,2,0,3,3,0,1,3,1,0,1
146800.0,628600.0,30460.0,-19240,-777,3,0,0,3,1,0,2,0,0,1
84300.0,291100.0,14400.0,-13631,-1867,2,0,3,3,1,0,2,0,1,0
95800.0,361000.0,17080.0,-21080,-292,1,0,3,3,1,0,2,0,0,1
147000.0,321200.0,17360.0,-21209,-157,2,0,3,3,4,0,3,0,0,1
216300.0,961900.0,52490.0,-16766,-2415,2,0,0,3,3,0,2,0,0,0
90900.0,251800.0,16680.0,-9242,-329,3,0,3,3,1,0,2,0,1,0
238400.0,764800.0,46960.0,-16680,-704,2,0,1,3,1,0,2,0,1,0
139800.0,366100.0,23370.0,-11026,-2855,2,1,0,0,4,0,2,1,0,1
123800.0,311500.0,17680.0,-11841,-1024,1,0,3,0,1,0,2,0,1,1
133400.0,381900.0,19820.0,-20593,-941,1,0,3,3,1,0,3,0,0,1
333900.0,1339400.0,78550.0,-12031,-1605,1,1,0,3,1,0,1,0,0,1
188000.0,698400.0,43150.0,-18718,-2554,3,0,1,3,1,0,2,1,0,1
141400.0,619700.0,27210.0,-18224,-3837,3,0,3,3,2,0,2,0,1,1
45000.0,195600.0,11290.0,-12448,-5873,3,0,3,3,3,0,2,1,1,0
48400.0,212800.0,12980.0,-8493,-216,2,0,3,3,3,0,2,1,1,1
170100.0,554600.0,26710.0,-19087,-5953,2,0,3,3,3,3,1,1,0,0
109900.0,301200.0,13480.0,-18856,-2515,2,0,3,3,0,0,2,0,0,1
145600.0,510500.0,31550.0,-14487,-638,2,0,3,3,3,0,1,0,0,0
45000.0,132000.0,5600.0,-20985,-4727,2,0,0,3,1,0,2,0,0,1
653400.0,2115600.0,94150.0,-16983,-385,2,1,3,3,3,0,2,0,1,0
378800.0,1241200.0,64620.0,-8691,-2117,2,0,3,0,1,0,1,0,1,1
228300.0,784600.0,33370.0,-11744,-2745,4,0,0,3,1,0,2,0,1,1
333000.0,644300.0,37520.0,-13143,-4696,2,0,3,0,2,1,3,0,0,1
192700.0,465300.0,26280.0,-8304,-1473,3,0,0,3,1,0,3,0,0,1
222600.0,904200.0,39260.0,-7684,-922,2,0,3,3,1,0,2,0,0,0
137000.0,267900.0,16340.0,-10803,-58,5,0,0,3,1,0,3,0,0,1
138400.0,485200.0,29710.0,-16316,-5721,2,0,3,0,1,0,3,0,1,1
65000.0,220900.0,10330.0,-14796,-1696,3,0,1,3,1,0,2,1,1,0
109100.0,313300.0,14040.0,-11292,-1332,2,0,3,3,1,0,2,0,0,1
257500.0,713200.0,37490.0,-13712,-2093,5,0,0,3,1,3,2,1,0,1
358600.0,1189600.0,74840.0,-23063,-1598,3,0,3,2,1,0,3,0,1,1
181000.0,787200.0,45480.0,-8487,-1913,2,0,0,1,0,0,2,0,0,1
309300.0,1376100.0,63470.0,-17230,-1955,3,0,3,3,4,0,2,0,0,1
180200.0,577500.0,31630.0,-18566,-2442,2,0,3,3,0,3,1,0,1,1
391000.0,1332900.0,80010.0,-13086,-4082,1,1,3,3,1,0,2,0,0,0
69900.0,126700.0,7350.0,-9510,-2083,1,0,3,3,1,0,1,0,0,1
301600.0,731400.0,36590.0,-8078,-798,2,0,3,3,3,0,2,0,1,1
197500.0,874100.0,37880.0,-16713,-5189,2,1,1,3,1,0,2,0,0,1
97200.0,217400.0,14580.0,-20197,-143,1,1,1,3,1,0,2,0,0,1
143900.0,441900.0,20570.0,-17690,-116,1,0,3,3,0,0,2,0,0,1
53000.0,180800.0,8120.0,-12320,-1091,1,0,0,3,1,0,2,1,0,0
141900.0,443800.0,22860.0,-14954,-822,2,0,3,3,1,0,3,0,0,1
199900.0,447100.0,26090.0,-17681,-755,3,0,1,3,1,0,1,1,0,0
313600.0,1181600.0,56710.0,-22186,-2551,1,0,3,0,2,0,1,0,0,0
193000.0,631300.0,39690.0,-19722,-1633,3,0,0,3,3,0,3,0,0,1
58500.0,173900.0,9330.0,-9281,-2706,3,0,0,0,2,0,2,0,0,0
73000.0,229600.0,12970.0,-14548,-3605,2,0,3,3,1,0,1,0,0,0
411300.0,1007800.0,66520.0,-20296,-372,1,0,3,3,1,0,2,0,0,0
200100.0,825700.0,40270.0,-15136,-1130,4,0,3,0,1,0,2,0,0,1
299000.0,828400.0,45420.0,-23562,-672,3,0,3,3,3,0,2,0,0,1
232200.0,654900.0,32970.0,-11218,-90,4,0,3,3,3,0,2,0,0,1
260700.0,662600.0,42460.0,-15486,-2868,3,0,1,3,1,0,2,0,1,1
176400.0,724800.0,41930.0,-9080,-1103,2,0,3,0,1,3,2,0,0,1
314800.0,853000.0,37950.0,-17179,-1322,1,0,0,3,1,0,3,0,1,1
160100.0,500100.0,28750.0,-13983,-359,2,0,3,3,1,0,2,0,1,1
85900.0,248600.0,15360.0,-21890,-2499,4,0,3,3,2,0,2,0,0,0
224500.0,653500.0,30530.0,-8301,-1570,5,0,3,1,0,0,3,0,0,1
137800.0,422700.0,24590.0,-9092,-243,5,0,0,0,1,0,2,0,1,1
86100.0,296800.0,16540.0,-13838,-1485,3,0,0,3,0,0,2,0,0,1
120700.0,425600.0,24810.0,-8536,-1961,2,0,0,3,1,0,2,0,1,1
197600.0,416500.0,25840.0,-16050,-4075,1,0,3,0,0,0,3,0,1,0
258900.0,1066700.0,49710.0,-23000,-1419,3,0,3,3,1,0,2,0,0,0
155400.0,580700.0,37520.0,-21722,-760,2,0,1,3,1,0,1,0,0,1
163900.0,568800.0,33980.0,-12024,-2622,3,0,1,3,1,0,2,0,0,0
181900.0,428400.0,23190.0,-10022,-680,3,0,3,3,1,0,2,0,1,1
177600.0,633000.0,42000.0,-20068,-508,1,0,0,3,0,0,2,0,0,1
68100.0,146600.0,6380.0,-14164,-1696,2,0,1,3,1,2,2,0,0,0
106000.0,208300.0,12340.0,-13041,-450,2,0,0,3,3,0,2,0,1,1
233200.0,950600.0,46890.0,-19646,-78,4,0,3,3,1,0,2,1,0,1
72100.0,286200.0,13980.0,-13222,-36,1,0,3,3,1,0,2,0,0,1
135800.0,509000.0,29310.0,-8461,-1886,2,0,1,3,3,0,1,1,0,1
55500.0,133100.0,8020.0,-15735,-825,4,0,0,3,3,0,2,1,1,0
191600.0,466400.0,26320.0,-15126,-1864,1,0,1,3,1,0,1,0,0,1
156600.0,329400.0,19680.0,-20833,-227,2,0,3,3,1,0,3,0,0,1
45000.0,196300.0,8690.0,-8500,-421,1,0,3,3,1,0,1,0,1,0
169300.0,617300.0,32380.0,-10970,-1064,2,0,1,3,1,0,2,0,0,1
66600.0,192200.0,12280.0,-8082,-1507,2,0,3,3,1,0,2,1,0,0
78100.0,158200.0,9370.0,-11274,-1144,4,0,3,3,1,0,2,0,1,1
144200.0,267900.0,16190.0,-20588,-8144,2,0,3,3,1,0,3,0,0,1
109200.0,423900.0,24290.0,-10208,-1046,2,0,3,3,1,0,2,0,0,1
209000.0,457200.0,27420.0,-16912,-174,2,0,2,3,1,0,2,0,0,0
169600.0,542100.0,25220.0,-14508,-4789,1,0,3,3,1,0,2,0,0,1
249300.0,658900.0,30490.0,-19146,-1363,1,0,3,0,1,0,1,0,0,1
82500.0,200900.0,13640.0,-14932,-3658,2,0,0,3,2,0,2,1,1,1
379900.0,1628000.0,92880.0,-10514,-704,2,0,2,0,1,0,3,0,0,1
128600.0,474200.0,21910.0,-10722,-169,3,0,0,3,1,0,2,1,0,1
125700.0,270900.0,12340.0,-9049,-1473,2,0,1,3,3,0,2,0,1,1
432900.0,1712000.0,110800.0,-9540,-802,1,0,3,3,1,0,2,0,1,1
196300.0,878300.0,51290.0,-20606,-3888,2,0,3,3,1,0,2,0,1,1
266200.0,1083800.0,54520.0,-14830,-501,2,0,1,0,4,0,2,1,0,0
451600.0,1795100.0,100600.0,-19317,-931,3,0,1,3,1,0,2,0,0,0
121800.0,219900.0,13420.0,-11023,-3470,1,0,1,2,1,0,3,1,1,1
96800.0,246800.0,15280.0,-23572,-189,2,0,3,3,4,0,2,0,1,1
287600.0,1052400.0,56130.0,-22657,-483,2,0,3,3,3,0,2,0,1,1
121300.0,458100.0,20540.0,-18959,-2478,1,0,3,3,1,0,1,1,0,1
174200.0,416400.0,27600.0,-16374,-7388,2,0,0,3,2,0,2,1,0,0
71300.0,169800.0,8420.0,-19220,-5632,3,0,1,3,3,0,2,0,0,1
115000.0,480000.0,27050.0,-21977,-2079,2,1,1,3,1,0,2,0,1,1
116100.0,332800.0,21640.0,-22716,-2019,2,0,3,3,2,0,3,1,0,1
161000.0,687800.0,35190.0,-11500,-131,3,0,0,3,0,0,1,1,1,1
136700.0,443300.0,27100.0,-13185,-980,1,0,0,3,3,0,3,1,0,1
256800.0,777200.0,50580.0,-19518,-245,1,0,3,3,1,0,1,0,0,0
81100.0,195600.0,12100.0,-13063,-290,2,0,1,0,1,0,2,1,1,1
163900.0,606000.0,35880.0,-21119,-307,2,0,3,0,3,0,2,1,1,1
99900.0,196500.0,10030.0,-20466,-4493,1,0,3,3,3,0,2,0,0,1
113900.0,473500.0,20190.0,-12381,-545,1,0,3,0,1,0,1,0,0,1
203000.0,631500.0,35210.0,-21827,-1452,2,0,1,3,1,0,3,0,1,0
167800.0,402300.0,21990.0,-16764,-1426,1,0,1,3,1,0,2,0,0,1
181500.0,492300.0,31060.0,-9728,-1981,2,0,0,3,3,0,2,0,1,0
156200.0,599000.0,28780.0,-21539,-3459,1,0,3,2,1,0,2,0,1,1
75500.0,166700.0,9820.0,-17392,-450,2,0,3,3,1,1,3,0,0,1
56400.0,127100.0,6180.0,-14802,-999,2,0,2,0,1,0,3,0,1,1
212700.0,709800.0,30260.0,-16942,-372,1,0,2,0,1,0,2,0,0,1
162000.0,615300.0,28620.0,-10056,-1819,3,0,3,0,1,0,1,0,0,0
253700.0,535100.0,28160.0,-18769,-119,1,0,2,3,1,0,1,0,0,1
156000.0,298000.0,16220.0,-16860,-634,2,0,1,3,3,0,2,1,0,0
59000.0,260000.0,15070.0,-20563,-2654,2,0,3,3,3,0,2,1,0,1
196200.0,860500.0,37180.0,-15570,-297,2,0,3,3,1,0,2,0,0,1
107900.0,427700.0,21680.0,-13330,-644,1,0,3,0,0,0,2,0,0,1
59500.0,198500.0,11920.0,-15909,-197,2,1,3,3,1,0,1,0,1,1
318300.0,913600.0,43900.0,-17787,-714,2,1,2,3,3,0,3,0,0,1
158900.0,640700.0,36800.0,-10033,-1699,1,0,1,3,0,0,1,0,0,0
100900.0,218300.0,12570.0,-21851,-1691,3,0,3,0,1,0,2,0,0,1
282300.0,588400.0,26350.0,-20412,-1076,3,0,3,2,1,0,2,0,1,1
153100.0,517500.0,23260.0,-9775,-300,1,0,3,3,1,0,3,1,0,0
108500.0,387800.0,22030.0,-19425,-1389,3,0,3,0,4,0,2,1,1,0
128700.0,389400.0,20080.0,-14755,-1233,1,0,0,3,3,0,2,0,0,1
292700.0,1237400.0,75220.0,-13815,-3271,3,0,0,3,1,0,3,1,0,1
89400.0,172500.0,8300.0,-13689,-509,2,1,0,3,3,1,3,0,0,1
88000.0,356000.0,18420.0,-23152,-5577,3,0,3,0,0,0,2,0,0,1
141400.0,299700.0,17650.0,-23223,-5680,2,0,1,3,2,0,3,0,0,0
133700.0,545200.0,35740.0,-14728,-1307,2,0,1,3,0,0,2,0,0,1
196700.0,709900.0,39930.0,-14753,-1116,2,0,0,0,1,0,2,0,1,1
201300.0,580500.0,28410.0,-17591,-985,2,0,0,3,1,0,3,0,0,1
113600.0,359400.0,21510.0,-13908,-1216,1,0,1,3,1,0,2,0,0,1
94600.0,417100.0,28290.0,-21097,-82,2,0,3,3,1,0,2,1,1,1
176500.0,618300.0,32570.0,-10869,-576,2,0,1,0,1,0,2,0,0,1
57500.0,233700.0,10040.0,-16700,-1947,2,0,3,3,1,0,1,0,0,1
76400.0,176900.0,11960.0,-18465,-183,2,0,3,0,1,0,2,0,0,0
86700.0,242400.0,16120.0,-19279,-5375,2,0,3,3,1,0,2,0,1,1
126800.0,255600.0,10960.0,-17754,-2359,2,0,1,3,2,0,3,0,0,1
282900.0,910700.0,48040.0,-11039,-702,2,0,0,3,0,0,2,0,0,1
255000.0,1125900.0,72770.0,-15478,-406,3,0,0,3,1,0,2,0,1,1
123600.0,288100.0,12660.0,-21151,-1203,2,0,0,2,2,0,2,0,0,1
195400.0,384400.0,24090.0,-14530,-518,2,0,0,0,1,0,3,0,0,1
378800.0,1701900.0,92800.0,-19897,-277,1,0,0,3,1,0,3,0,1,1
112300.0,319700.0,16970.0,-18039,-192,2,1,0,3,1,3,3,0,0,1
91000.0,338500.0,21970.0,-20948,-375,2,0,3,3,1,3,3,0,0,0
86800.0,340000.0,18830.0,-8979,-1592,2,0,3,3,1,2,2,0,0,0
284000.0,676000.0,41890.0,-22307,-8743,4,1,3,3,4,0,1,1,0,1
281500.0,838100.0,56890.0,-14645,-2401,2,0,3,3,1,1,2,0,0,0
95500.0,186700.0,11880.0,-20807,-351,3,0,3,3,3,0,3,0,0,0
216200.0,397000.0,25890.0,-14087,-250,1,0,0,3,1,0,2,0,1,1
91900.0,190000.0,11090.0,-11652,-2200,2,0,1,3,1,0,2,0,0,1
225400.0,925600.0,41500.0,-22922,-812,1,0,2,0,1,0,1,0,0,0
270500.0,926900.0,47720.0,-14227,-6579,2,0,2,0,1,0,2,0,0,1
112100.0,239500.0,11070.0,-14272,-3015,1,0,1,3,4,0,1,1,0,1
148600.0,619400.0,29550.0,-17243,-965,3,0,3,3,1,0,2,0,1,1
292100.0,1201000.0,74080.0,-13666,-3121,2,0,3,3,0,0,2,1,0,1
113900.0,438000.0,27670.0,-9501,-36,2,0,1,3,1,0,2,1,0,1
135700.0,429600.0,19150.0,-10444,-1614,2,0,0,3,1,2,2,0,0,0
125000.0,439200.0,28910.0,-16479,-1999,3,0,0,3,1,0,3,0,1,1
189900.0,609200.0,26190.0,-10955,-3642,4,0,0,0,1,0,2,0,1,1
309200.0,1006000.0,66740.0,-22974,-793,2,0,0,3,2,0,2,0,0,1
152200.0,282100.0,13940.0,-12271,-1808,2,0,0,3,1,0,2,0,1,1
202500.0,565400.0,35260.0,-14898,-1811,4,0,3,3,1,0,3,0,0,0
196800.0,517400.0,28940.0,-15528,-1310,1,0,3,3,0,3,2,0,0,0
224700.0,477900.0,28760.0,-13298,-2427,1,0,1,3,2,0,2,0,0,0
298200.0,1087900.0,50840.0,-9596,-316,4,0,1,0,0,0,2,0,0,1
66000.0,200200.0,9130.0,-21229,-2231,3,0,0,3,1,0,2,0,1,0
128300.0,338100.0,17420.0,-17233,-5804,2,0,0,3,1,1,2,0,1,1
203700.0,609900.0,41070.0,-23004,-211,2,0,2,3,1,0,2,0,0,1
94600.0,330400.0,16920.0,-10295,-3489,2,1,1,3,1,0,3,1,0,0
155900.0,477400.0,27450.0,-13452,-724,1,0,3,1,3,0,3,1,1,1
105000.0,413700.0,26290.0,-11717,-4215,2,1,3,3,3,0,2,1,1,1
357700.0,1224100.0,73920.0,-18871,-821,2,0,1,3,1,0,1,1,0,1
171900.0,751700.0,32550.0,-14140,-568,2,0,0,3,1,0,3,0,0,1
175000.0,479900.0,27240.0,-9539,-520,1,0,1,1,1,1,3,1,0,1
170500.0,591900.0,26430.0,-13995,-745,1,0,3,3,1,0,2,0,0,0
115200.0,512000.0,25780.0,-8505,-1895,2,1,0,3,1,0,3,1,1,1
167400.0,675600.0,35650.0,-17675,-1251,1,0,3,3,4,0,1,0,1,1
146400.0,587200.0,28220.0,-12756,-154,2,0,3,3,1,0,3,0,0,1
83200.0,170900.0,8810.0,-17817,-324,1,0,3,3,3,0,3,0,1,0
85700.0,319100.0,14280.0,-10458,-1033,1,0,3,3,1,0,2,0,1,0
137700.0,336700.0,22840.0,-19069,-120,1,0,3,0,1,0,2,0,0,1
80800.0,361600.0,17320.0,-10909,-2365,2,1,3,3,0,0,2,0,0,1
308300.0,694600.0,38360.0,-19218,-502,1,0,3,3,1,0,2,0,0,1
110000.0,261000.0,12250.0,-21840,-1107,3,0,1,3,2,0,2,0,1,0
65800.0,258100.0,17230.0,-20248,-291,1,0,1,1,3,0,2,1,1,1
204300.0,639700.0,43290.0,-14753,-4017,2,0,1,3,0,0,3,0,0,1
87100.0,171000.0,8640.0,-9166,-65,2,0,1,3,2,3,2,0,0,1
68300.0,220900.0,14500.0,-22722,-1350,1,0,3,0,4,0,2,0,0,1
80400.0,194700.0,8240.0,-16965,-241,3,0,2,0,1,1,2,1,1,0
246200.0,1054600.0,51590.0,-20984,-1626,2,0,3,3,1,3,3,0,0,1
274400.0,1002800.0,51570.0,-19451,-1180,2,0,0,3,1,0,2,0,0,1
457900.0,1487300.0,74370.0,-20410,-4043,2,0,0,3,1,2,2,1,0,1
84200.0,283400.0,15890.0,-22845,-1342,2,0,2,3,1,0,2,0,1,0
77600.0,249500.0,12070.0,-12196,-1490,2,0,0,3,3,0,1,0,0,1
322100.0,916000.0,39970.0,-19001,-4130,1,0,1,3,2,0,2,0,0,0
132700.0,444900.0,27390.0,-22671,-2567,2,0,0,3,1,0,2,0,0,1
165300.0,694100.0,44140.0,-9042,-73,1,0,1,3,1,0,2,0,0,1
100000.0,248100.0,10950.0,-17360,-1290,2,0,0,0,1,0,2,0,1,0
394900.0,903400.0,53910.0,-8386,-1001,3,1,3,0,1,0,2,1,0,1
175900.0,615000.0,33350.0,-11723,-36,2,0,0,3,2,0,2,0,1,1
159000.0,367500.0,18450.0,-21525,-460,1,0,3,3,1,1,2,0,0,1
304900.0,581700.0,35080.0,-16247,-1906,1,0,2,3,1,0,2,0,0,1
261400.0,1016600.0,62010.0,-10744,-1785,1,0,0,3,1,0,2,0,1,0
65400.0,119700.0,5030.0,-11648,-1354,5,0,3,3,1,0,3,0,0,1
199200.0,734800.0,42950.0,-17725,-8858,4,0,3,3,1,1,1,0,1,0
99200.0,263200.0,12790.0,-21644,-1373,3,0,3,0,1,0,3,0,1,1
86600.0,279300.0,18550.0,-18785,-465,1,0,3,3,4,2,2,0,0,0
108400.0,313700.0,21000.0,-12270,-441,2,0,3,0,1,0,2,0,0,1
86500.0,333700.0,18970.0,-15824,-5739,4,0,1,3,1,0,2,0,0,1
273400.0,801000.0,35520.0,-11943,-2696,2,0,3,3,0,0,2,0,1,1
508100.0,1863800.0,119720.0,-12324,-5749,4,0,1,3,2,0,2,0,0,1
422300.0,1221000.0,70820.0,-21740,-4947,1,0,2,3,4,0,2,0,0,1
48300.0,187200.0,11400.0,-9619,-754,3,0,0,2,1,0,1,0,1,0
52600.0,147300.0,9500.0,-17413,-2301,1,0,3,3,1,0,2,0,1,1
176700.0,661400.0,34300.0,-8737,-292,4,1,3,3,1,0,1,1,1,1
106500.0,468800.0,26000.0,-20524,-455,2,0,3,3,2,0,2,0,0,1
122500.0,340200.0,14660.0,-13159,-37,1,0,3,3,1,0,2,0,1,0
128200.0,539100.0,29350.0,-15036,-1821,1,0,1,3,1,0,2,0,0,1
71400.0,301000.0,15210.0,-13671,-3409,2,0,3,3,0,0,2,0,1,0
91200.0,268200.0,12440.0,-22108,-234,2,0,0,3,1,0,2,0,1,1
106200.0,225900.0,13840.0,-8712,-540,1,0,1,3,2,0,3,0,1,0
187100.0,648200.0,38000.0,-8766,-385,1,0,2,3,0,0,3,0,1,0
54400.0,155200.0,9890.0,-17734,-10239,2,0,0,0,1,0,2,0,1,0
138200.0,348400.0,15280.0,-16030,-392,1,0,2,3,1,0,2,0,0,1
110200.0,291100.0,17500.0,-22346,-822,2,0,0,3,1,0,3,0,0,1
210500.0,821700.0,52930.0,-15843,-4648,1,0,3,0,1,0,3,1,0,0
296800.0,998700.0,57210.0,-14700,-431,3,0,1,0,3,0,1,0,1,0
135200.0,293300.0,16180.0,-12916,-36,4,0,3,3,1,0,2,0,0,1
189500.0,833700.0,48170.0,-9730,-113,3,0,3,3,3,0,1,0,1,1
253700.0,1006500.0,43540.0,-9208,-2395,1,0,3,3,1,0,2,0,0,1
122900.0,383100.0,18120.0,-16946,-76,1,0,0,0,3,0,1,0,1,1
199000.0,714200.0,31800.0,-21371,-5491,2,1,3,3,1,0,2,0,0,0
124800.0,450200.0,21670.0,-23228,-226,1,0,3,3,1,0,2,0,0,1
179400.0,578700.0,30700.0,-19919,-2458,2,0,0,3,1,0,3,0,0,1
144600.0,646000.0,30620.0,-11683,-754,2,0,2,3,4,1,3,0,0,0
197000.0,583800.0,28890.0,-17242,-406,1,0,3,3,1,0,2,0,0,1
160300.0,633400.0,36270.0,-11686,-1485,3,0,3,3,2,1,2,0,0,1
103100.0,264500.0,16770.0,-20672,-3105,2,0,0,1,1,0,2,0,0,1
95000.0,289300.0,16610.0,-17539,-241,2,0,3,0,1,3,2,0,0,0
263100.0,1150200.0,56100.0,-10827,-1359,4,0,3,3,4,0,2,1,0,1
95100.0,350200.0,19640.0,-9490,-2915,1,0,3,3,3,0,2,0,1,0
141300.0,381200.0,25580.0,-15504,-8929,3,0,1,0,1,0,3,0,0,0
96400.0,326200.0,15410.0,-12445,-4325,2,0,3,3,1,0,3,1,0,1
96700.0,273900.0,11790.0,-19922,-2818,2,0,0,3,1,0,2,0,0,1
181100.0,335700.0,19750.0,-19522,-489,2,0,3,0,3,3,2,0,0,1
156000.0,332900.0,16090.0,-13827,-50,1,0,3,3,1,0,3,0,0,1
338200.0,1433500.0,93520.0,-16501,-1305,2,0,3,3,1,0,2,0,0,1
135300.0,429800.0,27320.0,-11810,-36,2,0,0,3,1,0,2,1,0,0
84700.0,297600.0,15730.0,-19356,-8399,2,0,3,3,1,0,2,1,0,1
280000.0,1236700.0,80700.0,-16255,-1561,1,0,3,3,4,0,2,0,0,0
102000.0,391100.0,24050.0,-11383,-2057,2,0,3,0,1,0,2,0,1,0
111100.0,411700.0,26300.0,-18622,-5752,2,0,3,3,0,0,1,0,0,1
102500.0,196900.0,9900.0,-22787,-133,2,0,3,3,1,0,1,0,0,1
346700.0,1277500.0,75820.0,-18177,-2634,1,0,0,3,3,0,2,0,1,1
184000.0,516600.0,26500.0,-19277,-376,2,1,0,0,1,0,2,0,1,1
55600.0,201300.0,12200.0,-8075,-1500,2,1,0,3,3,0,2,1,0,0
209400.0,391400.0,24970.0,-14020,-3226,2,0,0,3,1,0,3,0,0,1
200000.0,486400.0,30700.0,-17209,-2604,2,1,3,3,1,1,2,0,1,1
99600.0,274400.0,12880.0,-10372,-487,1,1,0,3,1,1,3,1,0,0
308400.0,952600.0,42220.0,-16303,-36,2,0,3,3,1,0,2,1,0,1
134500.0,506600.0,29140.0,-13246,-82,1,0,3,3,1,0,1,0,0,1
245800.0,802600.0,41680.0,-12006,-3030,4,0,3,3,2,0,3,1,0,1
116700.0,356600.0,22840.0,-8863,-268,3,0,2,3,1,0,2,0,1,1
190100.0,637700.0,36480.0,-16657,-590,2,0,1,0,1,0,2,0,0,1
79100.0,347400.0,21830.0,-22311,-292,1,0,3,1,1,0,3,1,0,0
202100.0,821500.0,47580.0,-12822,-144,2,0,1,3,3,1,2,0,0,1
91900.0,346500.0,17760.0,-22034,-5053,4,0,3,3,1,0,3,1,1,0
420600.0,1278700.0,56860.0,-22331,-1245,4,0,3,0,1,0,2,0,0,1
147000.0,552700.0,25210.0,-14462,-428,1,0,3,3,1,0,3,0,1,1
195900.0,492600.0,27310.0,-12095,-668,2,0,1,3,1,2,2,0,0,1
326200.0,1057600.0,53840.0,-17987,-9896,2,0,2,0,1,0,2,1,1,0
155100.0,653900.0,29780.0,-17554,-1343,2,0,0,3,1,3,1,0,0,1
80900.0,221200.0,10970.0,-16994,-3525,3,0,3,3,1,0,2,0,1,1
341600.0,1379000.0,70630.0,-9982,-3407,4,0,3,3,1,0,2,0,1,0
176200.0,612200.0,32480.0,-20716,-4337,4,0,3,0,1,0,2,0,0,1
409400.0,1683100.0,110670.0,-10419,-2995,1,1,3,3,3,0,1,1,0,0
146600.0,617100.0,40920.0,-12933,-2192,3,0,0,3,1,1,2,0,1,0
293600.0,787500.0,37810.0,-19984,-36,2,0,3,3,1,0,2,0,0,0
60300.0,121300.0,6890.0,-11415,-36,2,0,2,3,1,0,2,0,0,1
352700.0,815800.0,37940.0,-18847,-1202,2,0,0,3,0,0,2,0,0,1
161900.0,521500.0,28950.0,-9603,-3028,2,0,3,0,3,0,2,1,0,1
181100.0,692400.0,36560.0,-22841,-2045,2,0,0,0,1,1,3,0,1,1
93500.0,219200.0,11360.0,-12182,-66,2,0,3,0,1,0,2,0,0,1
233500.0,511300.0,33580.0,-9931,-2647,2,0,3,3,1,0,1,0,1,0
127900.0,508600.0,33790.0,-19950,-2063,2,0,1,3,1,0,2,0,0,1
108000.0,358000.0,23850.0,-23260,-200,1,0,3,3,1,0,1,1,1,0
165800.0,504800.0,27770.0,-21727,-1136,1,0,0,0,1,0,2,0,1,0
126500.0,480600.0,26310.0,-8946,-2371,2,0,0,3,1,3,2,0,0,0
54400.0,158500.0,9670.0,-15986,-4941,2,0,1,3,2,0,2,0,0,1
141900.0,515500.0,22400.0,-18335,-54,1,0,1,3,1,0,1,0,0,0
77100.0,281000.0,15600.0,-13295,-164,3,0,3,3,1,0,3,1,0,1
159800.0,468900.0,22160.0,-16050,-1845,2,0,0,0,3,0,2,0,1,1
157000.0,297100.0,13290.0,-10113,-310,2,0,2,3,1,0,2,0,1,1
455100.0,943100.0,39840.0,-8470,-320,4,0,0,3,3,0,2,0,0,0
359200.0,818300.0,41140.0,-17846,-45,2,0,3,3,1,3,3,1,0,0
533100.0,1858000.0,85970.0,-9907,-1166,4,0,3,3,2,0,2,0,0,1
181500.0,681000.0,43340.0,-22580,-1749,2,0,1,0,1,0,1,1,1,1
199300.0,395900.0,24370.0,-8180,-1605,2,1,3,0,2,0,1,1,0,0
168200.0,575800.0,32020.0,-12768,-979,4,0,3,3,1,0,2,0,0,1
102200.0,231000.0,14340.0,-12015,-2679,2,1,1,3,1,0,1,0,0,0
201500.0,591300.0,27910.0,-17464,-659,1,0,3,3,1,0,2,1,0,1
143400.0,494400.0,33020.0,-17941,-1343,5,0,0,3,1,0,2,0,0,1
104800.0,370500.0,21280.0,-10565,-593,3,1,2,3,1,0,3,0,0,1
81800.0,179600.0,9050.0,-13350,-1087,1,0,0,3,1,0,2,0,1,1
129700.0,357900.0,23660.0,-18914,-874,3,0,3,3,1,0,3,0,0,1
121900.0,240300.0,11030.0,-9356,-899,2,0,0,3,4,0,1,0,0,0
145600.0,470500.0,19970.0,-9871,-3296,2,1,3,3,1,0,2,0,1,0
175000.0,504600.0,32430.0,-20887,-369,1,0,3,3,1,0,2,0,1,1
175600.0,545200.0,32160.0,-13694,-590,2,1,3,0,1,2,2,0,0,0
169500.0,378000.0,21860.0,-16941,-2014,2,0,3,1,1,0,2,0,1,0
119800.0,512100.0,21890.0,-18786,-464,1,0,1,3,1,0,1,0,0,1
60000.0,118000.0,5220.0,-11053,-47,2,0,3,0,2,0,3,0,0,0
48600.0,154100.0,10350.0,-12565,-304,2,0,2,1,3,0,2,0,0,0
71300.0,163000.0,9940.0,-16738,-839,1,0,0,3,1,0,2,0,0,1
193800.0,563800.0,34560.0,-17164,-730,3,0,2,1,1,0,2,0,1,1
84200.0,293400.0,17560.0,-15518,-3395,1,0,3,3,0,0,1,0,0,0
217900.0,819600.0,34630.0,-16492,-4334,2,0,3,3,3,0,3,1,1,1
233000.0,516700.0,21900.0,-16001,-1616,2,0,3,3,3,2,2,0,1,1
125800.0,366000.0,20870.0,-13188,-619,3,0,2,0,1,0,3,0,0,1
144900.0,550800.0,36620.0,-16277,-546,2,0,3,3,1,3,2,0,0,0
122000.0,272300.0,15390.0,-13787,-1381,2,1,3,3,1,3,2,0,1,1
363000.0,1070400.0,57340.0,-22949,-3230,1,0,1,3,1,0,2,0,0,1
183900.0,616900.0,38540.0,-12149,-738,1,1,1,3,1,0,3,0,0,1
128800.0,467600.0,22770.0,-14144,-4780,1,0,0,3,4,0,3,0,0,1
250900.0,570100.0,26340.0,-23612,-427,2,0,3,3,1,0,1,1,0,0
115600.0,328100.0,22250.0,-12265,-3833,1,0,0,3,1,0,2,0,1,1
142200.0,591800.0,29570.0,-8318,-1743,2,0,0,3,3,0,2,0,0,0
157500.0,328800.0,21690.0,-22339,-133,2,0,3,0,4,0,2,0,1,1
580400.0,1218500.0,55970.0,-19216,-2715,2,0,3,3,1,0,3,0,0,1
301500.0,1215900.0,78690.0,-8141,-1566,3,0,3,2,1,0,3,0,0,1
119700.0,296000.0,18110.0,-15622,-5069,4,0,3,3,1,0,3,0,1,0
181400.0,668800.0,38280.0,-8056,-1305,2,0,0,3,1,0,2,0,1,1
171500.0,536200.0,36230.0,-21564,-508,2,0,3,3,1,3,3,0,0,1
105400.0,362500.0,21150.0,-7730,-1155,1,0,3,3,1,0,3,0,0,0
67000.0,135400.0,8470.0,-21523,-2603,2,0,3,3,1,0,2,0,0,1
370500.0,1221700.0,68960.0,-23653,-118,1,0,3,1,1,0,2,0,1,0
169700.0,742200.0,44380.0,-16490,-7671,1,0,1,3,1,0,3,0,1,1
82600.0,176600.0,8950.0,-10464,-3890,1,1,3,2,1,0,1,0,1,0
407500.0,1477000.0,77360.0,-18725,-2002,5,0,3,3,3,0,2,0,1,0
100400.0,303400.0,13440.0,-18257,-2230,2,0,3,3,1,0,1,0,0,1
59200.0,264400.0,15850.0,-15869,-1636,1,0,3,0,1,0,3,0,1,1
82000.0,347300.0,16450.0,-19900,-1299,4,0,3,0,3,0,2,1,0,0
228500.0,676000.0,33960.0,-23307,-2323,1,0,3,3,1,0,2,1,0,0
180600.0,733600.0,38470.0,-15759,-5868,5,0,1,0,1,0,2,0,0,0
134100.0,485700.0,27700.0,-16554,-397,2,0,1,1,0,0,2,0,1,1
233300.0,1001800.0,43340.0,-23499,-1962,3,0,0,3,0,0,2,0,1,1
259500.0,488200.0,23530.0,-23530,-583,1,0,0,0,1,0,3,0,1,0
206500.0,759400.0,33300.0,-17708,-208,2,0,3,3,3,0,2,0,0,0
140200.0,444700.0,25240.0,-9187,-1184,1,0,0,3,1,2,2,0,1,0
153700.0,387000.0,16610.0,-11773,-90,1,0,3,0,3,0,2,0,0,0
105700.0,379000.0,25420.0,-16584,-4045,1,0,3,3,1,0,2,0,1,1
163300.0,528300.0,35670.0,-17918,-875,2,0,2,3,1,0,2,1,0,0
95800.0,203300.0,8770.0,-22260,-159,2,0,0,3,1,0,2,0,0,1
103000.0,371000.0,24190.0,-21663,-590,3,0,0,0,1,0,1,1,0,1
175100.0,336400.0,18930.0,-11532,-1907,2,0,0,3,1,0,3,0,0,1
164400.0,557400.0,37630.0,-11935,-390,1,0,1,3,1,0,2,0,0,0
74200.0,228600.0,13290.0,-16353,-368,1,0,1,0,2,0,2,0,0,1
233600.0,967300.0,53400.0,-16440,-1124,4,0,3,3,1,0,1,0,0,0
188100.0,498400.0,30890.0,-11340,-4765,2,0,0,3,1,0,3,0,1,1
193900.0,434400.0,21190.0,-20621,-646,5,0,1,3,1,0,2,0,0,1
317400.0,716200.0,47100.0,-14705,-4636,3,0,0,0,1,0,2,0,0,1
235000.0,845500.0,43030.0,-11876,-162,2,1,1,0,0,1,2,0,0,1
45000.0,111200.0,7080.0,-19511,-311,2,0,3,3,1,0,1,0,0,1
152800.0,336200.0,14880.0,-19258,-2390,2,0,1,3,1,0,3,0,0,0
70600.0,244300.0,15240.0,-7985,-1410,2,1,3,2,2,0,3,1,0,1
194400.0,501000.0,25780.0,-17894,-1686,3,0,3,3,1,0,3,0,0,1
192000.0,703700.0,39960.0,-21166,-733,2,0,3,3,3,0,1,0,1,1
168800.0,483800.0,23240.0,-10005,-3431,5,0,0,3,1,0,2,0,0,1
118400.0,355400.0,18570.0,-12308,-898,2,0,0,0,1,0,2,1,0,0
98100.0,236500.0,15240.0,-12258,-3488,1,0,3,3,1,0,2,0,1,1
150500.0,612500.0,33380.0,-20244,-7009,4,0,0,3,1,0,2,0,0,1
222600.0,911100.0,59460.0,-9498,-1906,1,1,1,3,1,0,2,0,0,1
207700.0,684100.0,42820.0,-16421,-646,2,0,3,3,0,3,3,0,1,1
165100.0,727300.0,31190.0,-10669,-1889,1,0,0,0,3,0,2,0,1,0
193800.0,780100.0,34170.0,-17712,-1778,2,0,3,3,1,0,2,0,0,0
421000.0,764200.0,49680.0,-19122,-1438,3,0,3,1,1,0,2,0,1,1
65700.0,226700.0,10960.0,-10054,-2002,2,0,3,3,1,0,2,0,0,0
87200.0,175300.0,9770.0,-19671,-1055,3,0,3,3,1,0,2,0,0,1
180800.0,681200.0,31610.0,-8959,-2385,1,0,3,0,1,0,2,0,1,1
249700.0,753400.0,41230.0,-16859,-2689,1,0,3,3,1,0,1,0,0,1
231800.0,614500.0,39940.0,-8182,-58,1,0,3,3,3,3,1,1,0,1
164900.0,521000.0,29640.0,-7693,-1119,2,0,3,3,1,0,2,0,0,0
158500.0,441500.0,29130.0,-9620,-1080,2,0,0,0,1,0,2,0,0,1
176500.0,584800.0,35750.0,-23180,-497,1,0,0,3,0,0,2,0,0,1
283900.0,1158100.0,66410.0,-23669,-669,2,0,1,3,1,0,3,0,1,1
115100.0,350400.0,20600.0,-11376,-2988,1,0,3,3,0,0,2,0,0,1
52800.0,151900.0,8930.0,-15068,-573,2,0,0,0,1,0,2,0,0,1
112200.0,263900.0,15280.0,-23068,-635,2,0,0,3,1,0,2,1,0,1
152300.0,327600.0,20110.0,-23590,-1705,3,0,1,3,1,0,3,1,0,1
163400.0,473900.0,20170.0,-16009,-212,5,0,3,0,1,2,2,0,0,1
247600.0,815000.0,52760.0,-22112,-377,2,0,3,3,2,0,2,1,0,1
162300.0,420500.0,28520.0,-11645,-1516,4,0,3,3,1,0,3,1,1,0
66500.0,241400.0,10690.0,-19200,-3811,1,0,3,0,3,0,2,1,0,1
88000.0,387600.0,17550.0,-22874,-397,2,0,2,3,1,0,2,0,0,0
92400.0,352900.0,21840.0,-10039,-468,2,1,3,3,3,0,2,0,1,1
178800.0,557000.0,24020.0,-18935,-231,1,0,3,3,3,0,3,1,0,1
317900.0,1163600.0,58040.0,-10417,-1489,2,0,3,3,1,0,3,0,0,1
175000.0,762300.0,40110.0,-13140,-128,1,1,1,1,2,0,2,1,0,1
97100.0,228300.0,10770.0,-13463,-36,2,0,3,3,3,3,2,0,0,0
128900.0,440500.0,29380.0,-21336,-114,3,0,0,3,1,0,2,0,0,1
118500.0,307900.0,15540.0,-19070,-5285,3,0,3,0,1,0,3,0,1,0
163100.0,592300.0,27620.0,-11629,-1070,2,0,3,0,1,0,2,0,0,1
314300.0,900200.0,60650.0,-22094,-62,4,0,3,1,1,0,2,0,1,1
387700.0,1088900.0,46240.0,-15828,-723,2,0,3,3,1,0,2,0,0,1
88900.0,202100.0,10610.0,-20536,-909,2,0,3,2,1,0,3,0,0,1
70900.0,181100.0,12130.0,-8511,-479,2,1,0,1,3,0,2,0,0,0
273200.0,1035000.0,58070.0,-7927,-103,2,0,3,3,2,0,1,0,0,0
87300.0,330200.0,21190.0,-18516,-297,1,0,3,3,4,0,2,0,0,1
209700.0,821000.0,51180.0,-10429,-169,1,0,0,3,3,0,2,1,0,0
150100.0,633900.0,31100.0,-22170,-2429,4,0,0,3,2,0,2,0,0,1
141300.0,285500.0,13800.0,-14267,-7693,1,1,0,3,4,0,2,0,0,1
131000.0,423900.0,21630.0,-10635,-4061,1,0,3,3,1,0,2,0,0,1
171300.0,399500.0,23120.0,-14190,-999,2,0,3,3,1,0,3,0,0,0
103800.0,313900.0,15500.0,-20036,-162,2,0,1,3,4,0,2,0,1,0
184300.0,828200.0,38690.0,-14147,-70,2,0,3,0,1,3,2,0,0,1
111800.0,306600.0,18780.0,-18184,-2029,2,0,3,3,1,1,2,0,0,1
194700.0,470600.0,30770.0,-17001,-221,2,0,1,3,1,0,1,1,0,1
90900.0,230500.0,14710.0,-19801,-3837,3,0,1,3,1,0,2,0,0,0
196800.0,523000.0,26390.0,-22715,-3193,4,0,1,3,1,0,2,1,1,0
121700.0,308500.0,14350.0,-19868,-675,2,0,3,3,1,0,2,0,0,1
126600.0,566300.0,27740.0,-19447,-893,2,0,1,3,1,0,2,0,0,0
189000.0,712200.0,47090.0,-8933,-1545,2,1,2,0,1,0,2,1,0,1
196400.0,700800.0,36350.0,-9682,-681,2,0,3,3,3,3,2,0,1,1
243000.0,611800.0,28730.0,-20058,-456,3,0,3,0,0,0,2,0,0,1
177100.0,319400.0,20310.0,-19371,-2061,3,0,3,0,1,0,1,0,0,0
256100.0,1028300.0,48000.0,-7812,-1079,4,0,3,0,1,3,2,0,0,1
45000.0,128700.0,7970.0,-16608,-1962,2,0,0,3,1,0,2,1,1,1
135500.0,487900.0,27330.0,-16360,-2672,3,0,3,3,1,0,2,0,0,0
153900.0,449300.0,29670.0,-10874,-1429,2,0,0,0,3,0,2,0,0,1
328400.0,992400.0,64180.0,-8296,-447,1,0,2,3,1,3,3,0,1,0
219000.0,557900.0,23480.0,-13239,-88,1,0,3,0,1,0,2,0,1,0
103300.0,373200.0,21210.0,-17394,-2237,2,0,3,3,1,0,2,1,1,1
211100.0,775100.0,33380.0,-13259,-2212,2,0,3,3,1,0,1,0,0,1
141500.0,415900.0,17930.0,-7875,-1300,1,1,3,3,3,0,2,0,0,1
73500.0,278300.0,15630.0,-22051,-2180,1,0,3,3,1,0,2,0,0,0
315900.0,807600.0,41560.0,-9890,-272,4,0,3,3,1,0,2,0,1,1
179900.0,371000.0,23380.0,-17157,-176,2,0,1,3,1,0,1,0,0,1
102100.0,333000.0,21790.0,-20719,-1546,2,1,3,3,1,0,2,0,0,1
166200.0,363000.0,19730.0,-22466,-1629,1,0,3,3,1,0,2,0,1,0
329900.0,1154800.0,60140.0,-8587,-2012,1,0,3,0,1,0,3,1,0,1
107500.0,308200.0,15870.0,-15035,-5602,3,0,0,0,0,2,1,0,0,1
190400.0,730200.0,35790.0,-11889,-3599,3,0,3,0,1,0,2,0,1,1
89700.0,243600.0,11660.0,-10941,-2371,3,0,3,3,1,0,2,0,1,1
247900.0,1047600.0,61660.0,-9961,-1392,2,0,1,3,1,0,2,0,0,1
69400.0,279100.0,18140.0,-15772,-812,4,0,3,3,1,0,2,0,1,0
91600.0,326700.0,19700.0,-19895,-1913,2,0,1,0,1,0,2,0,1,0
160000.0,409800.0,20170.0,-20172,-3767,2,0,0,3,4,0,3,0,0,1
138300.0,345200.0,19400.0,-9551,-963,5,0,3,3,0,0,2,0,0,1
171900.0,454300.0,21180.0,-14524,-1789,3,0,0,0,1,0,3,1,0,0
107500.0,241600.0,12240.0,-15922,-1278,3,1,3,3,2,0,3,1,1,1
239600.0,1042500.0,51760.0,-21709,-511,1,1,3,3,3,0,2,0,0,1
113000.0,430600.0,20060.0,-16308,-1284,3,0,3,3,1,0,2,0,0,1
90100.0,198800.0,12380.0,-18825,-1311,3,0,3,0,3,0,1,0,0,0
137600.0,519700.0,25670.0,-19745,-747,4,1,3,0,1,0,3,0,0,0
247300.0,514800.0,27010.0,-17611,-1812,2,0,3,3,1,0,2,1,1,1
121000.0,238100.0,13620.0,-15371,-708,1,0,3,3,1,0,3,0,0,1
264900.0,771600.0,43950.0,-11424,-304,4,0,2,2,1,0,1,0,1,1
54600.0,113300.0,5290.0,-22198,-1792,1,0,0,0,1,0,3,0,1,0
245500.0,1087700.0,60220.0,-16902,-124,2,0,0,0,1,0,1,0,0,1
136600.0,597600.0,30480.0,-14400,-152,1,0,0,3,3,0,1,0,1,1
213200.0,515400.0,21970.0,-12140,-680,1,0,3,3,1,0,2,0,1,1
74800.0,192100.0,9420.0,-22246,-278,2,0,1,3,1,0,3,0,0,1
229600.0,558100.0,35660.0,-14157,-133,3,0,3,3,1,0,1,0,0,0
212700.0,531900.0,29530.0,-13403,-5873,1,0,3,3,3,0,3,0,0,0
93800.0,293600.0,18010.0,-11074,-2997,1,0,3,3,3,0,2,0,0,0
258300.0,873900.0,58480.0,-12077,-5138,1,0,3,3,1,0,2,0,0,0
63900.0,187500.0,8550.0,-16953,-1720,2,0,3,1,1,0,3,0,0,1
129800.0,425600.0,22620.0,-20459,-381,4,1,1,3,3,0,3,0,0,0
106900.0,273400.0,11790.0,-18267,-5786,2,0,3,2,1,0,2,0,0,0
167500.0,738900.0,32900.0,-18103,-136,1,0,3,3,1,0,3,0,0,0
150000.0,285800.0,13280.0,-22792,-2034,2,0,0,0,1,0,3,0,0,1
72900.0,319500.0,17210.0,-21918,-1960,2,0,3,0,1,0,2,0,1,1
139000.0,378400.0,16050.0,-13381,-878,2,1,3,3,2,0,3,0,1,0
251200.0,713900.0,46950.0,-14986,-5218,1,0,3,3,3,0,2,0,0,1
180400.0,723100.0,46490.0,-23458,-1181,2,0,3,0,1,0,2,0,0,0
134000.0,555500.0,31960.0,-15034,-643,4,1,1,3,1,3,2,0,0,0
148800.0,285000.0,14880.0,-15875,-1327,1,0,1,3,3,0,2,0,0,1
141000.0,522100.0,32820.0,-20912,-619,2,0,1,3,1,0,2,0,0,1
110300.0,221200.0,10840.0,-9535,-36,1,0,1,3,1,0,2,1,0,0
118200.0,374700.0,23750.0,-10267,-1203,1,1,3,3,1,0,2,0,0,1
254900.0,848700.0,49400.0,-23195,-988,2,0,3,3,1,0,2,0,0,1
100700.0,415800.0,18290.0,-14595,-269,2,0,3,3,1,0,1,0,0,1
123700.0,248600.0,15700.0,-11742,-669,1,0,1,3,1,1,3,0,0,1
89000.0,237700.0,16090.0,-12858,-454,3,0,3,3,0,0,2,0,0,1
101200.0,216400.0,11030.0,-12006,-525,2,0,0,0,1,0,2,0,0,0
123500.0,258200.0,12870.0,-12261,-432,3,1,3,3,1,0,1,0,0,1
175400.0,468800.0,21640.0,-17006,-606,2,0,0,3,0,0,2,1,0,1
174100.0,598700.0,25160.0,-14122,-3587,3,0,1,2,3,0,2,0,0,0
103500.0,409900.0,22700.0,-9966,-1724,5,0,3,3,1,0,1,0,1,1
90600.0,356300.0,19080.0,-16787,-1534,2,0,1,0,1,0,3,0,1,1
73100.0,206000.0,13810.0,-7690,-1116,2,0,1,3,3,0,2,0,0,0
254200.0,1101300.0,60280.0,-11201,-2610,1,0,3,3,2,0,2,1,0,1
85400.0,344300.0,22030.0,-8537,-533,2,0,3,3,1,0,2,0,0,0
339000.0,614500.0,30420.0,-15051,-1096,1,1,3,3,1,0,3,0,1,1
250600.0,1084000.0,70900.0,-17364,-36,4,0,3,2,1,1,3,0,1,1
349500.0,1113300.0,69420.0,-16519,-650,2,0,3,0,1,0,2,0,0,0
170600.0,434000.0,23270.0,-12488,-72,3,0,1,3,1,0,2,0,0,1
278500.0,1001600.0,61330.0,-12888,-248,3,0,3,2,1,0,2,0,1,1
392000.0,1484500.0,69360.0,-21477,-1349,2,0,1,3,1,1,2,0,1,1
177400.0,576800.0,30260.0,-10588,-1101,2,1,2,0,0,0,2,0,0,1
79800.0,176700.0,7650.0,-11799,-363,2,0,0,3,1,2,2,0,1,1
211500.0,921200.0,50460.0,-17856,-1628,2,0,3,0,2,0,1,0,0,1
102700.0,390300.0,23770.0,-22868,-6368,2,0,3,3,1,0,1,0,0,1
45000.0,155300.0,9710.0,-15187,-928,3,0,0,0,1,0,1,0,1,1
281400.0,562600.0,27140.0,-11621,-195,4,0,3,3,1,0,2,0,0,1
169100.0,516800.0,33090.0,-16114,-4905,2,0,0,3,1,0,2,1,0,1
109300.0,404100.0,20470.0,-11470,-1998,3,0,3,3,0,0,2,1,0,1
213200.0,609500.0,36580.0,-10101,-958,2,0,0,3,1,3,2,0,1,1
248500.0,760300.0,44240.0,-11724,-1457,2,0,3,3,1,0,1,0,0,1
157700.0,460200.0,29240.0,-14844,-135,2,0,0,3,1,0,2,0,1,1
180700.0,568700.0,36830.0,-9614,-185,4,0,0,0,3,0,2,0,0,1
131600.0,240300.0,10990.0,-11424,-1389,3,0,0,1,1,0,2,0,0,1
117200.0,319300.0,14870.0,-8296,-636,2,0,3,3,1,0,2,0,0,1
127800.0,494500.0,21380.0,-10740,-539,2,1,1,1,1,0,2,0,1,1
62200.0,123700.0,5530.0,-15924,-148,1,0,3,0,1,0,2,0,0,1
114700.0,431400.0,19330.0,-21184,-2182,1,0,3,3,2,0,3,0,0,1
168700.0,429400.0,24290.0,-23680,-7906,2,1,3,3,3,0,3,0,0,0
125500.0,470900.0,26050.0,-12058,-699,3,0,1,3,3,0,1,0,0,0
102300.0,264500.0,11380.0,-21799,-3024,1,0,3,0,1,0,2,1,1,1
273100.0,1159300.0,69870.0,-10961,-1144,3,0,1,0,1,0,2,1,1,0
72500.0,236100.0,10540.0,-8452,-938,4,0,3,3,1,0,3,0,0,1
82300.0,193800.0,12250.0,-13602,-918,2,0,3,3,1,0,3,0,1,1
130000.0,420300.0,23690.0,-14282,-3044,1,0,3,3,1,0,2,0,1,1
78300.0,332500.0,21530.0,-21836,-830,2,0,0,3,1,2,2,0,0,0
97700.0,182800.0,8970.0,-11725,-684,1,0,3,0,4,0,2,0,0,1
127600.0,437700.0,18830.0,-15983,-238,1,0,3,0,0,0,2,0,1,1
99300.0,382300.0,20270.0,-19619,-3667,1,1,3,3,3,0,2,0,1,1
234900.0,703100.0,41660.0,-21600,-1274,1,0,2,3,1,0,1,1,0,1
345900.0,1509100.0,87510.0,-9911,-139,2,0,3,0,1,0,2,0,0,0
353200.0,791400.0,37980.0,-22783,-1333,2,0,0,3,1,1,3,0,0,0
96500.0,220700.0,9660.0,-18425,-1457,2,0,3,0,1,1,2,1,0,1
130900.0,365300.0,23790.0,-18710,-1019,2,0,1,3,3,0,2,0,1,1
215700.0,516200.0,33740.0,-16946,-2136,5,1,0,3,1,0,1,1,0,1
156100.0,687200.0,36920.0,-13491,-2542,3,0,2,3,3,0,2,0,0,1
301700.0,1115400.0,71270.0,-23145,-72,1,1,3,3,1,0,2,0,0,1
109800.0,409300.0,20980.0,-15003,-1649,1,0,1,0,1,0,2,0,0,1
58600.0,226400.0,14240.0,-15510,-516,1,0,3,2,1,2,2,0,0,0
186400.0,621200.0,41820.0,-11619,-75,3,0,3,3,1,0,2,1,0,1
149400.0,334500.0,16100.0,-16306,-324,4,1,1,3,3,0,1,0,1,1
166500.0,486900.0,32940.0,-7861,-91,3,0,0,3,0,0,3,0,0,1
101700.0,400900.0,17140.0,-23123,-1384,1,0,3,3,3,0,2,1,0,1
143500.0,425300.0,23690.0,-19146,-620,4,0,3,3,3,0,2,0,0,1
194500.0,651500.0,37490.0,-14586,-1014,2,0,3,3,3,0,1,0,1,1
87400.0,282500.0,16200.0,-18891,-742,2,0,3,3,1,0,2,0,0,1
161200.0,530500.0,30460.0,-13084,-504,3,0,3,0,1,0,2,1,1,0
165400.0,585900.0,39130.0,-22685,-54,3,0,0,3,1,0,2,1,1,1
58000.0,226600.0,10450.0,-13263,-2012,1,0,0,3,1,1,2,0,0,0
87400.0,357200.0,15860.0,-8273,-1680,3,0,3,3,1,3,3,0,0,1
168600.0,660100.0,34770.0,-20565,-811,2,0,0,3,1,0,3,0,0,1
97700.0,260700.0,16170.0,-13865,-1251,3,0,0,3,0,2,1,0,0,1
440300.0,1164500.0,54910.0,-20147,-286,2,0,0,3,0,0,2,0,1,0
151700.0,518300.0,32940.0,-17449,-216,2,0,3,3,1,3,2,0,0,1
57600.0,229000.0,13620.0,-13529,-1012,2,0,1,3,1,0,2,0,0,1
217900.0,813500.0,34710.0,-22530,-2254,2,0,3,3,0,0,2,0,1,0
108100.0,343800.0,15610.0,-20694,-1323,1,0,1,1,1,0,1,1,1,0
105600.0,325000.0,19970.0,-11795,-2926,2,1,3,0,2,0,1,1,1,0
62800.0,184000.0,8970.0,-20889,-65,2,1,0,0,1,0,2,0,0,1
100700.0,378400.0,23270.0,-18485,-1765,2,0,0,3,1,0,3,0,1,0
259900.0,681100.0,41430.0,-13885,-4640,2,0,3,3,2,0,3,0,1,1
48400.0,99200.0,6720.0,-8317,-688,2,0,3,3,1,0,2,0,1,0
151100.0,545400.0,26740.0,-10628,-4054,1,0,2,0,1,0,2,0,0,1
160300.0,447800.0,20970.0,-14705,-282,1,0,3,3,3,0,2,0,0,1
91600.0,173900.0,11600.0,-14303,-1975,2,0,0,0,4,0,2,0,0,1
168500.0,476200.0,27700.0,-19202,-537,2,0,3,1,3,0,3,0,0,1
109100.0,268100.0,15610.0,-19197,-2348,3,0,3,3,0,0,2,0,1,1
133100.0,361200.0,16400.0,-22508,-2227,4,0,1,0,3,1,1,0,1,1
143500.0,558000.0,28880.0,-17569,-2059,2,0,1,3,1,0,2,0,0,0
281500.0,679900.0,41170.0,-11437,-1247,1,0,0,3,1,0,2,0,0,0
123500.0,264800.0,17810.0,-17916,-1179,1,0,3,3,1,0,2,0,1,0
219400.0,917100.0,48690.0,-19896,-1261,2,0,2,3,3,0,2,1,0,0
169500.0,452700.0,30250.0,-12885,-1806,3,0,0,3,1,0,2,0,0,1
177900.0,551200.0,31240.0,-12796,-3239,2,0,3,3,3,3,2,0,0,1
657600.0,2093200.0,104390.0,-19575,-5437,2,0,3,3,2,0,3,0,0,1
68800.0,209900.0,13230.0,-9708,-1472,3,0,0,3,3,0,2,0,0,1
436100.0,1227400.0,52930.0,-14972,-1985,2,0,0,0,1,0,2,0,0,1
235700.0,836600.0,50030.0,-12073,-1264,3,1,3,0,1,0,2,0,1,1
290100.0,649200.0,32680.0,-19962,-1453,2,1,1,3,1,0,1,0,1,0
117000.0,423800.0,27890.0,-18498,-266,2,0,3,3,1,0,2,0,0,1
107000.0,273700.0,16250.0,-23696,-1169,2,0,3,2,1,0,1,0,1,1
169200.0,400100.0,23180.0,-10690,-182,2,0,1,3,1,0,2,1,0,1
206500.0,425500.0,20550.0,-22943,-689,2,0,3,3,1,0,3,0,0,1
108500.0,396500.0,20660.0,-13563,-284,2,0,0,3,1,0,2,0,0,1
154600.0,694500.0,40440.0,-23667,-386,2,1,1,3,3,3,2,0,0,0
179700.0,562000.0,34150.0,-10475,-1412,3,0,3,3,3,3,1,0,0,0
179800.0,453100.0,28150.0,-20131,-127,1,0,3,0,3,0,2,0,0,1
101200.0,428200.0,18960.0,-18985,-1336,1,0,3,3,1,0,2,0,0,1
198400.0,552300.0,27260.0,-21728,-799,5,0,1,0,1,1,1,0,0,0
111900.0,229700.0,10600.0,-23536,-1100,2,0,1,3,3,3,2,0,0,1
194800.0,387600.0,25300.0,-12557,-1023,1,0,3,3,0,0,3,0,0,1
224200.0,452700.0,30230.0,-12952,-3609,3,0,2,3,3,0,3,0,0,1
215700.0,897700.0,58010.0,-15132,-3386,4,0,3,0,1,0,3,0,1,1
126800.0,375500.0,25290.0,-19606,-5130,2,0,1,0,0,0,3,0,1,1
246300.0,734900.0,39650.0,-8031,-904,2,0,0,3,3,0,2,0,0,0
163100.0,507500.0,30980.0,-20607,-4472,2,0,1,3,1,0,3,0,0,1
49900.0,181700.0,9230.0,-13052,-2498,2,0,0,3,1,0,2,0,1,1
78300.0,332900.0,14180.0,-14899,-1623,3,0,3,3,2,0,3,0,0,1
125300.0,514300.0,32240.0,-22997,-702,2,0,1,3,1,2,2,0,0,1
126500.0,496100.0,20900.0,-13403,-2418,2,0,3,3,1,2,3,0,0,1
112600.0,248300.0,13670.0,-10458,-3884,3,0,3,0,0,0,2,0,1,1
103400.0,258000.0,14700.0,-12074,-1813,2,0,0,3,1,0,2,1,0,1
219200.0,895300.0,42030.0,-22832,-2336,2,0,1,3,3,0,2,0,0,1
83900.0,376000.0,18620.0,-17337,-922,2,0,1,3,1,0,2,1,0,0
117100.0,447900.0,27720.0,-15687,-76,1,0,3,1,1,1,2,0,0,1
126200.0,381400.0,21750.0,-15755,-251,2,0,2,3,3,0,2,0,0,1
237300.0,490600.0,28280.0,-16919,-1821,2,0,0,3,0,2,1,1,0,1
156700.0,630400.0,26590.0,-19446,-2153,1,0,2,3,1,0,2,0,0,0
52300.0,132500.0,6050.0,-12924,-676,2,0,3,0,1,0,3,0,0,0
142000.0,322200.0,15760.0,-21554,-1329,2,0,0,3,1,0,2,0,0,1
107100.0,448000.0,29350.0,-14871,-1011,1,0,0,3,1,0,1,0,0,1
82300.0,330800.0,18850.0,-19999,-245,2,0,1,3,1,0,3,0,0,1
154900.0,616300.0,30760.0,-11436,-716,2,0,2,3,1,0,1,0,0,0
114700.0,258100.0,14130.0,-17237,-1606,2,0,0,2,1,0,2,0,1,1
251200.0,942300.0,47470.0,-9703,-360,3,0,1,0,0,0,2,1,1,1
178300.0,476200.0,24030.0,-21629,-776,3,0,3,3,1,0,2,0,0,0
191100.0,677900.0,31820.0,-13750,-3888,1,1,3,1,0,1,2,0,1,1
85600.0,287700.0,14230.0,-12269,-2403,3,0,0,3,1,0,2,1,0,1
247100.0,531000.0,28140.0,-18354,-253,1,0,3,3,1,0,2,1,0,0
87600.0,203600.0,11280.0,-13089,-1222,2,0,3,3,1,0,2,0,0,1
129100.0,373800.0,22460.0,-16578,-5776,2,0,3,3,1,0,2,0,0,1
273400.0,742900.0,48920.0,-12713,-36,3,0,3,0,1,0,2,0,1,1
129300.0,320900.0,20060.0,-22600,-272,1,0,3,3,1,0,1,0,1,1
151500.0,581200.0,29230.0,-13894,-2652,1,0,3,3,1,0,3,1,0,1
80500.0,298300.0,16510.0,-13928,-5004,3,0,1,3,1,0,2,1,0,1
116500.0,266100.0,14400.0,-19544,-1157,2,1,3,0,1,0,1,0,0,0
176900.0,379200.0,19410.0,-7859,-307,2,0,0,3,1,0,2,0,0,0
182500.0,381800.0,19440.0,-7673,-724,4,0,0,0,1,0,3,0,0,1
126400.0,342500.0,20880.0,-16236,-1753,2,0,0,3,3,2,2,1,1,1
183700.0,462800.0,25070.0,-12256,-2515,2,0,2,3,1,0,3,0,0,1
466500.0,1296600.0,56840.0,-10107,-2967,3,0,3,0,0,0,2,0,0,0
223600.0,888100.0,43270.0,-15128,-4745,1,0,1,3,1,0,1,1,0,0
200800.0,686500.0,44100.0,-8907,-2332,2,0,3,3,1,0,2,0,0,0
105600.0,355300.0,22480.0,-11497,-1015,1,0,3,3,3,0,3,0,0,1
82500.0,173600.0,8390.0,-16148,-203,3,0,1,3,1,0,2,0,0,0
160500.0,522100.0,31790.0,-9744,-3169,4,0,3,3,1,0,2,0,0,1
127600.0,290400.0,16150.0,-20891,-95,3,0,0,3,4,0,2,0,0,0
85900.0,363500.0,16680.0,-12895,-337,2,0,0,3,1,0,1,0,0,0
179500.0,339400.0,17950.0,-10113,-182,2,0,0,3,1,3,2,0,0,1
163200.0,413500.0,27320.0,-14693,-224,2,0,1,0,1,0,2,0,0,1
137800.0,496500.0,22450.0,-14879,-2955,1,1,1,3,1,0,2,0,0,0
157300.0,291500.0,18030.0,-14154,-489,2,0,3,0,1,0,2,0,0,1
102100.0,299300.0,18060.0,-22090,-7856,1,0,3,3,1,2,1,1,1,1
114000.0,349800.0,16050.0,-13867,-574,4,0,0,0,1,0,2,0,0,1
155100.0,529500.0,31420.0,-12260,-389,1,0,2,0,1,0,3,0,0,0
95600.0,257600.0,14700.0,-20969,-378,1,0,3,3,4,1,2,0,0,1
446600.0,1244900.0,81650.0,-19693,-54,2,0,2,3,1,0,2,0,0,1
191800.0,451100.0,23390.0,-19077,-963,5,0,0,3,1,0,3,0,1,0
214900.0,817100.0,36250.0,-13779,-366,2,1,2,3,2,3,2,0,0,1
173900.0,514100.0,27310.0,-12547,-1870,4,0,3,3,1,3,2,0,0,1
141600.0,361700.0,24170.0,-19956,-4772,2,0,1,0,1,0,3,1,0,0
128000.0,327100.0,16250.0,-20269,-2299,2,0,0,3,3,0,3,0,1,1
116000.0,406900.0,19530.0,-12821,-1286,2,0,3,3,1,0,1,0,1,1
172800.0,524300.0,28060.0,-20085,-878,5,0,3,3,2,0,2,0,0,1
148700.0,570200.0,27340.0,-15469,-67,2,0,3,3,1,0,1,0,0,1
146800.0,412900.0,28020.0,-8867,-1226,2,1,3,3,3,0,3,0,0,0
347200.0,885300.0,37840.0,-13826,-683,3,1,1,0,1,0,3,0,1,1
85600.0,213100.0,13090.0,-19827,-450,2,0,0,3,3,0,1,0,0,1
127800.0,266200.0,11850.0,-15598,-3698,1,0,1,3,1,0,2,0,0,0
164400.0,588900.0,39590.0,-10753,-343,2,0,0,0,1,0,3,1,1,1
81100.0,223700.0,14670.0,-19981,-2077,4,0,3,3,1,0,2,1,1,1
156800.0,417600.0,26930.0,-11399,-2271,3,0,3,3,1,0,2,0,0,1
352200.0,960800.0,41240.0,-10276,-808,2,0,2,3,1,0,3,0,0,0
150300.0,488600.0,28490.0,-17074,-226,2,0,0,3,1,0,1,0,1,0
420200.0,1528600.0,98830.0,-10016,-247,2,0,0,3,0,0,2,0,0,1
173000.0,678600.0,35940.0,-14317,-1861,2,0,3,3,1,0,2,0,0,1
138900.0,285500.0,17850.0,-8195,-1620,4,0,2,3,1,1,2,0,0,1
158100.0,624600.0,31860.0,-15934,-836,1,0,3,3,1,0,2,1,0,1
180100.0,425400.0,23160.0,-21719,-4858,2,0,3,0,1,0,2,0,0,1
99300.0,316600.0,18990.0,-18019,-1180,1,0,0,3,1,0,3,1,0,0
125100.0,539700.0,24960.0,-16899,-4760,4,1,3,2,0,0,1,0,1,1
166500.0,545000.0,29510.0,-23550,-770,2,0,0,0,1,0,2,0,0,1
174400.0,354900.0,15270.0,-11602,-5027,3,0,2,0,2,0,2,0,1,1
237300.0,941700.0,47000.0,-16706,-2019,3,0,3,3,3,0,3,0,0,1
97000.0,434800.0,21700.0,-14541,-36,2,1,3,0,1,3,2,0,0,1
192600.0,840000.0,39760.0,-20890,-3759,2,0,3,3,1,0,3,0,1,0
86200.0,357500.0,21700.0,-8671,-85,3,0,1,0,1,0,2,1,0,1
173400.0,668300.0,29580.0,-8062,-36,2,0,0,3,3,0,1,1,0,1
168900.0,442500.0,29160.0,-20883,-1835,2,0,3,3,0,0,2,0,0,1
189700.0,787400.0,46690.0,-12150,-3106,2,0,3,3,1,0,3,0,0,0
93300.0,298600.0,15910.0,-19832,-6083,1,0,3,3,1,0,3,0,0,1
207800.0,405400.0,21790.0,-11792,-2218,2,0,3,3,1,0,2,1,0,1
136800.0,403500.0,25810.0,-13484,-452,4,0,3,3,2,0,2,0,1,1
56100.0,205200.0,10190.0,-17420,-4112,3,0,3,3,1,0,2,0,1,1
109200.0,349200.0,15070.0,-13366,-769,1,0,0,3,1,0,2,0,1,0
52500.0,184200.0,11880.0,-17439,-1019,3,0,0,3,1,0,2,0,1,1
204200.0,559200.0,34660.0,-23401,-808,1,0,0,3,4,0,2,1,0,1
122800.0,496800.0,29240.0,-11507,-4933,2,0,3,3,3,0,1,0,0,0
79700.0,181300.0,11300.0,-21036,-1121,2,1,3,3,1,0,2,0,1,1
215500.0,839600.0,35480.0,-16483,-493,1,0,3,3,1,0,2,0,1,0
125300.0,296000.0,14160.0,-23233,-3664,3,0,1,3,1,0,3,0,1,0
275900.0,581100.0,33220.0,-10699,-997,1,0,2,3,1,0,2,0,0,0
150300.0,381800.0,19640.0,-20652,-590,5,0,3,0,1,0,3,0,0,1
163700.0,579900.0,38440.0,-19682,-1127,4,0,1,3,2,0,3,0,1,1
173800.0,337700.0,15570.0,-13760,-2438,2,0,1,3,1,0,3,0,1,1
108300.0,279900.0,14350.0,-17036,-1298,1,0,3,3,1,0,3,1,0,1
320900.0,705000.0,38600.0,-18102,-447,2,0,1,0,1,0,1,1,0,1
288500.0,789200.0,41280.0,-8083,-1288,3,0,3,1,4,3,2,1,1,0
88000.0,374900.0,24670.0,-12633,-643,2,0,2,3,1,0,2,0,0,0
216800.0,971900.0,40940.0,-21910,-2007,1,0,3,3,1,0,2,0,1,0
172800.0,599000.0,26730.0,-19385,-459,2,0,0,3,0,0,3,0,0,1
59400.0,183400.0,10160.0,-10964,-2945,2,1,1,0,0,0,3,1,0,1
218700.0,753500.0,36640.0,-7803,-48,2,1,3,3,1,0,2,0,0,1
157400.0,542200.0,24410.0,-15910,-1972,1,0,3,1,1,0,2,0,1,1
129100.0,465800.0,27300.0,-23326,-2511,2,0,3,0,1,0,2,0,1,1
236300.0,1006600.0,58480.0,-12616,-3300,2,0,3,3,0,0,1,0,1,1
143000.0,576200.0,28030.0,-22055,-207,2,1,3,3,0,0,2,0,0,0
138000.0,496300.0,26350.0,-16206,-82,2,1,0,3,1,0,2,0,0,1
117600.0,410200.0,20500.0,-9743,-1417,2,0,1,3,1,0,2,0,0,0
185700.0,489200.0,33140.0,-8171,-1596,1,0,0,3,1,0,3,0,1,1
226900.0,983100.0,45050.0,-17263,-219,2,0,1,0,3,0,3,0,0,0
162000.0,465800.0,20860.0,-10855,-598,2,0,3,3,3,0,3,0,1,1
139400.0,451900.0,22650.0,-20505,-5261,3,0,2,0,1,3,2,0,0,1
163700.0,701500.0,47180.0,-10994,-139,4,0,3,3,1,3,3,0,0,1
148200.0,362200.0,17380.0,-22721,-4491,2,0,1,0,1,0,2,1,0,0
262000.0,975400.0,42410.0,-21776,-278,2,0,2,3,1,0,2,1,0,1
207700.0,823300.0,53120.0,-9146,-39,1,0,3,3,0,0,2,1,0,1
167900.0,491300.0,25640.0,-12882,-1653,2,0,2,3,1,0,2,0,0,1
127200.0,282500.0,14700.0,-20198,-77,2,0,1,3,1,0,2,0,1,0
199800.0,499700.0,29840.0,-21755,-8137,1,0,3,3,1,0,2,0,0,1
226500.0,465800.0,25690.0,-9934,-120,4,0,0,3,3,0,2,0,1,1
138900.0,563500.0,30850.0,-10645,-2384,4,0,3,2,1,0,2,0,0,0
122100.0,340600.0,20220.0,-22102,-2029,5,0,3,3,1,1,3,0,0,0
79700.0,319100.0,20930.0,-13171,-1846,1,0,3,3,1,0,2,0,0,1
106500.0,432200.0,22400.0,-8929,-2354,2,0,3,3,1,0,2,0,0,1
212500.0,423000.0,24050.0,-14186,-823,3,0,0,3,1,0,2,0,0,1
98500.0,327000.0,21350.0,-20935,-1145,1,0,3,3,3,0,2,1,0,1
404800.0,1041200.0,50020.0,-21475,-522,2,0,0,0,2,3,2,1,1,0
131700.0,374100.0,20340.0,-19353,-1738,4,0,1,0,1,0,2,0,0,1
300000.0,971300.0,48740.0,-10310,-2064,1,0,0,3,1,0,2,0,1,0
132400.0,509600.0,29120.0,-11456,-2569,2,0,0,3,1,0,2,0,1,1
213400.0,690600.0,42800.0,-18333,-139,3,1,1,3,1,0,1,1,0,1
175200.0,468000.0,30460.0,-22037,-1514,1,0,3,0,1,0,1,0,0,1
152000.0,374200.0,21890.0,-10844,-601,1,0,0,3,1,0,2,0,0,0
107300.0,219400.0,9750.0,-10839,-1095,3,0,3,3,2,0,2,0,1,1
182900.0,548500.0,29580.0,-22539,-129,2,0,3,0,1,0,3,0,1,0
69300.0,218000.0,11340.0,-20159,-139,2,0,3,3,1,0,1,0,0,1
109900.0,325800.0,19270.0,-7865,-662,1,0,3,3,1,0,2,0,1,1
182800.0,469900.0,30500.0,-22122,-2976,4,0,0,0,4,0,2,0,0,1
159300.0,675100.0,41160.0,-11591,-4177,1,0,2,0,1,0,1,1,1,1
63500.0,214100.0,12180.0,-11707,-3275,2,0,0,3,0,0,1,1,0,1
121000.0,539000.0,25870.0,-15670,-923,1,0,3,0,1,0,2,1,1,0
211400.0,414700.0,27810.0,-11486,-2563,3,0,3,3,1,0,2,0,1,1
188000.0,795600.0,41980.0,-23516,-1248,2,0,3,3,1,0,2,0,0,1
210300.0,393000.0,20660.0,-15025,-1260,2,1,3,2,1,0,2,0,0,1
62800.0,179500.0,10310.0,-21054,-883,1,0,1,3,1,0,2,0,1,0
191200.0,665800.0,31200.0,-16869,-127,2,0,3,3,1,1,3,1,0,1
225400.0,835100.0,39880.0,-12649,-584,2,0,1,1,3,3,2,0,0,1
88200.0,256800.0,16690.0,-21274,-1688,1,0,0,3,1,0,2,0,0,0
240900.0,1028900.0,62540.0,-21589,-2816,2,0,1,0,4,0,2,0,0,1
163500.0,400300.0,23800.0,-13420,-136,2,1,2,3,4,0,2,0,0,1
286900.0,1216100.0,75180.0,-13448,-2080,2,0,3,3,0,2,2,0,1,1
169200.0,564500.0,37220.0,-20943,-2997,5,1,0,3,1,0,2,0,0,0
114900.0,490700.0,24440.0,-13877,-2738,2,0,2,3,1,0,2,0,0,1
164900.0,702300.0,44780.0,-18873,-4117,3,0,3,3,1,0,2,0,0,1
175600.0,712600.0,43060.0,-15746,-584,2,0,3,3,1,0,2,0,1,1
178400.0,581100.0,30320.0,-13229,-1811,1,0,3,0,1,0,1,0,0,1
188700.0,339800.0,20910.0,-12731,-266,1,0,1,3,1,0,2,0,0,1
102600.0,458300.0,25320.0,-12886,-2062,3,0,0,3,1,0,3,0,0,0
178100.0,681600.0,38550.0,-19954,-4938,1,0,3,1,1,0,2,0,0,0
158600.0,327800.0,14900.0,-15928,-5649,1,0,3,0,3,0,1,0,1,1
138800.0,601100.0,31770.0,-9622,-732,3,0,0,3,1,0,2,1,0,0
89400.0,286300.0,18590.0,-23272,-222,2,0,0,3,1,0,2,0,1,1
146700.0,608800.0,33900.0,-16491,-5814,3,1,3,3,0,0,1,1,0,1
86000.0,261500.0,12680.0,-20970,-252,2,0,0,3,1,0,3,0,0,1
220800.0,980400.0,46130.0,-23247,-4985,5,0,1,3,1,0,2,0,0,0
93600.0,270400.0,11380.0,-14322,-1933,2,0,3,0,4,0,1,0,0,0
221500.0,552700.0,29990.0,-16057,-2149,2,0,0,0,1,0,2,1,0,1
139100.0,535900.0,24370.0,-22611,-3963,4,0,2,3,1,0,2,1,0,1
115100.0,355400.0,15720.0,-19761,-953,3,0,1,3,1,0,3,0,1,0
63500.0,188500.0,9170.0,-9543,-2969,3,0,3,3,1,3,3,0,0,1
312600.0,1207600.0,80060.0,-16208,-480,2,0,3,0,1,0,1,0,0,1
213800.0,485400.0,27040.0,-13060,-311,1,0,3,3,1,3,2,0,0,0
125700.0,498000.0,27820.0,-9569,-382,4,0,3,0,1,0,2,0,0,0
227700.0,1004100.0,63260.0,-10588,-1927,2,0,1,1,1,3,3,0,0,0
270500.0,835400.0,45090.0,-20550,-2658,2,0,3,3,1,0,3,0,1,0
149900.0,524500.0,32500.0,-20206,-1668,2,0,3,3,4,0,2,0,0,1
229500.0,1012800.0,67830.0,-22644,-9694,4,0,0,0,2,0,3,1,1,0
56900.0,167000.0,10950.0,-15784,-1991,2,0,3,0,1,0,2,0,0,1
115600.0,368500.0,24140.0,-23204,-3392,2,0,1,0,1,0,1,0,1,1
106800.0,397000.0,22270.0,-15073,-948,2,0,3,2,1,0,2,0,0,0
333500.0,786500.0,46660.0,-23335,-516,2,0,1,0,1,0,2,0,1,1
217000.0,674900.0,35820.0,-9827,-2839,1,0,0,3,1,0,2,0,0,1
262600.0,917400.0,48970.0,-17343,-416,5,0,1,3,1,1,3,0,1,1
128100.0,247300.0,11590.0,-21746,-4668,2,1,3,3,1,0,2,0,1,0
102900.0,307500.0,13950.0,-8207,-760,2,0,0,3,2,0,1,0,1,1
110600.0,320200.0,19070.0,-20924,-224,1,0,3,3,4,0,3,1,0,1
126700.0,482600.0,27260.0,-17392,-234,1,0,3,3,3,0,2,0,0,1
416500.0,1317000.0,75750.0,-14247,-3354,2,0,0,3,3,0,1,1,0,0
287000.0,830200.0,44350.0,-13041,-448,3,0,2,0,1,0,2,0,0,1
