AMT_INCOME_TOTAL,AMT_CREDIT,AMT_ANNUITY,DAYS_BIRTH,DAYS_EMPLOYED,CNT_FAM_MEMBERS,NAME_CONTRACT_TYPE,NAME_INCOME_TYPE,NAME_EDUCATION_TYPE,NAME_FAMILY_STATUS,NAME_HOUSING_TYPE,REGION_RATING_CLIENT,REG_REGION_NOT_WORK_REGION,FLAG_OWN_CAR,FLAG_OWN_REALTY
120600.0,508300.0,31940.0,-8398,-1011,2,0,0,3,1,0,3,0,0,0
128600.0,423300.0,18960.0,-23431,-2682,1,0,3,0,1,0,2,0,0,1
53800.0,198600.0,8750.0,-15875,-1790,2,0,2,3,3,0,2,1,0,1
204500.0,916500.0,54950.0,-18142,-40,1,0,3,2,1,0,2,0,0,1
115900.0,445300.0,21110.0,-19540,-36,2,0,3,0,2,0,2,1,1,1
246800.0,957300.0,40910.0,-18976,-1223,4,0,1,3,1,0,1,0,0,0
333900.0,1303900.0,62270.0,-17043,-164,3,1,3,3,1,0,3,0,0,1
78500.0,286100.0,15520.0,-12031,-2653,2,0,3,3,1,0,1,0,0,0
307300.0,895900.0,38200.0,-22287,-2195,2,0,1,0,1,0,1,0,0,0
256900.0,904800.0,50110.0,-10177,-1950,1,1,2,0,1,0,1,0,1,1
71900.0,315600.0,20490.0,-23440,-2233,3,0,0,0,1,0,3,0,0,1
166000.0,614500.0,34640.0,-18855,-1710,4,0,3,3,1,0,2,0,1,1
56800.0,143900.0,8250.0,-20636,-3523,2,0,3,0,1,0,2,0,1,1
291800.0,531200.0,30340.0,-16619,-2695,1,0,3,0,1,1,2,0,1,0
98300.0,236400.0,12220.0,-21093,-285,3,0,3,1,1,0,2,0,1,0
75700.0,327400.0,19930.0,-13626,-3472,3,0,3,3,1,0,3,0,0,1
152700.0,684000.0,39050.0,-21237,-5108,2,0,1,3,1,0,2,1,0,1
60000.0,153900.0,8630.0,-14732,-3279,2,0,3,3,1,0,3,1,0,1
126500.0,403900.0,18290.0,-13294,-1286,1,0,3,3,1,0,2,0,0,1
138400.0,262900.0,12980.0,-16648,-6527,3,1,0,0,1,2,2,0,1,1
107000.0,389300.0,21210.0,-22127,-1806,3,0,0,3,0,0,2,0,0,1
152100.0,332000.0,20260.0,-23082,-156,3,1,1,3,1,0,2,1,0,1
138800.0,372100.0,23780.0,-17657,-1651,1,0,3,3,3,2,3,0,0,0
133200.0,260400.0,13510.0,-17328,-1992,3,0,0,0,3,0,2,0,0,0
156500.0,700500.0,42590.0,-18312,-2071,1,0,3,3,1,0,2,0,0,0
147400.0,291600.0,17610.0,-20217,-171,3,0,2,3,3,0,2,0,1,1
139200.0,308800.0,15040.0,-10593,-1089,1,0,1,3,0,0,2,0,0,1
130900.0,382700.0,18810.0,-10359,-3784,2,1,0,3,1,0,3,0,0,1
205600.0,539400.0,24880.0,-14441,-2697,2,0,1,3,1,0,2,1,0,1
187400.0,499100.0,24760.0,-22631,-354,3,0,3,0,1,0,3,0,1,1
155700.0,455000.0,26960.0,-17819,-2297,2,0,1,3,1,0,2,0,0,0
72600.0,175000.0,8480.0,-14102,-53,1,0,3,2,1,3,2,0,1,1
294100.0,1223200.0,60090.0,-18486,-1101,1,0,3,0,4,0,1,0,1,1
100700.0,367800.0,21940.0,-18770,-499,1,0,3,3,1,0,2,0,0,0
184700.0,724600.0,36090.0,-20943,-825,4,0,0,3,0,0,1,0,0,0
118400.0,295700.0,14280.0,-20089,-1955,3,0,2,3,0,0,2,0,0,1
115600.0,512900.0,21720.0,-21474,-1994,2,1,1,3,1,0,2,0,1,0
120500.0,356100.0,20340.0,-15755,-2543,2,0,0,3,1,0,1,0,0,1
155700.0,656400.0,39760.0,-23437,-1179,1,0,3,3,3,0,2,1,0,0
80200.0,260800.0,11020.0,-17236,-1279,1,0,3,0,1,0,2,0,1,1
247500.0,924200.0,47250.0,-19486,-663,3,1,3,0,2,0,3,0,1,0
163800.0,540100.0,24170.0,-18747,-1032,2,0,0,3,1,0,1,0,1,0
70900.0,193600.0,9120.0,-19804,-76,2,0,0,0,1,0,2,0,0,1
249900.0,1058200.0,52230.0,-18336,-633,2,0,3,3,0,0,1,0,0,0
202600.0,897300.0,48810.0,-19830,-2375,2,0,3,3,1,0,2,0,0,0
72400.0,184800.0,8780.0,-22476,-1677,2,0,3,3,1,0,2,0,0,0
118500.0,249900.0,13200.0,-14719,-923,1,0,2,0,1,0,2,0,0,1
71700.0,160200.0,8530.0,-19704,-3855,1,0,0,0,3,0,1,0,0,1
97000.0,393700.0,18930.0,-23227,-3151,4,0,1,0,1,0,2,1,1,0
165200.0,519800.0,28660.0,-11348,-2970,1,1,1,3,1,0,3,0,0,1
185800.0,446000.0,21790.0,-11478,-2120,3,0,1,3,1,0,1,0,0,1
175800.0,722000.0,47400.0,-20595,-2097,1,0,0,0,3,0,2,0,0,1
216600.0,633200.0,39730.0,-12640,-827,1,1,0,3,1,0,2,0,0,1
499100.0,1600500.0,102650.0,-19075,-1962,1,0,0,3,1,0,2,0,0,0
125900.0,490300.0,24970.0,-11347,-372,3,0,0,3,1,1,3,0,0,1
146200.0,300500.0,20120.0,-13579,-5802,2,0,3,3,1,0,3,0,0,1
133900.0,544300.0,26020.0,-18505,-1311,2,0,1,2,1,2,3,0,0,0
157100.0,377600.0,22020.0,-21866,-2636,1,0,0,3,1,0,2,1,0,1
125600.0,375300.0,21690.0,-18253,-194,3,1,3,3,1,0,2,0,0,1
73300.0,293400.0,14040.0,-14315,-3086,2,0,2,3,1,0,3,0,0,1
278500.0,789900.0,36520.0,-22687,-3391,1,0,3,1,1,0,1,0,1,1
108800.0,404300.0,18010.0,-11381,-2305,3,0,0,3,1,0,1,0,0,1
290600.0,1021300.0,45580.0,-16575,-395,2,0,1,0,3,0,2,0,0,1
257000.0,810200.0,53420.0,-16940,-38,2,0,1,3,0,0,3,0,1,1
132100.0,313200.0,18320.0,-14358,-3917,1,0,3,3,1,1,2,0,0,0
173600.0,471300.0,26400.0,-12187,-36,4,0,3,3,1,0,2,0,0,0
108200.0,327400.0,17130.0,-11223,-1039,1,0,3,0,1,0,1,0,0,1
148700.0,375200.0,17290.0,-22616,-1814,3,1,0,0,1,0,2,1,0,0
58500.0,169300.0,9700.0,-18033,-335,4,0,3,3,0,0,2,0,0,1
63900.0,220000.0,14370.0,-18602,-792,2,0,3,3,1,0,2,0,1,1
101600.0,200500.0,11380.0,-16302,-972,2,0,3,3,1,0,1,1,0,1
279100.0,852300.0,46980.0,-16749,-624,2,0,3,3,1,0,1,0,0,1
166100.0,423800.0,27560.0,-9139,-183,1,0,0,3,0,0,3,0,0,1
218300.0,510600.0,33740.0,-19113,-1340,5,0,3,0,3,0,2,0,0,1
85800.0,160800.0,7630.0,-13321,-2009,1,1,3,0,3,0,2,0,1,0
222400.0,947700.0,39870.0,-9565,-1138,3,0,3,3,2,0,1,0,0,1
71800.0,195400.0,8520.0,-12600,-1738,3,0,3,3,1,0,2,0,1,1
101300.0,222200.0,13660.0,-7891,-1099,2,0,0,3,1,0,1,0,0,0
333500.0,1475600.0,66570.0,-19444,-203,2,1,0,3,1,0,2,0,0,1
45000.0,113800.0,5440.0,-23308,-72,1,1,3,3,1,0,3,0,0,1
565300.0,1686500.0,72120.0,-16518,-962,4,0,0,3,1,0,2,1,1,0
197500.0,685500.0,34270.0,-9587,-846,3,0,3,0,1,0,2,0,1,1
182200.0,447100.0,22380.0,-16435,-720,2,0,0,1,1,0,2,0,0,1
318500.0,767800.0,40520.0,-14447,-851,2,0,3,3,1,0,2,0,1,1
108400.0,315800.0,16740.0,-12608,-3616,3,0,1,0,1,0,2,0,0,1
166400.0,312200.0,18410.0,-7816,-1241,3,1,3,3,1,0,2,1,1,1
135000.0,385800.0,16690.0,-20429,-696,4,0,0,3,3,0,1,0,0,1
121700.0,322600.0,21160.0,-8367,-225,1,0,0,3,0,0,3,0,0,0
116800.0,248200.0,13360.0,-21965,-281,5,0,3,3,0,0,2,1,0,0
196400.0,779200.0,37000.0,-21651,-1553,4,0,3,3,1,1,2,0,0,1
189800.0,554100.0,36120.0,-9348,-471,3,0,3,0,3,0,2,0,0,1
109100.0,230600.0,12580.0,-16813,-5646,4,0,3,3,1,0,3,0,0,1
113400.0,384000.0,18620.0,-19468,-6767,4,0,3,0,1,0,2,0,0,1
322600.0,1092900.0,65840.0,-12021,-5446,1,0,3,3,1,0,2,0,0,1
176700.0,459300.0,23750.0,-14884,-55,3,0,1,3,1,0,3,0,0,1
124500.0,499600.0,25450.0,-21232,-887,2,0,3,3,1,3,2,1,0,0
216200.0,705500.0,38480.0,-21477,-477,1,0,3,0,1,0,1,0,0,1
79400.0,348200.0,14740.0,-15636,-1161,2,0,3,3,3,0,2,0,1,1
109300.0,269500.0,12440.0,-12384,-3988,1,0,0,3,1,0,2,0,0,0
336400.0,883000.0,53500.0,-20522,-2219,2,0,0,3,1,0,3,1,0,1
568300.0,2188700.0,109060.0,-20354,-3996,2,0,1,3,1,0,3,1,0,1
276100.0,652500.0,42030.0,-22036,-5412,3,0,3,3,1,1,2,0,1,1
79500.0,241100.0,16090.0,-9329,-1402,2,0,3,3,2,0,3,1,0,1
350500.0,1262700.0,69310.0,-18075,-2752,1,0,3,3,3,0,3,0,0,1
112200.0,341200.0,22380.0,-13217,-245,3,0,3,0,2,3,2,0,0,1
198100.0,679400.0,46020.0,-10160,-289,1,0,3,3,1,0,1,0,0,1
110500.0,285900.0,15600.0,-21301,-687,3,0,1,3,0,0,2,0,1,1
46500.0,138800.0,6140.0,-9566,-1020,2,0,1,3,1,0,2,0,1,1
91000.0,271100.0,18010.0,-21159,-2858,1,0,3,3,1,0,2,0,0,1
195900.0,748200.0,33240.0,-19554,-36,3,0,2,0,3,0,2,0,0,0
175400.0,374600.0,23340.0,-10373,-2078,2,0,0,3,1,0,2,0,1,1
214000.0,758300.0,41720.0,-18542,-93,3,0,1,3,1,0,2,0,0,1
148700.0,557400.0,28360.0,-11447,-248,1,0,0,3,1,0,2,1,1,0
270300.0,929900.0,53280.0,-19682,-3949,2,0,0,3,1,0,1,0,0,1
184400.0,735100.0,37740.0,-13657,-1930,3,0,1,3,1,3,2,0,0,1
166300.0,313600.0,13830.0,-15532,-4388,1,0,2,3,0,0,2,1,1,1
71200.0,186700.0,8560.0,-23467,-1125,1,0,0,3,1,0,2,0,0,1
137000.0,426300.0,23820.0,-15069,-3207,1,0,2,0,1,0,1,0,1,1
79300.0,188600.0,11410.0,-21582,-2462,3,0,3,3,1,0,2,0,1,1
75900.0,149300.0,8640.0,-8247,-252,2,0,3,3,2,3,2,0,0,1
278700.0,785100.0,42720.0,-12470,-357,3,0,3,3,1,0,1,0,0,1
161200.0,667800.0,39220.0,-23009,-4457,2,0,3,3,1,3,3,0,0,1
157000.0,409000.0,21510.0,-13926,-914,2,0,0,3,3,0,2,1,1,0
324000.0,1111300.0,75470.0,-22458,-123,2,0,1,0,1,0,3,0,0,1
131500.0,526900.0,29680.0,-10552,-664,2,0,3,0,0,0,2,1,0,1
292000.0,666000.0,41540.0,-9107,-2532,2,1,3,1,1,0,3,0,1,1
176200.0,359700.0,17650.0,-20091,-1011,1,0,3,3,2,0,1,0,0,0
243900.0,853300.0,52820.0,-12973,-202,2,1,3,3,1,0,2,0,1,1
192900.0,848600.0,56150.0,-14924,-822,1,1,3,0,1,0,1,0,0,1
118600.0,313100.0,15270.0,-10517,-2729,2,0,1,0,1,0,2,0,0,1
236700.0,913500.0,40810.0,-21672,-1573,1,1,1,3,0,0,2,0,0,1
176800.0,700100.0,43700.0,-14455,-65,1,0,1,3,2,3,2,0,1,0
221700.0,886700.0,43300.0,-14653,-1640,3,0,3,3,1,0,2,0,1,1
692700.0,2173500.0,100430.0,-17863,-204,3,0,0,3,0,0,1,0,0,1
104600.0,466700.0,30830.0,-16029,-324,4,0,3,0,1,0,3,0,1,1
211400.0,795300.0,37880.0,-19243,-4702,2,0,3,3,1,0,1,0,0,1
235000.0,1043300.0,56340.0,-10538,-3963,2,0,1,3,1,0,2,0,1,0
164000.0,605000.0,32200.0,-11557,-2821,2,0,1,3,1,0,2,0,0,1
131900.0,591300.0,28730.0,-18459,-305,1,0,0,0,1,0,2,0,1,1
221600.0,693000.0,37410.0,-10980,-236,2,0,0,3,1,3,2,0,1,1
125000.0,271600.0,17600.0,-21019,-1018,2,0,3,3,0,3,2,0,0,0
67000.0,146800.0,7570.0,-16014,-99,2,0,1,3,1,0,3,0,0,1
73100.0,233800.0,12950.0,-16752,-947,2,0,0,3,1,0,3,1,1,1
191200.0,575800.0,35220.0,-17993,-371,3,0,3,3,3,0,2,0,1,0
81400.0,202900.0,11140.0,-19296,-1625,2,0,3,3,1,0,2,0,1,0
80300.0,299800.0,17390.0,-17298,-202,3,0,0,3,1,0,2,0,1,0
77300.0,334600.0,16310.0,-23620,-394,4,0,0,3,1,0,2,0,0,0
125100.0,554700.0,24210.0,-22823,-2077,1,0,0,3,1,2,1,1,0,1
149600.0,530900.0,33570.0,-16671,-8299,4,0,3,0,1,0,3,0,0,0
280900.0,1129300.0,61900.0,-18249,-1779,1,0,3,0,2,0,2,0,0,0
97900.0,226200.0,14600.0,-15908,-2067,1,0,3,3,4,0,3,0,0,0
103800.0,433600.0,25730.0,-15057,-1183,5,0,2,3,4,0,2,0,0,1
170200.0,490800.0,29170.0,-10500,-2727,2,0,1,3,2,0,1,0,0,0
139800.0,427600.0,26480.0,-14225,-917,4,0,3,2,3,0,3,0,1,1
177000.0,711900.0,47820.0,-14981,-5332,2,0,1,0,1,0,2,0,0,1
101200.0,293700.0,17010.0,-14727,-3631,1,0,3,3,1,0,2,0,0,1
269600.0,553700.0,35310.0,-21217,-3486,4,0,3,3,1,0,2,0,1,1
230700.0,441700.0,19760.0,-22075,-479,2,0,3,3,1,0,2,0,0,0
265500.0,621800.0,38210.0,-18584,-778,1,0,3,3,3,0,1,0,0,0
266300.0,849900.0,42340.0,-15915,-199,1,0,3,3,2,0,2,0,0,1
74400.0,141600.0,7450.0,-15244,-593,3,0,3,0,1,0,2,0,0,1
194500.0,764600.0,42030.0,-21404,-905,1,0,2,3,1,0,3,0,0,0
201300.0,801800.0,47080.0,-13172,-1806,2,0,1,3,0,0,2,1,0,1
231600.0,1009800.0,51010.0,-15396,-5029,2,0,3,3,3,0,3,1,1,1
289400.0,681700.0,45710.0,-17275,-1207,4,0,1,3,1,0,2,0,1,1
398700.0,948700.0,52720.0,-8760,-1385,1,0,1,3,4,0,2,0,1,1
122300.0,495500.0,31240.0,-19274,-2406,2,0,3,3,1,2,2,1,1,1
227500.0,835400.0,49230.0,-17030,-561,2,0,0,3,0,0,2,0,0,1
174800.0,461500.0,30630.0,-12357,-612,2,0,0,3,1,0,2,0,1,0
212600.0,473100.0,29980.0,-18795,-1040,3,0,1,0,1,0,3,0,0,1
56000.0,128900.0,8390.0,-17341,-776,2,0,3,2,1,2,2,1,0,1
437400.0,831300.0,54620.0,-12019,-1188,3,0,0,3,1,0,3,0,0,1
141600.0,611900.0,37810.0,-19937,-223,2,0,1,3,0,0,2,0,1,0
140800.0,426600.0,27870.0,-17382,-1145,2,0,3,0,1,0,1,0,1,0
215100.0,858100.0,48470.0,-8505,-750,2,0,0,3,0,2,2,0,1,1
118200.0,379600.0,18130.0,-9397,-200,1,0,3,3,3,0,2,0,0,1
279300.0,970900.0,42200.0,-14104,-781,3,0,2,3,1,0,2,1,1,1
66900.0,171500.0,8810.0,-21391,-1001,2,0,3,3,1,0,2,0,0,0
224700.0,605900.0,27580.0,-10962,-489,2,1,3,0,1,0,2,0,1,1
318200.0,1274900.0,68520.0,-17838,-4524,1,0,1,0,1,0,1,0,1,0
142100.0,622000.0,30980.0,-10177,-2602,1,0,3,3,1,0,2,1,0,1
91600.0,365000.0,18500.0,-9438,-204,2,0,3,3,1,0,2,0,0,1
71400.0,268400.0,13070.0,-20430,-1026,4,0,1,3,1,0,2,1,1,0
104600.0,309000.0,19310.0,-14264,-2157,2,0,0,3,1,0,2,0,0,0
132400.0,404900.0,17930.0,-11427,-1220,2,0,0,3,1,1,2,0,0,1
143100.0,340300.0,22130.0,-12736,-2615,1,0,1,3,0,0,2,0,0,1
132600.0,509500.0,22910.0,-17728,-867,1,1,3,0,0,0,2,0,1,1
208300.0,420800.0,23010.0,-13763,-36,3,0,3,3,1,0,2,0,0,0
48600.0,197400.0,10890.0,-13762,-2435,1,0,3,3,1,0,1,1,0,0
177400.0,630000.0,38070.0,-20618,-3541,3,0,1,3,1,0,1,0,0,0
83900.0,373500.0,23530.0,-22427,-331,3,1,2,3,1,1,2,0,1,0
219900.0,726400.0,44040.0,-17090,-1819,3,0,3,3,1,0,2,0,0,0
333500.0,1453100.0,76450.0,-8903,-2329,2,0,1,3,1,0,1,0,0,1
306500.0,741700.0,33380.0,-10637,-873,5,0,1,3,3,0,3,0,0,1
170400.0,709000.0,30450.0,-8638,-86,1,0,3,3,1,0,2,0,0,1
181400.0,413300.0,21650.0,-17580,-1473,2,0,0,3,1,0,2,0,0,0
251900.0,1044500.0,45550.0,-23244,-1888,3,0,3,0,0,2,2,0,1,0
185900.0,458200.0,22400.0,-21360,-2375,5,0,3,3,0,0,2,1,0,1
60000.0,188700.0,9850.0,-11538,-890,1,0,0,0,1,0,2,0,0,1
188300.0,538700.0,31120.0,-18540,-3602,1,0,3,3,1,0,2,0,0,1
195100.0,653500.0,35520.0,-17912,-95,2,0,3,3,1,0,2,0,1,1
179200.0,669600.0,38170.0,-9343,-720,3,1,0,0,0,0,1,1,0,1
223500.0,649000.0,37310.0,-11438,-71,4,1,1,0,4,0,1,1,0,1
111100.0,454800.0,26610.0,-8507,-1932,1,0,3,3,1,1,2,1,0,0
84600.0,375400.0,17930.0,-21140,-219,4,0,3,3,1,0,2,0,0,0
170300.0,360400.0,19330.0,-9075,-2500,2,0,3,0,3,0,3,1,1,1
268000.0,796300.0,34770.0,-10721,-1933,3,1,3,3,1,0,1,0,1,1
263100.0,559500.0,31520.0,-17249,-3904,2,0,3,0,1,0,2,0,1,1
172200.0,399100.0,17410.0,-18789,-1429,2,0,2,3,1,2,2,0,1,1
155800.0,477000.0,31210.0,-9375,-366,2,0,3,3,1,0,2,0,0,1
95800.0,340200.0,19990.0,-20586,-4196,3,0,0,3,4,0,3,0,0,1
169900.0,491900.0,21580.0,-12128,-1738,2,0,3,2,1,0,2,1,0,1
154900.0,340500.0,15350.0,-23340,-1325,3,0,3,3,1,3,3,0,0,1
295700.0,1161500.0,58510.0,-16675,-194,2,0,3,3,3,0,2,0,1,1
75900.0,252800.0,10800.0,-12953,-570,2,0,3,3,3,0,3,0,0,1
180800.0,682600.0,36960.0,-16415,-299,2,0,0,3,1,0,2,1,0,1
114600.0,443600.0,28930.0,-11639,-989,2,0,3,1,1,0,2,0,0,1
118500.0,462700.0,25470.0,-19383,-578,1,0,3,0,1,0,2,0,1,0
87600.0,330500.0,14120.0,-18531,-2324,2,1,3,0,1,0,2,0,0,1
80200.0,165700.0,7960.0,-13040,-2903,5,0,3,3,1,0,2,0,1,0
205100.0,587200.0,26330.0,-14774,-490,2,0,1,3,1,0,2,1,0,1
285300.0,1037500.0,43740.0,-19426,-2915,2,0,2,3,1,3,2,0,0,1
123800.0,425000.0,20360.0,-15676,-3240,2,0,0,3,3,0,1,0,0,1
71600.0,248400.0,13760.0,-16931,-737,1,1,1,0,1,1,2,0,0,1
316300.0,1416900.0,62390.0,-12248,-575,2,1,3,3,1,0,2,1,1,0
94600.0,362400.0,18980.0,-18033,-3613,2,0,3,3,1,0,2,0,0,0
116200.0,319700.0,17100.0,-15147,-2654,2,1,3,0,1,0,2,0,0,0
164900.0,518800.0,23430.0,-12096,-1632,1,0,3,3,1,3,2,1,1,0
89700.0,165900.0,7190.0,-9765,-1782,1,0,3,3,0,0,2,0,0,1
169700.0,742000.0,40200.0,-14596,-1527,2,0,1,3,1,0,2,1,1,1
80300.0,268800.0,16720.0,-10765,-1328,2,0,0,3,0,0,2,1,1,0
117500.0,342900.0,20630.0,-20691,-1550,2,0,2,3,1,0,2,1,0,1
105900.0,236000.0,11170.0,-8346,-524,2,0,0,3,3,0,3,0,0,0
100000.0,267400.0,11700.0,-11330,-2882,5,0,1,3,0,0,3,0,0,1
184600.0,421400.0,20700.0,-21373,-2839,1,1,3,3,1,0,1,0,0,1
141800.0,576800.0,36870.0,-14898,-2034,4,0,1,3,1,0,2,1,1,0
116200.0,298300.0,13320.0,-13849,-1892,1,0,3,3,1,0,2,0,0,1
124800.0,292400.0,16130.0,-8599,-531,2,0,3,2,4,0,2,0,0,0
152200.0,574300.0,27810.0,-10048,-3025,1,0,1,0,1,0,3,0,0,1
304800.0,1072900.0,53970.0,-12338,-1873,2,0,0,3,1,0,1,0,0,1
125900.0,383600.0,25960.0,-19426,-281,2,0,0,3,1,0,2,0,1,1
223800.0,755700.0,44440.0,-12452,-297,2,0,3,0,1,0,2,0,1,1
159200.0,711300.0,33820.0,-21676,-36,2,0,3,0,1,0,2,0,0,0
206300.0,690700.0,44140.0,-23533,-7553,3,0,0,3,1,0,2,1,0,1
229100.0,543600.0,25520.0,-19151,-959,1,0,1,3,1,0,2,1,1,1
153000.0,381800.0,21050.0,-13050,-1261,2,0,0,3,1,0,2,0,1,1
207800.0,374900.0,19720.0,-20629,-2148,2,0,3,3,1,0,2,0,0,1
183700.0,454800.0,20970.0,-16281,-5768,2,0,0,3,1,0,2,0,1,1
219500.0,907100.0,50970.0,-17603,-3219,2,0,3,0,2,0,2,0,1,0
118800.0,359800.0,24030.0,-12963,-1742,2,0,3,3,1,0,2,0,0,0
168900.0,355700.0,16290.0,-14560,-1266,2,0,0,3,1,0,2,0,0,1
99900.0,387900.0,24320.0,-21747,-251,2,0,1,0,1,0,1,0,1,1
97900.0,200700.0,9580.0,-13565,-2147,4,1,3,0,1,2,1,0,1,1
262800.0,689600.0,30380.0,-12186,-2123,2,0,3,3,1,0,2,0,0,1
352300.0,666900.0,40380.0,-14814,-167,5,0,3,3,1,3,2,0,1,1
211600.0,831300.0,43270.0,-12283,-1168,3,0,1,3,1,0,2,1,0,0
185300.0,657000.0,42050.0,-19625,-5442,2,0,0,3,1,0,1,0,0,1
133800.0,367900.0,15820.0,-10005,-569,3,0,1,3,3,0,2,0,0,1
84200.0,212600.0,11790.0,-22234,-2514,2,0,3,3,1,1,1,1,1,0
115800.0,241200.0,14160.0,-10267,-1595,1,1,2,3,4,3,3,0,1,1
99700.0,217700.0,11530.0,-9547,-549,2,0,1,3,3,0,2,0,0,1
165900.0,640700.0,32770.0,-12668,-3082,1,1,2,3,1,0,2,0,0,1
425300.0,895600.0,45810.0,-22014,-1548,5,0,0,3,1,0,2,0,0,0
281900.0,1121000.0,47620.0,-11378,-1313,2,0,0,3,1,0,2,0,0,0
91400.0,399900.0,22840.0,-21518,-2090,1,0,2,3,4,0,2,0,1,0
95900.0,180300.0,7750.0,-21258,-2393,2,0,3,3,1,0,2,0,0,1
117800.0,320800.0,18980.0,-11727,-5152,1,0,3,3,1,0,1,0,0,1
311500.0,988600.0,41800.0,-21580,-2241,2,0,1,3,1,0,1,0,1,0
85000.0,375700.0,20440.0,-19234,-262,1,1,1,3,0,0,3,1,0,0
62700.0,140700.0,5920.0,-13612,-1713,5,0,0,3,1,0,3,0,1,1
59400.0,162200.0,10890.0,-19767,-5043,2,0,3,3,1,2,2,0,0,0
106300.0,228700.0,11880.0,-9558,-194,2,0,1,3,3,2,2,1,1,0
253400.0,918500.0,43610.0,-16704,-4891,2,0,1,3,1,0,2,0,1,1
136400.0,520600.0,30590.0,-12737,-870,1,0,3,3,1,0,1,0,1,1
93600.0,378200.0,18010.0,-16747,-248,2,0,3,3,1,0,2,0,0,1
279000.0,577400.0,38680.0,-20485,-291,1,0,3,3,3,0,2,0,1,0
77800.0,319800.0,18510.0,-23283,-278,5,0,0,0,1,1,2,0,0,0
220200.0,440600.0,18940.0,-11032,-1344,3,0,0,3,1,0,1,0,1,1
213800.0,507900.0,21630.0,-20945,-758,2,1,1,3,1,0,3,1,1,0
300100.0,567200.0,35440.0,-13640,-2284,3,0,3,3,3,0,3,0,1,1
104000.0,276000.0,18310.0,-19482,-506,2,0,3,0,3,0,2,0,1,1
260200.0,905200.0,44710.0,-18649,-2184,1,0,3,3,0,0,2,0,1,1
101900.0,458000.0,19280.0,-9123,-2548,3,0,3,3,1,1,1,0,1,1
171100.0,442500.0,19600.0,-19157,-1123,2,0,3,3,1,0,3,0,0,1
217700.0,496000.0,32570.0,-8044,-713,3,0,1,3,1,0,2,1,1,0
89700.0,303300.0,17540.0,-19373,-906,1,0,1,3,3,0,2,0,0,0
141300.0,298400.0,16170.0,-14540,-637,2,0,3,3,0,0,2,0,1,1
101400.0,383300.0,18700.0,-9812,-484,1,0,3,3,1,1,2,0,0,1
137200.0,571200.0,38210.0,-17837,-6938,1,0,3,3,1,0,2,0,0,0
281900.0,1219800.0,71120.0,-13785,-36,2,0,3,3,0,0,1,0,0,1
206300.0,580800.0,28210.0,-12828,-347,2,0,1,3,1,0,2,0,0,0
105400.0,423200.0,28500.0,-22154,-1150,4,1,1,3,1,2,3,0,1,1
77100.0,231400.0,13950.0,-14955,-611,2,0,3,3,1,3,2,1,1,1
244700.0,860700.0,50820.0,-8598,-1794,2,0,1,3,4,0,2,1,0,1
178000.0,742300.0,31650.0,-15765,-2456,2,1,3,3,1,0,3,1,0,1
60000.0,212000.0,10950.0,-21667,-1719,2,0,0,0,3,0,2,1,1,1
302600.0,549500.0,26970.0,-20951,-8418,3,0,0,0,1,0,2,1,1,1
171400.0,659700.0,33300.0,-21758,-1578,5,0,3,3,3,3,3,1,0,0
75500.0,288700.0,15050.0,-12239,-1105,4,0,0,0,1,0,3,0,0,1
85700.0,184700.0,11430.0,-9227,-1014,2,0,3,3,4,0,2,1,1,1
51900.0,181200.0,8030.0,-17158,-2882,4,0,3,3,1,0,2,0,0,1
131200.0,337700.0,16360.0,-17945,-70,2,0,3,3,0,0,2,0,1,0
114300.0,407800.0,27350.0,-11517,-679,1,0,3,0,3,0,3,0,0,0
111700.0,478000.0,27440.0,-18764,-3606,2,0,3,3,1,0,2,0,1,1
200700.0,512300.0,33750.0,-8403,-1829,2,0,1,3,1,0,2,0,0,1
69400.0,306100.0,18700.0,-20226,-1381,2,0,0,0,1,0,2,0,0,1
139500.0,260000.0,16950.0,-17769,-693,2,0,0,3,0,0,2,0,0,1
135500.0,574800.0,26580.0,-18859,-640,2,0,1,3,0,0,3,0,0,1
113300.0,295700.0,18510.0,-23692,-2816,4,0,0,3,1,0,2,0,1,1
79700.0,350800.0,15520.0,-17143,-2835,3,0,0,3,4,0,3,0,0,1
68600.0,157800.0,9980.0,-23062,-1850,1,0,0,3,4,0,3,0,1,0
57700.0,227900.0,13170.0,-22110,-43,1,0,1,3,3,0,2,0,0,1
114700.0,401400.0,24080.0,-22277,-3113,4,0,3,3,2,0,2,0,0,0
264000.0,859800.0,45950.0,-13093,-1442,2,1,3,3,4,0,2,1,0,1
378900.0,1669300.0,73330.0,-15606,-4304,2,0,3,0,2,0,3,0,0,1
175200.0,670000.0,30190.0,-18785,-972,2,0,1,1,1,1,3,0,1,0
151100.0,296600.0,14890.0,-14185,-3483,3,0,0,0,3,0,3,0,0,1
266700.0,726400.0,47440.0,-14267,-1827,2,0,3,3,1,0,2,0,0,1
63100.0,240100.0,11700.0,-20120,-376,3,0,3,0,1,0,2,0,1,1
251700.0,959500.0,57150.0,-14234,-309,2,0,3,3,1,0,3,1,1,1
268000.0,940700.0,49960.0,-16427,-927,2,0,3,3,4,0,1,0,0,0
204300.0,700400.0,30310.0,-15249,-463,2,0,1,3,1,0,2,0,0,1
260300.0,881600.0,42190.0,-14134,-305,3,0,1,0,1,0,2,0,1,1
160400.0,432000.0,22870.0,-15864,-358,2,1,0,0,3,0,2,0,0,1
71800.0,178100.0,8230.0,-11045,-1237,1,0,3,0,1,2,3,0,0,1
224400.0,907700.0,42910.0,-17249,-1321,2,0,1,3,0,0,2,0,0,1
136700.0,291700.0,17710.0,-11511,-87,2,0,1,3,1,0,2,0,1,1
223200.0,512600.0,28730.0,-9548,-615,2,0,3,3,2,0,2,0,0,1
88800.0,280700.0,16230.0,-19685,-158,2,0,3,3,3,0,1,0,0,0
227700.0,735700.0,35670.0,-22453,-510,2,0,2,3,1,0,2,0,0,1
184000.0,359100.0,23340.0,-10668,-986,5,0,1,3,1,0,1,0,1,1
233600.0,459500.0,23210.0,-22585,-1893,2,0,3,3,1,0,2,1,0,1
215000.0,857900.0,43970.0,-17301,-887,2,0,1,3,3,0,2,0,0,1
87900.0,285300.0,18980.0,-11486,-317,4,0,2,3,1,0,2,0,0,0
189400.0,452100.0,30170.0,-15552,-393,2,0,2,0,0,0,2,0,1,1
109400.0,412100.0,21770.0,-14083,-258,2,0,3,3,1,0,1,1,0,1
319000.0,1303000.0,59640.0,-14125,-74,2,0,0,3,0,1,3,0,0,1
111800.0,392800.0,26130.0,-16081,-1805,2,0,0,3,0,0,2,0,1,1
185100.0,611500.0,37260.0,-15612,-2217,2,0,1,3,1,0,2,0,0,1
320800.0,1287200.0,72780.0,-19757,-124,2,0,2,3,4,0,2,1,1,1
192900.0,571800.0,26280.0,-15678,-280,1,0,1,3,1,0,2,0,0,1
126500.0,564200.0,31980.0,-15554,-1839,1,0,1,3,1,0,3,0,1,1
132500.0,539300.0,23220.0,-19284,-48,2,0,3,3,1,0,3,0,1,1
396800.0,1591800.0,78290.0,-8636,-1876,2,0,3,0,1,1,3,1,0,1
118600.0,525300.0,32630.0,-15179,-239,2,0,0,3,3,0,3,0,0,1
84800.0,318600.0,21400.0,-9287,-1121,2,0,0,3,1,0,1,0,0,0
69400.0,197100.0,9560.0,-16782,-275,2,0,3,0,1,0,2,0,0,1
202500.0,626500.0,36460.0,-19278,-5402,2,0,2,0,1,0,2,1,0,1
155900.0,621700.0,39120.0,-21912,-2511,1,0,3,1,1,0,2,0,0,1
124200.0,470900.0,23490.0,-19856,-986,3,0,3,3,1,0,2,0,0,1
134100.0,425300.0,19730.0,-8020,-1446,1,1,2,3,1,0,1,0,1,0
391500.0,1257500.0,53440.0,-21794,-5723,4,1,3,3,4,0,2,0,1,1
113200.0,322200.0,18570.0,-18981,-3106,2,0,3,0,1,0,1,1,1,0
97500.0,396100.0,19910.0,-21580,-1789,3,0,3,0,1,0,1,0,0,1
308400.0,1241700.0,58680.0,-17000,-1543,3,0,3,3,1,0,2,0,0,1
62500.0,164500.0,7690.0,-22383,-820,2,0,1,3,1,0,2,0,0,1
104300.0,190500.0,9890.0,-14612,-543,2,0,0,0,1,0,2,0,0,1
76300.0,206600.0,11290.0,-22135,-495,2,0,3,3,1,0,2,0,1,1
450300.0,1766200.0,75180.0,-12800,-1383,1,1,3,3,1,0,2,1,0,1
108600.0,338500.0,21530.0,-19138,-251,3,0,0,0,4,0,2,1,1,1
154400.0,447200.0,26100.0,-18478,-1128,2,1,3,3,2,0,3,1,1,1
105500.0,244200.0,14250.0,-19900,-1467,1,0,3,3,3,0,2,0,0,1
45800.0,176500.0,11860.0,-12869,-534,2,0,0,0,1,2,2,0,0,0
188900.0,665600.0,35320.0,-23032,-6185,1,0,3,3,1,0,2,0,0,1
172200.0,671200.0,39330.0,-16542,-232,3,0,3,3,3,0,2,0,0,0
63000.0,221100.0,14410.0,-21538,-459,2,0,3,0,1,0,2,0,1,0
94900.0,179700.0,11740.0,-21528,-1118,2,0,3,3,1,0,2,0,0,1
209800.0,731600.0,32840.0,-14039,-760,2,0,3,3,1,0,3,1,1,1
243600.0,1049000.0,46580.0,-23607,-2211,3,0,1,3,1,0,2,0,0,1
94400.0,385500.0,20430.0,-19115,-808,1,0,3,1,1,0,2,1,0,0
169800.0,405900.0,19760.0,-21994,-2875,2,0,3,3,0,0,1,0,0,1
100100.0,331200.0,22150.0,-22857,-1402,2,0,3,3,1,3,1,0,0,1
104400.0,292900.0,13270.0,-12648,-1092,1,0,3,0,1,0,2,0,0,1
300600.0,1223400.0,72190.0,-17994,-706,2,0,3,3,4,0,2,0,1,1
129300.0,477300.0,24500.0,-12846,-897,2,1,3,0,1,0,2,0,0,1
402100.0,1793900.0,102960.0,-20873,-2119,1,1,1,3,0,0,3,0,0,0
142800.0,395500.0,20680.0,-22293,-3159,2,0,3,3,1,0,3,1,0,1
106900.0,454200.0,26650.0,-23020,-64,2,0,3,3,1,0,3,0,0,1
303600.0,1222400.0,52780.0,-14628,-2173,2,0,3,3,1,0,2,0,0,0
129900.0,553800.0,26110.0,-17189,-1171,3,0,1,3,1,0,2,0,1,1
328900.0,724800.0,34590.0,-22308,-3433,2,0,0,3,2,0,2,1,0,0
92200.0,309800.0,16760.0,-17006,-1152,2,0,1,3,1,0,2,1,0,1
315600.0,1304200.0,74250.0,-9368,-2793,3,0,1,3,3,0,2,0,1,0
133700.0,459800.0,27350.0,-22555,-823,3,0,0,0,1,0,2,0,0,0
148300.0,563800.0,26730.0,-12481,-534,1,0,0,3,1,3,2,0,1,1
587800.0,2000100.0,92670.0,-12119,-5544,3,0,3,0,1,3,2,0,0,1
176900.0,606400.0,40670.0,-22204,-1094,1,0,2,3,4,0,2,0,0,1
161800.0,364200.0,19010.0,-9315,-2202,3,0,1,3,0,0,2,0,1,1
186500.0,716600.0,40110.0,-14257,-3165,1,0,3,3,3,0,2,0,0,1
209800.0,925500.0,61230.0,-14930,-832,3,1,3,3,1,0,2,0,1,0
211800.0,452300.0,21600.0,-10811,-335,1,0,1,3,3,2,2,0,0,0
243400.0,572300.0,25120.0,-18057,-1233,4,0,0,3,1,0,1,1,0,1
88400.0,204600.0,10970.0,-10474,-427,3,0,0,3,1,0,3,0,0,0
149800.0,347900.0,20720.0,-17847,-798,1,1,3,3,1,0,2,1,0,1
206600.0,826400.0,52840.0,-9239,-1409,1,0,0,3,1,0,2,0,0,1
113600.0,434900.0,20950.0,-14133,-1567,1,0,3,3,1,0,2,0,0,0
148700.0,282000.0,13850.0,-14555,-504,2,0,0,3,3,0,2,1,0,1
134000.0,512200.0,32510.0,-19750,-978,1,1,3,0,0,0,3,0,0,1
148600.0,302900.0,18090.0,-8221,-1646,2,0,3,3,0,0,2,1,1,1
171100.0,365400.0,22750.0,-21860,-1171,1,0,0,3,1,0,2,0,0,0
156100.0,527200.0,31590.0,-18938,-339,2,0,3,3,1,0,2,0,0,1
192700.0,430100.0,27470.0,-11018,-2381,4,0,0,3,3,0,1,0,0,0
328600.0,1461700.0,89900.0,-8231,-1514,4,0,0,1,3,0,2,0,1,1
179200.0,610300.0,35420.0,-12448,-285,1,1,3,0,3,0,2,0,0,1
214200.0,401500.0,18650.0,-21139,-4765,2,0,0,0,1,0,3,0,0,0
112500.0,464900.0,21060.0,-22131,-842,2,0,3,3,1,0,2,0,0,0
520100.0,1966400.0,98010.0,-18403,-1510,1,0,1,3,1,0,1,0,1,0
115300.0,512000.0,29200.0,-17844,-466,2,0,0,3,0,0,2,0,0,0
286400.0,1019700.0,66670.0,-20834,-2152,2,0,1,3,4,0,2,1,0,1
167800.0,409200.0,18100.0,-15889,-497,4,0,1,3,1,0,2,1,0,1
98600.0,187600.0,9820.0,-19232,-2443,1,0,3,3,1,0,1,1,1,1
160500.0,591900.0,37760.0,-22741,-4263,3,0,0,3,1,0,2,0,0,1
178300.0,321000.0,13860.0,-22853,-785,2,0,1,3,1,0,2,0,0,1
294800.0,665600.0,45160.0,-18010,-437,2,1,0,3,1,0,3,0,0,0
280700.0,1194400.0,67840.0,-11547,-2865,1,0,3,0,4,0,2,0,1,1
80700.0,184000.0,10130.0,-13230,-2063,3,0,0,3,1,0,2,0,0,1
176700.0,338900.0,22470.0,-12001,-430,5,0,1,0,3,0,2,1,1,1
169400.0,305400.0,19810.0,-22687,-1056,2,0,3,3,1,0,1,0,1,1
211700.0,679100.0,39670.0,-22668,-36,2,0,0,3,1,1,2,0,1,1
70200.0,270300.0,13290.0,-17831,-519,2,0,3,0,0,0,1,0,0,0
91300.0,200800.0,12500.0,-7816,-1241,1,0,1,3,3,0,3,0,0,1
201700.0,829000.0,44390.0,-14060,-1898,2,0,3,3,1,0,2,0,0,1
96200.0,260700.0,15270.0,-18298,-361,4,0,1,3,1,0,2,0,0,1
109700.0,348800.0,18300.0,-22944,-913,1,0,3,0,1,0,2,1,0,0
95500.0,208300.0,12660.0,-18128,-5788,2,1,1,2,1,0,2,0,0,1
90400.0,192400.0,9050.0,-10143,-689,2,0,3,3,0,0,2,1,0,1
45000.0,191500.0,11300.0,-17079,-455,1,0,3,3,3,0,2,0,0,1
88300.0,350900.0,20220.0,-8768,-1844,1,1,3,0,3,0,2,0,0,1
97000.0,390000.0,21800.0,-22231,-972,3,0,0,0,1,0,2,0,0,1
164800.0,318400.0,14780.0,-21606,-2084,2,0,3,3,3,0,2,0,0,0
74500.0,136000.0,6300.0,-13776,-1414,1,0,0,3,1,0,2,0,1,1
78200.0,242300.0,10450.0,-8775,-883,2,1,1,0,1,0,3,0,1,0
86200.0,199500.0,12390.0,-16615,-6538,4,0,2,3,1,0,1,0,0,1
75100.0,138300.0,9290.0,-11820,-785,2,0,3,1,3,0,2,0,0,0
90500.0,286300.0,14290.0,-8085,-1299,2,0,0,3,1,0,1,0,0,0
111200.0,321500.0,14460.0,-21780,-1022,5,0,3,3,3,0,2,1,0,1
139900.0,383300.0,21300.0,-20941,-672,1,0,0,3,1,0,2,0,1,1
226400.0,490300.0,30840.0,-10173,-2252,2,0,3,3,1,0,3,0,0,1
341600.0,1460100.0,85980.0,-17470,-207,2,0,1,3,1,0,2,0,1,1
116500.0,508500.0,31770.0,-7819,-1245,2,0,3,3,1,0,1,0,0,0
211800.0,889400.0,59180.0,-10591,-2274,4,0,0,0,3,0,3,0,1,0
218700.0,409000.0,25180.0,-11524,-4249,1,0,1,3,1,0,2,1,1,1
192000.0,535900.0,26220.0,-18834,-1079,2,0,0,3,1,0,2,1,1,0
69500.0,194000.0,8290.0,-17851,-2937,1,1,3,3,1,0,2,0,0,0
197300.0,511000.0,24410.0,-19251,-70,1,0,3,3,0,0,2,0,0,0
283000.0,806900.0,51870.0,-9007,-2433,5,0,0,3,1,0,3,0,0,0
95100.0,248900.0,15880.0,-22312,-456,1,0,0,3,1,3,1,1,0,0
96800.0,253500.0,11630.0,-8830,-953,3,0,3,3,1,0,2,0,0,0
172300.0,673700.0,37690.0,-7977,-293,4,0,1,0,1,0,2,0,0,1
339800.0,1168100.0,70440.0,-16988,-451,1,0,2,3,3,0,2,0,0,1
172000.0,513400.0,32680.0,-18260,-250,5,0,3,3,1,0,1,0,1,0
186100.0,638700.0,34730.0,-13773,-264,2,0,3,1,1,0,2,0,0,1
132300.0,582600.0,27430.0,-13308,-2762,2,0,0,3,1,0,2,0,1,1
194200.0,633000.0,40180.0,-9939,-286,2,0,3,3,1,0,2,0,1,0
107500.0,288400.0,16890.0,-15798,-579,2,0,1,0,0,0,2,1,1,0
217300.0,720700.0,48550.0,-19701,-1547,2,0,3,3,1,0,2,0,0,1
203300.0,700000.0,46570.0,-10863,-2458,1,0,3,3,0,3,3,0,0,0
143100.0,643000.0,32350.0,-12481,-382,3,0,1,0,1,0,2,0,1,1
45000.0,173200.0,8660.0,-21600,-2377,2,0,3,3,0,2,2,0,0,1
514800.0,1766400.0,102310.0,-18979,-9461,3,0,0,1,1,0,1,0,0,1
104300.0,450200.0,28070.0,-10733,-783,1,0,0,3,1,3,3,0,1,1
149600.0,436500.0,23100.0,-13900,-1018,1,0,3,3,0,0,2,1,0,1
120100.0,304800.0,20020.0,-23723,-1153,2,0,3,3,2,0,2,0,0,0
45000.0,116300.0,7450.0,-11336,-3904,1,0,1,3,1,0,1,0,0,0
138700.0,429500.0,29050.0,-11487,-3179,3,1,1,3,1,0,3,0,0,1
149700.0,361300.0,22980.0,-21349,-224,2,0,3,3,1,0,2,0,0,1
111100.0,491400.0,21530.0,-11390,-254,2,0,3,3,2,0,2,0,1,1
146000.0,560000.0,29150.0,-17597,-7538,2,0,1,3,1,0,3,0,1,0
174000.0,385300.0,21530.0,-14990,-2809,2,0,3,3,1,3,2,1,0,1
173200.0,745000.0,49620.0,-14466,-2226,1,0,1,3,3,0,2,0,0,0
88900.0,200100.0,9460.0,-12395,-2416,3,0,3,0,2,0,2,0,1,0
101000.0,436200.0,24130.0,-19205,-2870,3,0,3,3,1,0,1,0,1,1
133600.0,489800.0,21120.0,-11938,-462,3,0,0,3,3,0,2,0,0,1
150400.0,598500.0,28940.0,-13118,-2749,3,1,2,3,1,0,2,1,1,1
141600.0,308500.0,18260.0,-23736,-1125,5,1,3,3,3,0,2,1,0,1
273100.0,495800.0,26270.0,-8904,-1232,1,0,0,3,1,0,2,0,0,1
162100.0,621500.0,28710.0,-16644,-751,1,0,3,0,1,0,2,0,0,1
91200.0,168100.0,7990.0,-19937,-1460,1,0,0,2,4,0,2,0,1,1
135800.0,253400.0,16250.0,-18841,-2627,3,0,3,3,1,0,2,0,0,1
218600.0,759100.0,39300.0,-22658,-3055,5,0,3,3,1,0,3,0,0,1
45000.0,119200.0,5340.0,-14966,-1528,1,0,3,0,1,0,1,0,1,0
294600.0,1241200.0,72390.0,-9584,-1048,2,1,3,3,0,0,2,0,0,1
78000.0,192700.0,10370.0,-15292,-1920,2,0,3,3,1,0,2,0,0,0
89100.0,230100.0,12830.0,-21106,-1300,3,0,3,0,1,0,2,0,0,0
97600.0,318600.0,18770.0,-12024,-890,2,0,3,3,1,0,2,0,0,1
104000.0,311600.0,19140.0,-16536,-1049,1,0,3,1,1,0,2,0,1,1
158900.0,404600.0,18820.0,-10398,-2508,4,0,2,0,4,0,3,0,0,1
118000.0,428100.0,20430.0,-23044,-1494,3,1,1,0,1,0,2,0,1,0
102300.0,292300.0,14840.0,-20717,-2540,1,1,2,3,1,0,3,1,1,0
165400.0,462200.0,20450.0,-15552,-3049,2,0,2,3,1,0,2,0,0,0
254000.0,700000.0,44410.0,-22662,-4939,3,0,3,3,0,0,1,0,0,0
410800.0,937300.0,53360.0,-11614,-1061,2,0,3,3,1,0,2,0,1,1
239300.0,493400.0,22410.0,-9177,-1747,2,0,0,0,0,0,2,0,0,0
60700.0,225400.0,10910.0,-22149,-667,3,0,0,3,0,0,2,0,0,0
198500.0,407100.0,20380.0,-16245,-1948,1,0,1,0,1,0,2,0,0,1
182900.0,779800.0,45290.0,-9699,-1630,1,0,3,3,3,0,2,0,0,1
151400.0,392900.0,23960.0,-13368,-556,2,0,3,3,1,0,3,0,0,1
264500.0,965400.0,49870.0,-9912,-67,3,0,1,3,0,0,2,0,0,1
145200.0,639900.0,31610.0,-11845,-2015,3,0,0,3,1,3,2,0,1,1
252200.0,613100.0,35740.0,-13649,-2637,1,0,0,3,1,0,2,0,1,1
122600.0,341000.0,17960.0,-8457,-406,1,0,3,0,0,0,2,0,1,1
367100.0,1094100.0,57720.0,-14346,-686,5,0,3,0,1,0,2,0,0,1
180000.0,434500.0,23300.0,-21412,-790,3,0,3,3,3,0,2,0,0,1
223100.0,688300.0,43910.0,-14336,-1412,2,0,3,3,4,0,1,0,0,0
175200.0,706700.0,33200.0,-17728,-7704,2,0,1,3,3,0,3,0,0,1
94200.0,291000.0,17130.0,-7791,-1062,2,0,3,0,3,0,2,0,1,1
46600.0,95900.0,4790.0,-18695,-1779,3,0,3,0,1,1,2,0,1,1
248300.0,920100.0,53820.0,-22498,-1784,2,0,0,3,1,0,1,1,0,1
57100.0,132700.0,7220.0,-16735,-1392,2,0,2,3,1,0,3,1,0,1
221300.0,593800.0,37740.0,-10803,-1036,2,0,3,3,1,0,2,0,1,1
155700.0,457000.0,26310.0,-8862,-2287,2,0,3,3,0,0,2,0,0,1
130400.0,415600.0,20400.0,-17256,-391,2,0,0,3,1,0,2,0,0,0
240400.0,676800.0,42850.0,-19855,-1618,2,0,0,3,1,0,2,0,0,1
330500.0,657100.0,31350.0,-19778,-1800,2,0,3,3,1,0,3,0,0,1
100200.0,284400.0,18720.0,-18091,-2854,3,0,2,3,1,0,2,0,0,1
119300.0,258000.0,16310.0,-21356,-4815,2,0,0,3,1,0,2,1,0,1
290600.0,1272000.0,64790.0,-13154,-2933,1,0,1,3,1,0,1,0,1,1
96600.0,279200.0,13240.0,-13164,-4785,1,0,0,3,1,0,1,0,0,0
250300.0,460500.0,29010.0,-10333,-1000,3,0,3,3,1,0,3,0,1,1
184000.0,799000.0,45470.0,-22283,-217,1,0,3,3,1,0,3,0,0,1
126900.0,402100.0,26450.0,-10964,-4389,1,0,1,3,1,0,2,0,1,1
124500.0,327700.0,16300.0,-18600,-1123,1,0,1,3,3,0,3,0,1,1
101200.0,214600.0,12380.0,-16298,-3062,2,0,3,0,1,2,2,0,0,0
131400.0,342500.0,17820.0,-14384,-1607,1,0,3,3,1,0,1,0,0,0
248800.0,1088700.0,62950.0,-23650,-218,2,0,1,3,1,0,2,0,1,0
85000.0,298700.0,14980.0,-22442,-435,1,0,0,3,1,0,1,1,0,1
248300.0,739600.0,46680.0,-8553,-1979,2,0,3,3,0,0,3,0,0,0
182600.0,797700.0,43410.0,-12642,-1108,2,0,3,0,1,0,2,1,0,1
94900.0,274500.0,18260.0,-7804,-724,1,0,0,3,3,0,2,0,0,1
494600.0,1206100.0,79700.0,-8301,-723,3,1,1,0,1,0,2,0,1,0
72800.0,229300.0,15100.0,-13711,-4514,3,0,0,3,0,3,2,0,0,0
97800.0,401200.0,21390.0,-11562,-3812,2,0,1,3,1,0,2,0,1,0
122300.0,325300.0,15130.0,-17234,-5663,2,1,1,0,1,0,2,0,0,1
133200.0,351700.0,15530.0,-17323,-704,2,0,0,0,1,0,1,0,0,0
206000.0,504100.0,23150.0,-22496,-3390,2,0,3,3,1,0,3,0,0,1
178200.0,773500.0,42500.0,-21627,-458,1,0,3,3,1,0,2,0,1,1
156800.0,561900.0,32480.0,-18495,-243,2,0,3,3,2,0,2,0,1,1
142000.0,410700.0,18670.0,-18019,-1740,1,0,3,3,1,0,2,1,0,1
179900.0,785200.0,48210.0,-8373,-1798,3,0,2,3,1,0,2,0,0,1
65600.0,247900.0,15980.0,-18043,-240,4,0,3,3,1,0,2,1,0,0
251200.0,788700.0,49900.0,-22869,-4816,1,1,0,3,3,0,2,0,0,0
195900.0,658700.0,29550.0,-17676,-625,3,1,3,3,4,0,2,0,0,1
264200.0,765900.0,35430.0,-13060,-381,1,0,3,3,1,0,3,0,0,1
74900.0,327200.0,16380.0,-9607,-729,2,0,3,3,1,0,2,0,0,1
100300.0,219400.0,13130.0,-21711,-56,5,0,0,2,1,0,2,1,0,1
255200.0,751400.0,36710.0,-11533,-1282,2,0,2,3,1,1,1,0,0,1
73400.0,309600.0,18200.0,-12460,-109,2,0,3,0,1,0,2,0,0,1
334600.0,1262600.0,58510.0,-15616,-1323,4,0,3,3,1,0,2,1,1,1
114100.0,290400.0,12520.0,-9197,-823,2,0,3,3,1,3,2,0,0,1
277900.0,593700.0,25410.0,-15928,-192,1,0,0,3,4,0,2,1,0,1
137500.0,581800.0,30240.0,-14534,-1367,1,0,0,3,2,0,3,0,1,0
203200.0,683100.0,38890.0,-9710,-2622,2,0,0,3,3,0,1,0,0,1
96300.0,288900.0,19210.0,-11559,-117,5,0,3,0,1,0,3,0,0,0
215800.0,665900.0,32780.0,-12575,-679,3,0,3,2,1,0,2,0,0,1
91300.0,269700.0,14880.0,-10949,-3881,3,0,1,3,4,0,2,1,0,1
70100.0,223900.0,10410.0,-11946,-3629,3,0,3,3,1,3,3,0,1,1
58200.0,134100.0,7680.0,-19512,-1503,1,0,3,3,1,0,2,0,1,1
93400.0,204400.0,13760.0,-10026,-214,1,1,3,3,1,0,3,0,1,1
109700.0,380900.0,21940.0,-8023,-1449,4,0,3,0,1,0,3,0,1,0
64200.0,227300.0,12170.0,-9619,-1502,2,0,3,3,1,0,2,0,0,1
133100.0,534400.0,25680.0,-14135,-433,2,0,3,3,1,2,2,0,0,1
157900.0,367400.0,16140.0,-17925,-989,2,0,1,3,1,0,2,1,0,0
108000.0,366900.0,21080.0,-13165,-1959,2,0,0,0,1,3,2,0,0,0
249700.0,1004100.0,59420.0,-20000,-3666,5,1,2,3,1,0,2,1,0,1
76300.0,164400.0,9800.0,-10630,-1068,2,0,3,3,1,0,1,0,0,1
797200.0,3000000.0,189880.0,-22587,-596,4,0,0,3,1,0,2,0,1,0
232500.0,659100.0,42080.0,-7826,-471,2,0,3,3,0,0,3,0,0,1
148500.0,485000.0,32070.0,-9077,-2503,4,0,3,3,0,0,2,0,0,0
160400.0,461300.0,29940.0,-22640,-153,2,0,0,3,3,0,2,0,0,0
61600.0,216400.0,9470.0,-14992,-1054,1,0,3,3,0,0,2,1,0,1
371000.0,916300.0,45810.0,-9755,-3181,2,0,3,3,1,2,2,0,0,1
260100.0,718800.0,36070.0,-23579,-514,4,0,1,3,3,0,2,0,0,0
128100.0,307100.0,19590.0,-7869,-1295,2,0,3,3,1,0,1,0,0,0
294400.0,1010000.0,51530.0,-20565,-4270,1,0,3,3,1,0,1,0,1,1
167100.0,666000.0,33570.0,-15592,-1164,1,0,0,3,1,0,1,0,0,1
198700.0,475400.0,27230.0,-8045,-111,1,0,0,3,1,0,3,0,0,1
203700.0,693100.0,42310.0,-10592,-1302,2,0,0,3,0,1,2,0,0,0
45000.0,102300.0,4340.0,-8724,-2150,1,0,1,3,3,0,1,0,0,1
231900.0,873600.0,41060.0,-11865,-937,3,0,3,3,0,0,2,0,0,1
98100.0,187700.0,11750.0,-19456,-1722,2,0,0,3,1,0,2,1,1,1
68600.0,235700.0,12170.0,-17890,-3204,4,0,0,0,0,0,2,0,1,0
213300.0,825500.0,41500.0,-15287,-256,2,0,3,3,1,0,1,0,0,1
97900.0,231600.0,12590.0,-12223,-584,4,0,3,1,1,3,2,0,0,0
184600.0,674700.0,37280.0,-21480,-854,1,0,3,3,1,0,3,0,0,1
243700.0,1023500.0,47580.0,-15748,-874,1,1,3,1,0,3,2,0,0,0
145700.0,389500.0,21960.0,-16000,-1118,3,0,3,3,1,0,1,0,0,1
177900.0,516700.0,24150.0,-12684,-993,1,0,1,3,1,0,2,0,0,0
200600.0,550800.0,31630.0,-22411,-3548,1,0,0,3,1,0,3,1,0,1
121200.0,479100.0,30410.0,-17439,-553,2,0,3,0,1,0,2,0,0,1
158200.0,295500.0,16090.0,-10932,-100,3,0,3,0,1,0,2,0,1,1
184200.0,357200.0,19880.0,-17003,-2376,3,1,3,3,1,0,2,0,1,0
220300.0,473500.0,28530.0,-12652,-200,1,0,3,3,1,0,2,0,1,0
56600.0,117600.0,5700.0,-11703,-836,3,0,0,0,1,0,2,0,1,1
185900.0,500400.0,33830.0,-11507,-4932,4,0,3,3,1,0,2,0,1,1
118800.0,512300.0,21940.0,-11687,-1825,2,0,0,3,4,0,2,0,0,1
143100.0,582200.0,30030.0,-18031,-1087,3,0,3,3,3,0,2,0,1,1
195500.0,451000.0,30500.0,-9156,-385,2,1,1,3,2,0,2,0,0,0
121100.0,407100.0,20610.0,-9510,-618,2,0,1,3,2,0,2,0,0,1
259700.0,784600.0,51070.0,-7952,-1377,1,0,3,3,1,0,2,0,1,1
139100.0,625300.0,35500.0,-19609,-900,2,0,0,0,0,0,2,0,0,1
122500.0,227600.0,10300.0,-9689,-1871,5,0,0,3,2,0,2,0,1,1
220200.0,685100.0,31450.0,-11737,-1790,2,0,1,0,3,0,2,1,0,1
64700.0,212300.0,13510.0,-10185,-1377,4,0,0,3,2,0,3,1,0,1
510000.0,1170300.0,72990.0,-16593,-737,2,0,3,0,1,0,1,0,1,1
121800.0,524100.0,30420.0,-17025,-1781,1,0,3,3,3,0,2,0,0,1
181800.0,556600.0,23850.0,-16894,-738,2,0,3,1,1,0,2,0,1,1
215200.0,459000.0,19880.0,-8958,-2263,3,0,3,0,1,0,1,1,0,1
96500.0,176300.0,10900.0,-11413,-268,2,0,3,3,1,0,2,0,0,0
179800.0,392800.0,17890.0,-21546,-202,2,0,1,0,1,1,2,0,0,1
146400.0,272000.0,11610.0,-22073,-773,2,0,3,0,3,0,2,0,1,0
215000.0,703100.0,37020.0,-18084,-597,2,0,3,0,1,0,2,0,0,0
89800.0,364900.0,15800.0,-19033,-1527,2,0,0,3,1,0,2,0,1,0
232700.0,958800.0,53770.0,-13067,-913,4,0,3,3,4,0,1,0,0,0
243400.0,705300.0,41270.0,-13828,-738,2,0,1,3,1,0,2,0,1,1
160200.0,522200.0,24550.0,-8919,-548,2,0,1,3,0,0,3,0,0,0
96500.0,219900.0,14640.0,-13567,-1321,3,0,3,3,1,0,1,0,1,0
137100.0,259200.0,13800.0,-18220,-458,2,0,1,0,1,1,1,1,0,1
191200.0,854500.0,46360.0,-21471,-3217,2,0,3,3,2,0,2,0,1,0
124200.0,316000.0,13900.0,-12005,-2349,4,0,3,3,1,0,2,0,1,1
193900.0,622900.0,35550.0,-20658,-3994,1,0,1,3,0,0,2,0,0,1
216700.0,459700.0,29320.0,-16920,-228,1,0,3,3,2,0,3,0,0,0
168000.0,661600.0,34780.0,-12563,-308,4,0,0,0,1,0,2,0,1,1
69400.0,144300.0,9000.0,-9696,-3122,2,0,0,3,1,0,2,0,0,1
144500.0,326100.0,17200.0,-16149,-1607,2,0,1,0,1,0,1,0,0,1
155600.0,600300.0,40150.0,-20051,-1750,2,0,0,3,1,0,2,0,1,0
268100.0,486900.0,31340.0,-16887,-2712,2,1,1,3,3,0,2,0,1,1
184700.0,404800.0,21310.0,-21766,-1464,2,0,3,3,1,0,2,0,1,1
197200.0,770500.0,47710.0,-10221,-3646,2,0,0,3,1,0,1,0,0,1
121800.0,402800.0,17300.0,-20562,-601,1,0,0,3,1,0,2,0,1,1
70000.0,141300.0,8620.0,-7808,-1234,2,0,0,0,1,0,2,1,0,0
116400.0,443000.0,25020.0,-21248,-12488,3,0,3,3,3,0,2,0,0,1
90700.0,294300.0,19940.0,-17275,-154,1,0,3,3,1,0,1,0,0,1
207800.0,461700.0,25230.0,-9426,-1067,2,0,3,0,1,1,2,1,0,0
97000.0,256100.0,10830.0,-9018,-2443,2,1,0,0,1,2,2,0,0,1
73700.0,147600.0,10000.0,-22899,-1511,1,0,3,3,1,2,2,1,0,1
165600.0,352900.0,23540.0,-13183,-320,2,0,3,3,1,0,2,0,0,1
108000.0,198800.0,13070.0,-12987,-3974,1,0,0,3,0,0,2,0,0,0
154900.0,394100.0,17180.0,-21300,-4593,2,0,3,0,1,0,2,0,0,0
89400.0,274300.0,15260.0,-15677,-1939,2,0,0,3,0,0,2,1,1,0
331400.0,1420500.0,86200.0,-22804,-54,1,0,3,3,0,1,1,0,1,0
76500.0,282200.0,16210.0,-21697,-1378,2,0,2,2,3,0,2,0,0,0
191000.0,437900.0,19810.0,-22111,-2507,2,1,1,3,2,0,2,1,0,1
263400.0,1062300.0,59030.0,-16843,-71,2,0,3,3,1,0,2,0,0,1
128600.0,523500.0,28770.0,-18428,-838,2,0,0,0,1,0,2,1,0,1
45000.0,187900.0,12080.0,-21991,-3520,2,0,3,3,1,0,2,0,0,1
118500.0,281000.0,17670.0,-13952,-184,2,0,3,0,1,0,2,0,1,1
178100.0,602900.0,33610.0,-13046,-1120,2,0,3,3,1,0,2,0,0,1
197800.0,874800.0,38740.0,-21385,-3876,1,0,3,3,0,0,2,0,0,1
196500.0,466300.0,31580.0,-16182,-89,2,0,1,3,1,0,2,0,0,1
145200.0,600300.0,39120.0,-20397,-412,2,0,2,3,1,0,2,0,0,0
143700.0,612200.0,28960.0,-18307,-2718,2,0,0,3,1,0,2,0,1,1
107100.0,326100.0,15550.0,-14402,-775,2,0,0,0,1,0,2,0,1,1
191700.0,836700.0,41020.0,-8314,-245,1,0,0,0,1,0,1,0,1,1
116900.0,415400.0,24700.0,-20506,-1992,4,0,3,3,3,0,3,0,0,0
245100.0,617600.0,32180.0,-10119,-3545,5,0,1,0,2,0,2,0,1,0
166600.0,301400.0,12870.0,-22244,-3672,5,0,3,3,1,0,1,0,0,0
112400.0,491300.0,30270.0,-15852,-1778,4,0,3,0,0,0,1,0,0,1
81600.0,260600.0,12490.0,-16803,-4038,1,0,3,1,3,2,3,1,1,1
89400.0,243000.0,14140.0,-21572,-2611,1,0,3,3,1,0,2,0,1,1
137400.0,251500.0,17010.0,-16520,-36,2,0,0,3,4,0,1,0,1,1
76400.0,271600.0,15700.0,-14250,-3787,2,1,1,3,1,0,2,0,0,0
313000.0,1097200.0,58940.0,-10288,-1911,1,0,0,3,3,0,2,0,0,0
72400.0,184100.0,10290.0,-20148,-1329,3,0,0,0,1,0,3,0,1,1
262400.0,498800.0,21420.0,-21281,-3771,2,0,3,3,1,0,3,0,0,0
130000.0,236000.0,14340.0,-12882,-1978,1,0,0,0,1,0,2,0,1,1
69400.0,171400.0,11410.0,-18073,-1119,2,0,1,3,3,3,3,0,0,0
45000.0,101500.0,5900.0,-11417,-245,4,0,3,3,1,0,3,1,1,1
94600.0,244700.0,13020.0,-17116,-491,1,0,3,3,3,0,1,0,0,0
197800.0,451600.0,25390.0,-10944,-841,2,0,0,3,3,1,2,0,1,0
379000.0,1412500.0,73410.0,-12286,-574,3,0,0,3,0,0,2,1,0,1
130200.0,497700.0,29710.0,-16335,-1975,5,0,1,3,1,0,2,1,1,1
105400.0,472100.0,23880.0,-15722,-2463,4,1,3,2,1,0,2,0,0,0
139600.0,471900.0,28220.0,-18041,-176,4,0,3,3,1,3,2,1,0,1
132100.0,309300.0,18540.0,-10706,-665,1,0,3,3,3,0,2,0,0,0
100400.0,427600.0,20790.0,-15320,-2314,4,0,3,3,1,0,3,0,0,1
231100.0,928400.0,40920.0,-20956,-640,1,0,1,3,3,0,1,0,1,1
92800.0,346600.0,22230.0,-10317,-2313,4,0,3,3,1,0,2,0,1,1
46000.0,159600.0,8010.0,-21626,-464,2,0,3,0,1,0,3,0,1,1
120300.0,437600.0,22760.0,-16503,-1370,2,0,3,3,1,0,1,0,0,1
114300.0,247700.0,11370.0,-10387,-2414,3,1,3,3,0,0,2,0,1,0
115500.0,377800.0,15980.0,-14354,-1847,2,1,3,1,1,0,2,0,1,1
154900.0,582400.0,25120.0,-10507,-173,2,0,1,3,1,0,2,0,0,1
70700.0,133100.0,7650.0,-11318,-3092,2,0,0,3,1,0,2,0,1,1
52700.0,158500.0,10460.0,-19060,-44,3,0,1,2,1,0,2,1,0,0
120200.0,426100.0,26370.0,-11040,-2172,3,0,3,0,1,0,2,0,1,1
123100.0,497200.0,30410.0,-20618,-1809,2,0,3,3,4,1,2,0,1,1
75500.0,192100.0,12000.0,-17734,-2562,2,0,1,3,3,0,1,0,1,1
83800.0,346100.0,17620.0,-18592,-2430,1,0,3,3,1,0,2,1,0,1
66000.0,151000.0,9180.0,-11986,-3125,2,0,3,0,1,0,2,0,1,1
89900.0,391600.0,21860.0,-9607,-3033,3,1,3,3,1,0,2,0,0,0
449600.0,1714800.0,97810.0,-8884,-2309,4,0,0,3,3,0,2,0,0,0
157400.0,510600.0,22500.0,-22960,-3446,1,0,3,3,3,0,2,0,0,1
148900.0,590800.0,26600.0,-11499,-350,3,0,3,3,4,3,3,1,1,1
96000.0,192700.0,9750.0,-18361,-523,2,0,2,3,3,0,3,1,0,1
84600.0,253700.0,11640.0,-17896,-4273,5,0,3,3,1,0,1,0,0,1
236300.0,599300.0,26180.0,-21871,-109,3,1,3,0,1,2,3,0,0,0
108500.0,320300.0,18200.0,-16733,-782,4,0,2,3,1,0,2,0,0,0
112800.0,476900.0,22170.0,-10583,-3737,2,1,3,3,1,0,2,0,0,0
86800.0,265200.0,14600.0,-19247,-2087,1,0,3,3,1,0,2,0,1,1
165900.0,601400.0,27520.0,-18552,-629,2,0,3,0,1,0,2,0,0,1
307800.0,1174800.0,50600.0,-19955,-3262,1,0,1,1,3,0,3,0,0,0
174700.0,629800.0,39270.0,-20781,-39,2,0,1,0,4,0,2,0,1,1
384500.0,1123900.0,51520.0,-13717,-122,1,1,1,3,1,0,2,0,0,0
180300.0,587400.0,29500.0,-13425,-2619,1,0,3,3,1,0,2,0,0,0
242800.0,437100.0,21780.0,-16841,-1757,2,0,1,0,3,0,2,0,1,0
209300.0,847900.0,39290.0,-10429,-3254,2,0,3,3,1,0,3,0,1,1
122100.0,371000.0,19730.0,-13669,-174,2,0,2,3,1,0,3,1,1,1
69600.0,195100.0,10180.0,-16080,-1239,2,0,2,3,3,0,2,0,0,0
148700.0,519900.0,33620.0,-17876,-6783,1,0,3,0,1,0,2,0,0,0
321900.0,833000.0,37100.0,-20706,-117,1,0,0,3,3,0,2,0,0,0
117700.0,445000.0,27620.0,-21024,-58,2,0,3,3,3,0,2,0,0,0
192000.0,581900.0,26950.0,-22412,-2132,1,0,0,3,1,3,2,0,1,1
193200.0,449100.0,22420.0,-11431,-1787,2,0,3,3,3,0,2,0,1,1
121400.0,220800.0,14010.0,-8654,-215,1,0,3,3,3,0,3,0,0,1
83700.0,330100.0,17570.0,-8318,-783,2,1,3,0,3,3,2,0,1,1
143000.0,621500.0,41150.0,-12763,-1497,3,0,1,3,1,0,2,0,1,1
241300.0,915300.0,55650.0,-8520,-1946,2,0,3,3,1,0,2,0,0,0
165600.0,576900.0,38240.0,-18276,-369,2,0,1,3,1,0,3,0,0,0
107600.0,230200.0,11430.0,-12697,-36,1,0,3,3,1,0,2,0,0,0
179500.0,427900.0,25480.0,-9024,-1696,2,0,3,3,1,0,2,0,0,0
227800.0,937500.0,57880.0,-12912,-515,2,0,3,3,1,0,2,0,1,1
112000.0,295700.0,15540.0,-21644,-1857,2,0,1,3,0,0,2,0,0,1
324500.0,1335300.0,72440.0,-10913,-1031,2,1,2,3,1,0,2,0,0,1
178500.0,553000.0,36190.0,-18499,-2682,4,0,2,3,4,0,1,0,1,1
262700.0,758100.0,38610.0,-8105,-1476,2,0,1,3,1,0,2,0,1,1
190700.0,572000.0,37040.0,-17850,-2012,2,0,3,0,1,0,2,0,0,1
100200.0,190100.0,10770.0,-13734,-1333,4,0,1,3,1,0,2,0,0,1
258000.0,739700.0,45150.0,-8096,-210,2,0,3,3,1,0,2,0,1,1
214700.0,856400.0,49660.0,-15830,-181,2,0,2,3,1,3,2,1,1,1
71100.0,172400.0,11350.0,-15862,-8750,1,0,3,0,4,0,1,1,0,0
229200.0,413500.0,18600.0,-12682,-3860,3,1,3,3,2,0,1,0,0,1
144500.0,416600.0,19460.0,-9300,-984,2,0,3,3,3,0,3,0,1,1
301300.0,691400.0,44610.0,-21061,-3909,4,1,3,2,1,0,2,0,1,1
142100.0,447400.0,20870.0,-20890,-589,2,0,3,3,3,0,2,0,0,1
260800.0,649600.0,30420.0,-18180,-2228,1,0,3,3,1,0,3,0,0,1
181600.0,339300.0,21150.0,-23277,-2604,2,0,0,3,4,0,2,0,0,0
288700.0,625900.0,33100.0,-18862,-150,3,0,0,3,2,0,2,0,0,1
124100.0,237000.0,12820.0,-8481,-756,5,1,0,3,4,0,2,0,0,1
121100.0,451900.0,22780.0,-11668,-3408,2,0,2,3,1,3,3,0,1,1
68700.0,165100.0,9430.0,-17536,-1950,1,0,0,3,0,0,2,0,0,1
201900.0,447200.0,28710.0,-20203,-2867,5,0,3,3,3,0,3,0,0,1
50000.0,193200.0,10010.0,-8158,-1584,4,0,1,3,1,0,1,1,1,1
109800.0,462200.0,30020.0,-11892,-36,2,0,3,3,1,3,2,0,0,0
137400.0,600800.0,34910.0,-16306,-945,2,0,3,0,4,0,3,0,0,1
93200.0,391200.0,25650.0,-21717,-669,2,0,0,3,1,0,2,1,1,0
210900.0,661700.0,36150.0,-20641,-6165,4,0,1,3,1,1,2,0,0,0
93900.0,362700.0,15640.0,-17044,-584,1,1,3,3,1,0,2,0,1,1
108500.0,256900.0,17190.0,-19914,-734,4,1,1,2,1,0,2,0,1,1
346700.0,946200.0,55990.0,-21200,-2711,2,0,3,0,3,0,2,0,0,1
276800.0,981500.0,48610.0,-14475,-5552,2,0,3,3,1,0,3,1,0,1
135600.0,589600.0,33630.0,-21832,-86,1,0,1,3,1,0,2,0,0,0
150200.0,488500.0,26910.0,-15618,-2812,2,0,3,3,1,0,3,1,0,0
84600.0,228600.0,13190.0,-14033,-199,4,0,3,0,3,0,3,0,1,1
132300.0,434100.0,29490.0,-21305,-3988,2,0,3,3,0,0,3,0,0,1
71400.0,151600.0,6490.0,-21706,-952,2,0,3,3,4,0,2,0,0,0
315000.0,765300.0,46430.0,-16919,-2075,2,0,1,3,1,0,3,1,0,1
52000.0,95100.0,4080.0,-12089,-2175,2,0,3,3,1,3,2,1,1,1
257400.0,1017200.0,55390.0,-14274,-5011,2,0,0,3,0,0,2,0,1,1
225200.0,453800.0,24200.0,-17804,-461,2,0,3,3,1,0,2,0,0,1
112200.0,379300.0,19040.0,-20677,-1492,2,0,0,3,1,0,2,0,1,1
95600.0,247700.0,13520.0,-23318,-2279,5,0,0,3,1,0,3,0,0,1
122900.0,399000.0,25250.0,-17166,-623,2,0,3,2,1,0,2,1,1,0
153800.0,354100.0,18410.0,-15652,-699,2,0,3,3,1,0,2,0,0,1
125400.0,468000.0,27860.0,-9546,-730,2,0,1,0,1,0,3,1,0,1
284300.0,668600.0,40850.0,-19216,-1533,1,0,3,3,1,0,2,0,0,0
147300.0,507700.0,34150.0,-9598,-3023,2,0,0,3,3,0,3,0,0,1
84400.0,154000.0,9500.0,-10240,-1445,1,0,0,3,3,0,2,0,0,1
68000.0,126600.0,8280.0,-14374,-441,2,0,1,3,4,1,2,0,0,1
106000.0,452300.0,24190.0,-17121,-2349,2,0,3,3,1,0,2,0,0,0
142600.0,437000.0,18860.0,-18203,-8986,2,0,2,3,1,0,2,1,1,1
204200.0,900000.0,39830.0,-19228,-855,4,0,3,0,1,0,2,0,0,0
210900.0,632700.0,31480.0,-13407,-1772,3,0,3,3,1,0,2,0,0,1
124900.0,365400.0,20070.0,-17019,-1499,2,0,3,3,1,0,2,0,0,1
208500.0,924900.0,62170.0,-12226,-5651,1,0,3,3,1,0,1,1,1,1
140100.0,423800.0,27560.0,-9041,-374,3,0,0,3,0,0,2,0,0,1
267900.0,833800.0,39200.0,-14050,-3754,3,0,3,0,1,0,3,1,1,1
193300.0,471900.0,25130.0,-19831,-2268,4,1,1,3,3,0,3,0,0,0
158200.0,498800.0,31700.0,-11797,-572,3,0,3,3,1,0,2,0,0,1
153700.0,561200.0,32960.0,-8603,-978,1,0,1,0,1,0,2,0,1,1
166400.0,369700.0,17420.0,-21145,-36,2,0,3,3,2,0,2,0,0,1
119100.0,532100.0,23730.0,-21422,-3083,1,0,3,0,1,0,3,0,0,0
185800.0,354100.0,17940.0,-12912,-1665,2,0,0,3,1,0,3,0,0,0
117500.0,502300.0,32260.0,-12147,-295,3,0,3,3,1,0,2,0,0,1
152200.0,377500.0,19790.0,-15715,-189,2,1,1,3,1,0,2,0,0,1
207100.0,625200.0,30140.0,-22921,-3798,3,0,3,3,1,0,1,1,0,1
110200.0,349700.0,21430.0,-15669,-1751,1,0,3,3,2,0,3,1,0,1
84200.0,291800.0,19000.0,-8085,-963,2,0,1,3,3,0,2,0,0,1
91900.0,266000.0,16830.0,-13894,-575,2,0,3,0,1,0,2,1,0,1
148100.0,475600.0,22560.0,-10687,-4112,3,0,3,0,4,0,3,1,0,1
154100.0,681700.0,30460.0,-8397,-111,2,1,3,0,1,0,2,0,1,0
110800.0,353000.0,14890.0,-23714,-1212,1,0,1,0,1,0,2,0,0,1
359000.0,1341200.0,57980.0,-23188,-3738,1,1,3,3,3,2,2,0,0,1
70500.0,135800.0,7380.0,-16570,-426,1,0,3,0,1,0,2,0,0,1
69500.0,249300.0,13160.0,-12646,-1668,2,0,2,3,1,0,2,1,0,0
88200.0,354600.0,17460.0,-23463,-7042,2,0,3,0,3,0,2,0,0,0
94400.0,348600.0,15790.0,-10334,-1748,4,0,0,3,1,0,3,0,0,0
247400.0,795600.0,43980.0,-10263,-3689,3,0,3,3,2,0,2,0,0,1
120400.0,461500.0,21640.0,-14655,-973,3,0,0,3,1,0,2,0,0,1
102800.0,379400.0,18810.0,-17208,-1998,3,0,3,3,2,0,2,1,0,0
45000.0,178500.0,9260.0,-17719,-3973,2,0,3,3,3,3,2,0,0,1
121400.0,443600.0,22940.0,-8877,-2303,1,0,3,0,1,0,2,1,0,1
403900.0,865300.0,57280.0,-14278,-1864,2,1,3,3,3,0,3,0,0,0
147100.0,530500.0,27340.0,-18269,-288,1,0,3,0,0,0,2,0,1,1
308300.0,766400.0,35420.0,-18404,-828,1,0,3,3,1,0,3,0,0,1
355500.0,879300.0,58230.0,-8750,-864,1,0,1,3,4,0,1,0,1,1
172400.0,614800.0,31760.0,-12490,-600,5,0,3,0,1,0,3,0,1,1
365500.0,814100.0,46030.0,-15003,-1497,2,0,1,3,2,0,2,0,0,0
230600.0,632500.0,28130.0,-15442,-623,2,0,2,0,1,3,1,0,1,1
107100.0,431700.0,22960.0,-8910,-2336,1,0,3,1,1,0,1,1,1,0
319500.0,1322100.0,60110.0,-19146,-1412,3,1,3,0,1,0,2,0,0,1
115800.0,264100.0,14400.0,-22175,-2524,1,0,3,3,1,0,2,1,0,1
194100.0,806800.0,49600.0,-13723,-630,2,0,0,3,1,0,2,0,0,0
122600.0,347000.0,18290.0,-23582,-2346,2,0,3,3,1,1,1,1,1,1
122800.0,313700.0,17820.0,-15776,-263,2,0,3,0,1,0,3,1,0,0
133200.0,253900.0,15100.0,-12301,-453,1,0,3,3,4,0,2,0,0,1
96900.0,424000.0,23160.0,-17486,-4207,2,0,3,0,1,0,3,0,1,1
69900.0,201700.0,13270.0,-22687,-459,3,1,3,0,1,0,2,0,0,1
81700.0,354200.0,22470.0,-11520,-422,2,0,0,3,1,0,3,0,1,1
178000.0,321100.0,20030.0,-20447,-1095,2,0,3,0,1,0,2,1,1,0
279800.0,1254900.0,72030.0,-21852,-126,2,0,1,3,0,0,1,0,0,1
100200.0,205400.0,12230.0,-12513,-1383,2,0,3,3,1,0,1,0,1,0
85500.0,188000.0,10660.0,-13679,-313,1,0,0,3,3,0,3,0,0,1
65700.0,236100.0,12670.0,-14771,-726,2,0,3,3,3,0,1,0,1,0
216200.0,862900.0,42230.0,-9022,-2447,2,0,3,0,1,0,1,0,1,1
123100.0,541800.0,23800.0,-13882,-4885,2,0,3,2,1,3,2,0,0,1
222100.0,700400.0,47600.0,-11849,-47,1,0,3,3,1,0,2,0,0,0
154600.0,626100.0,34470.0,-8337,-1762,2,0,0,0,1,2,1,0,0,1
96500.0,297500.0,13390.0,-8746,-716,4,0,1,0,1,0,2,0,1,1
148300.0,418000.0,19370.0,-22336,-4215,3,0,3,3,1,0,1,0,0,1
98700.0,315300.0,19540.0,-15126,-259,2,0,1,3,1,0,2,0,1,1
321100.0,891900.0,59360.0,-8428,-273,4,0,0,0,0,1,2,1,0,1
212700.0,507400.0,23530.0,-11651,-3424,2,0,0,0,1,0,2,0,1,1
53700.0,212900.0,9010.0,-19364,-2333,2,0,0,3,3,0,2,0,1,0
177000.0,630300.0,38250.0,-14182,-66,2,0,1,0,1,2,1,0,0,1
132900.0,452200.0,22800.0,-10063,-2780,1,0,3,3,1,0,1,0,0,0
80900.0,321500.0,20980.0,-16287,-1986,2,0,0,3,1,0,1,1,1,1
121800.0,528000.0,25070.0,-15804,-304,3,0,3,3,2,0,2,1,0,1
242600.0,923100.0,40150.0,-13939,-149,3,0,3,3,1,0,2,0,1,1
198900.0,537800.0,23440.0,-12466,-1655,2,0,1,0,2,0,2,0,0,1
106800.0,215800.0,12760.0,-22744,-2958,3,0,3,0,1,0,2,0,0,0
113800.0,491400.0,21310.0,-12706,-638,3,0,1,0,1,0,2,0,0,1
91400.0,316500.0,21430.0,-20598,-1939,1,1,3,0,2,0,2,0,0,1
45000.0,161600.0,7230.0,-21814,-458,2,0,0,3,1,0,2,0,1,0
450700.0,1532200.0,67750.0,-11306,-141,4,0,0,3,1,0,2,0,1,1
122700.0,448400.0,27320.0,-16776,-3594,3,0,3,3,3,0,2,0,1,1
128900.0,434500.0,24230.0,-17818,-1788,2,0,3,3,1,0,2,0,0,0
79000.0,267000.0,13940.0,-19692,-286,1,0,3,0,1,0,2,1,0,0
168700.0,572800.0,30610.0,-8050,-1098,3,0,3,3,2,0,3,0,0,0
126200.0,247500.0,12410.0,-10383,-736,2,0,1,0,1,0,1,1,0,0
209800.0,809400.0,38730.0,-20767,-1189,4,0,0,3,1,3,2,0,0,1
160400.0,589900.0,31190.0,-21155,-1637,2,0,1,0,1,2,2,0,1,1
73600.0,238800.0,12190.0,-16988,-1484,2,1,3,3,1,3,1,0,1,1
162900.0,492500.0,22220.0,-17091,-906,1,0,1,0,1,3,2,0,0,0
187400.0,459100.0,22130.0,-17097,-186,2,0,3,3,1,0,2,0,0,1
57100.0,175900.0,8310.0,-20621,-97,2,0,3,3,1,0,2,0,0,0
210300.0,590900.0,38920.0,-9295,-2720,2,0,3,0,1,0,1,0,0,1
85700.0,249600.0,15050.0,-14009,-1475,4,1,0,3,3,0,2,0,0,0
502300.0,1441700.0,87880.0,-19079,-708,2,0,3,3,0,0,2,0,0,1
142100.0,491500.0,27700.0,-9376,-2801,2,0,0,3,3,0,2,0,0,0
288800.0,749000.0,33470.0,-11831,-284,2,0,3,0,1,0,2,0,1,1
177100.0,636500.0,36700.0,-14545,-543,2,1,3,3,1,0,1,0,1,1
86800.0,317100.0,21420.0,-22941,-1882,3,0,3,3,1,0,2,0,1,1
108700.0,462000.0,21990.0,-10377,-411,2,0,3,0,1,0,2,0,0,1
348400.0,715900.0,34590.0,-22923,-3192,2,0,3,3,1,0,2,0,0,1
134000.0,379400.0,19470.0,-14761,-36,5,0,1,3,1,0,3,0,0,1
127200.0,359700.0,23930.0,-17460,-5103,3,0,3,3,1,0,1,0,0,0
327900.0,1389800.0,68180.0,-17017,-1303,3,0,1,3,1,0,2,0,0,1
198100.0,497900.0,30180.0,-18765,-54,2,0,0,3,1,0,1,0,1,1
155300.0,288000.0,16380.0,-13955,-940,2,0,0,2,1,0,2,0,0,0
214200.0,919000.0,55280.0,-20672,-266,2,0,3,3,3,0,2,0,1,0
165000.0,651300.0,44110.0,-15516,-3935,2,0,0,1,0,0,2,1,1,1
170300.0,690600.0,35600.0,-13991,-148,2,0,0,0,3,0,2,0,0,1
242200.0,703600.0,36580.0,-7967,-323,2,1,0,0,1,0,2,0,0,1
98800.0,393300.0,18130.0,-16309,-1947,1,0,3,3,0,0,2,0,0,0
247500.0,469800.0,21910.0,-11546,-1868,3,0,3,3,0,0,3,1,1,0
114900.0,292100.0,18940.0,-10539,-520,1,0,3,3,1,0,3,0,1,1
97900.0,334200.0,15330.0,-11011,-745,3,0,3,3,1,0,1,0,1,1
185500.0,551400.0,37070.0,-9602,-1733,3,1,3,3,0,0,1,1,1,0
278200.0,751800.0,35430.0,-7977,-658,4,0,3,2,3,0,2,0,1,0
128100.0,527200.0,23630.0,-16202,-119,1,0,3,0,3,0,1,0,1,0
166200.0,489100.0,30310.0,-17559,-2130,4,0,1,3,3,0,2,0,1,0
189700.0,372200.0,25080.0,-12536,-565,2,0,0,3,1,0,1,0,1,1
313200.0,623700.0,30920.0,-17860,-455,1,0,3,0,3,0,2,0,0,0
81700.0,319100.0,14630.0,-13089,-2987,4,1,3,3,0,0,2,0,0,0
182400.0,425700.0,23650.0,-16261,-372,1,0,1,3,1,0,3,1,0,1
267400.0,892500.0,47920.0,-13332,-548,1,0,3,0,4,0,2,0,1,1
100300.0,315700.0,13830.0,-10632,-461,2,0,2,3,1,3,2,0,1,1
193400.0,854300.0,37050.0,-9788,-319,2,0,3,3,1,0,2,0,0,0
118000.0,289000.0,13770.0,-10608,-1888,3,0,3,3,1,0,2,0,0,0
60200.0,171500.0,8610.0,-22515,-432,1,0,3,3,0,0,2,1,0,1
142200.0,341500.0,14660.0,-21801,-2989,2,0,3,0,1,3,1,1,0,0
152000.0,303500.0,19690.0,-7712,-1138,3,0,3,3,4,0,2,0,0,1
369900.0,1431600.0,85410.0,-20377,-153,2,1,3,3,1,0,2,0,1,0
92000.0,376000.0,20320.0,-18317,-497,3,0,3,3,1,0,2,0,0,0
72400.0,314000.0,17990.0,-9518,-2197,4,0,3,1,1,0,3,1,0,1
75700.0,237000.0,13440.0,-20227,-267,4,0,3,0,3,0,1,1,0,1
162800.0,321200.0,17100.0,-12020,-3939,4,0,3,0,1,0,2,0,0,1
90800.0,396400.0,23400.0,-14276,-4054,2,0,0,0,1,0,2,0,0,1
165400.0,482300.0,23760.0,-22469,-1744,2,0,3,3,3,0,1,1,1,1
342100.0,1479300.0,87030.0,-19742,-494,1,1,0,3,3,0,2,0,0,1
88100.0,334300.0,15880.0,-9960,-1486,3,0,3,3,2,0,3,0,1,1
127900.0,456200.0,25070.0,-15061,-259,1,1,3,0,1,0,2,1,1,0
207800.0,527900.0,23720.0,-14383,-297,2,0,0,3,1,0,2,0,0,1
129400.0,472700.0,29280.0,-13008,-781,4,0,1,3,3,0,2,1,0,0
123600.0,389200.0,24320.0,-9269,-2694,1,0,1,0,1,2,3,0,1,0
201700.0,745300.0,32200.0,-14358,-323,3,0,0,0,1,0,2,0,0,1
431100.0,1432700.0,73440.0,-9128,-2553,2,0,2,3,1,0,2,0,1,0
174500.0,416800.0,25310.0,-8844,-1207,1,0,1,0,2,0,1,0,0,1
133900.0,411300.0,18740.0,-23188,-4330,3,0,3,3,1,0,2,0,0,0
158000.0,364000.0,23510.0,-13858,-695,2,0,3,3,1,0,1,0,1,1
72900.0,249400.0,11240.0,-16730,-796,2,0,0,1,0,0,3,1,0,1
156700.0,321600.0,15310.0,-19182,-7163,3,0,3,3,3,1,2,0,1,1
116700.0,336500.0,14180.0,-22037,-792,2,0,3,3,3,0,2,1,1,1
130000.0,459400.0,24720.0,-18308,-260,2,0,3,3,1,0,2,0,1,1
67100.0,251400.0,13000.0,-18129,-987,2,0,0,0,1,0,2,0,0,1
132100.0,267100.0,18110.0,-17285,-5816,5,0,3,0,1,0,2,0,1,1
133200.0,478800.0,24290.0,-9432,-457,4,0,0,0,0,0,3,0,0,1
107600.0,380900.0,25240.0,-9154,-149,2,0,3,0,1,0,2,1,0,1
113400.0,287400.0,15730.0,-7959,-617,3,0,1,3,1,0,3,0,0,1
95900.0,232800.0,12400.0,-8921,-196,1,0,3,3,1,0,2,0,0,1
99600.0,407100.0,21630.0,-16990,-728,1,1,0,1,1,0,1,0,1,0
102300.0,436600.0,22240.0,-21354,-4712,1,0,2,0,1,0,2,0,1,1
597600.0,1757800.0,108720.0,-21097,-108,2,0,3,3,1,0,2,0,0,1
139100.0,611300.0,33850.0,-22282,-3045,1,0,3,3,1,0,2,1,1,0
234000.0,859400.0,52260.0,-22100,-1543,1,0,0,0,1,0,1,0,0,1
75500.0,139600.0,7870.0,-19619,-1780,1,0,0,3,1,0,2,0,0,0
256800.0,1116100.0,60210.0,-18304,-5015,1,0,3,0,1,0,2,0,0,1
176000.0,357900.0,18550.0,-18152,-459,1,0,2,1,1,1,2,0,0,1
134100.0,302600.0,13290.0,-8151,-1304,2,0,0,0,1,0,1,0,0,1
143600.0,498700.0,25070.0,-18088,-36,1,0,3,3,1,0,2,1,0,1
244900.0,665400.0,36260.0,-10308,-42,3,0,1,3,1,0,2,1,1,1
139100.0,590100.0,32580.0,-15737,-2317,1,0,3,0,0,0,1,0,1,1
77500.0,180100.0,10060.0,-11929,-4529,4,1,3,3,1,0,2,0,1,1
170000.0,431100.0,28120.0,-16420,-403,5,0,3,3,3,0,1,1,0,0
97500.0,343400.0,20200.0,-18478,-3656,1,0,0,0,3,0,2,0,0,1
109100.0,229000.0,11980.0,-18592,-821,4,1,3,0,3,0,1,0,0,0
83500.0,275500.0,13560.0,-21384,-3271,2,0,3,1,1,0,2,0,1,1
69300.0,303900.0,15550.0,-11314,-752,2,1,3,0,1,3,1,0,0,0
160600.0,553700.0,29360.0,-7853,-176,5,0,2,3,1,0,1,0,0,1
192400.0,567400.0,25380.0,-22346,-982,2,0,3,0,3,0,3,0,0,1
101100.0,411500.0,20030.0,-20348,-186,1,0,3,3,1,0,1,0,0,0
181600.0,463600.0,25310.0,-9830,-2807,3,0,0,3,1,0,2,0,0,0
142800.0,486600.0,22800.0,-22982,-767,3,0,3,0,1,0,2,0,0,0
161800.0,510200.0,26260.0,-18728,-583,3,0,3,3,1,0,1,0,1,1
61600.0,206200.0,10730.0,-17611,-469,3,0,3,1,4,0,1,0,1,1
100300.0,402600.0,26910.0,-18622,-476,3,0,0,3,2,0,1,0,0,0
152600.0,666400.0,36720.0,-15862,-547,1,0,0,3,1,0,1,1,0,1
77000.0,141300.0,9450.0,-8956,-1019,1,0,3,3,4,0,2,1,0,1
201100.0,821700.0,52040.0,-10387,-3794,1,0,0,3,1,0,2,0,1,1
242100.0,972200.0,51420.0,-22092,-7521,4,0,3,0,1,0,2,0,0,1
321600.0,1069800.0,68490.0,-17120,-193,2,1,3,0,4,0,2,1,0,1
45400.0,145200.0,6680.0,-9305,-103,3,0,0,3,3,0,1,0,0,0
127900.0,268300.0,15970.0,-16369,-564,4,1,3,3,1,0,1,0,0,1
87400.0,375900.0,20080.0,-13433,-159,3,0,3,3,1,0,2,0,0,1
108700.0,397400.0,17390.0,-8556,-176,3,0,3,3,3,0,2,0,0,1
144700.0,547100.0,23180.0,-22818,-1083,2,0,3,3,1,0,2,0,1,1
160400.0,381200.0,25310.0,-14109,-1638,2,0,0,3,1,1,3,0,1,0
172400.0,578600.0,36170.0,-12405,-5713,1,0,1,3,1,0,2,0,0,1
287200.0,1072800.0,70560.0,-14209,-560,2,0,3,3,1,2,2,1,1,0
1382700.0,3000000.0,133730.0,-10304,-2509,2,0,3,0,1,0,2,0,0,0
158100.0,590100.0,28150.0,-23670,-1245,1,0,1,2,1,0,2,0,0,1
244200.0,764800.0,42480.0,-11105,-2491,1,0,3,3,1,0,2,0,0,1
136600.0,285600.0,19390.0,-12305,-4752,2,0,0,3,1,0,2,0,1,1
147900.0,627800.0,42030.0,-20077,-4128,2,0,3,0,1,0,1,0,0,0
289700.0,696600.0,31360.0,-8950,-857,2,1,3,3,0,0,2,0,0,0
94600.0,393100.0,23990.0,-19248,-957,2,0,3,3,1,0,2,0,0,1
96700.0,214100.0,12920.0,-11388,-1003,2,0,3,3,0,0,3,0,0,0
249800.0,940400.0,39530.0,-19978,-186,3,1,0,3,1,0,2,0,0,0
166400.0,710000.0,36900.0,-21597,-1084,1,0,3,0,1,0,2,0,0,1
133200.0,529500.0,22630.0,-16634,-354,2,0,3,3,1,0,2,0,0,1
65600.0,161700.0,10060.0,-20669,-3369,1,0,1,3,1,0,2,1,0,0
147400.0,268900.0,14520.0,-10617,-2697,3,0,2,3,1,0,3,0,0,1
154500.0,378300.0,16580.0,-17301,-317,1,0,0,3,1,0,2,0,1,1
149500.0,329300.0,21690.0,-19695,-5791,2,0,3,0,1,0,2,0,0,0
371500.0,941500.0,60650.0,-14393,-4425,1,1,1,3,1,0,2,0,1,1
134400.0,344400.0,17760.0,-10219,-1823,4,0,0,3,1,0,2,0,0,1
99500.0,300200.0,17580.0,-21711,-540,3,0,1,0,1,0,2,0,0,1
219100.0,584600.0,34930.0,-15589,-1604,3,0,3,3,1,0,1,0,0,0
147600.0,304400.0,19450.0,-15234,-425,2,0,3,3,1,0,3,0,0,1
316500.0,822900.0,53450.0,-8672,-445,2,0,0,0,0,1,1,1,0,1
183700.0,774600.0,33110.0,-8321,-498,2,0,1,3,3,0,3,1,1,1
389200.0,832800.0,54640.0,-14200,-4294,5,0,3,0,1,1,2,0,0,1
381700.0,893300.0,39600.0,-10085,-3096,2,0,3,0,1,0,3,0,1,0
45300.0,100500.0,5860.0,-23473,-1901,2,0,0,3,1,0,3,0,0,0
84500.0,360100.0,18510.0,-20491,-304,1,0,3,3,1,0,2,1,0,0
261500.0,774900.0,43590.0,-10143,-2266,4,0,1,3,1,0,3,0,1,1
317600.0,1213700.0,66650.0,-10361,-2448,4,0,3,0,1,0,2,0,0,1
198800.0,659500.0,42240.0,-21210,-1981,2,0,3,3,0,0,2,0,0,1
209700.0,401200.0,22710.0,-21229,-1076,1,0,1,0,3,0,2,0,1,1
397000.0,814100.0,50810.0,-13045,-6470,3,0,1,3,3,0,2,0,0,1
161300.0,572300.0,30300.0,-7692,-1117,2,0,0,0,1,0,2,0,0,1
84200.0,153200.0,7300.0,-19394,-1160,2,0,0,1,1,0,3,0,0,1
124100.0,394500.0,21770.0,-20483,-1984,1,0,0,3,1,0,2,1,0,1
217100.0,730800.0,49020.0,-21175,-924,3,0,0,3,1,2,2,1,1,0
153300.0,313900.0,13740.0,-11303,-198,2,0,3,3,4,0,3,0,1,1
200200.0,896400.0,57250.0,-16454,-2062,2,0,0,0,1,1,3,0,0,1
81000.0,275000.0,16430.0,-11477,-2243,2,0,3,3,1,0,2,0,0,1
70800.0,290000.0,14070.0,-12900,-2243,1,0,1,3,1,0,2,0,0,0
89800.0,172900.0,9590.0,-11736,-2082,3,0,3,3,3,0,2,0,1,1
196700.0,588200.0,28640.0,-13702,-1874,2,0,0,3,1,0,3,0,1,0
103200.0,373700.0,22780.0,-14356,-36,1,0,0,0,1,0,2,0,0,1
136600.0,547900.0,25090.0,-8308,-778,3,0,3,0,1,0,2,0,0,0
117400.0,213200.0,11050.0,-14985,-1344,3,0,3,2,1,0,2,1,1,1
45800.0,145400.0,8970.0,-11200,-3357,2,1,0,3,1,0,2,0,0,1
54300.0,190100.0,9740.0,-13299,-2098,1,1,1,3,1,0,1,1,1,1
95400.0,281500.0,16450.0,-21203,-149,2,0,3,3,1,0,1,0,1,1
152600.0,285300.0,14220.0,-18725,-600,2,0,0,3,0,0,2,0,1,0
188400.0,822600.0,37160.0,-13540,-6620,1,0,1,3,1,0,2,0,1,1
126300.0,306400.0,17030.0,-8386,-1510,3,0,3,3,1,0,2,1,0,1
177100.0,786900.0,33880.0,-16750,-1527,1,0,2,3,1,0,3,0,0,0
202100.0,696800.0,37330.0,-20179,-1774,1,0,3,0,2,0,2,1,1,1
65000.0,209100.0,9440.0,-14507,-1452,2,0,3,0,1,0,3,1,0,1
308900.0,1202300.0,55870.0,-20984,-302,5,0,3,3,1,0,1,1,1,1
86300.0,352800.0,23280.0,-10070,-3456,4,0,3,0,1,0,2,0,1,1
146400.0,411100.0,21080.0,-11304,-817,2,0,0,3,1,0,2,1,1,1
82000.0,157200.0,10640.0,-19084,-1403,2,0,3,3,1,0,1,0,1,1
173600.0,655100.0,32770.0,-16347,-2556,2,0,0,3,1,0,2,1,0,1
134200.0,280200.0,16720.0,-10379,-1390,4,0,2,0,3,0,2,0,0,0
130100.0,467400.0,21240.0,-17119,-5761,2,0,3,3,1,0,2,0,0,0
232000.0,620300.0,35050.0,-18806,-1103,2,0,2,0,1,1,2,0,0,1
284600.0,1207900.0,63940.0,-8066,-704,1,0,1,3,4,0,3,0,0,1
98500.0,261300.0,13630.0,-22779,-4189,2,0,1,3,0,0,2,0,1,1
89200.0,177300.0,8500.0,-20117,-3208,2,0,1,0,1,0,1,0,0,0
125000.0,428100.0,24290.0,-22469,-534,2,0,3,3,4,0,2,1,0,1
307800.0,1105700.0,66490.0,-9540,-1045,1,1,0,1,1,3,2,1,0,0
371000.0,814600.0,34960.0,-23647,-1543,4,0,0,3,2,0,2,1,0,1
267300.0,570400.0,27110.0,-9276,-2701,1,0,3,3,1,1,2,0,1,0
241300.0,754200.0,46260.0,-10480,-1675,4,0,0,0,1,0,3,0,1,1
92300.0,242400.0,15200.0,-20119,-1265,2,1,3,0,3,0,2,1,0,1
127900.0,401400.0,20410.0,-13604,-1304,2,0,3,3,1,2,2,1,1,0
92300.0,241500.0,12710.0,-23257,-3133,4,1,3,3,3,0,1,0,0,0
114700.0,314300.0,15340.0,-9760,-2614,1,0,0,3,3,2,1,0,1,1
72400.0,275300.0,17120.0,-11758,-36,1,0,3,0,3,0,2,0,0,1
90900.0,385400.0,18830.0,-9783,-2695,4,0,3,3,3,0,2,0,0,1
111700.0,306700.0,13910.0,-19791,-1853,2,0,3,3,1,0,2,0,1,1
115200.0,446300.0,27530.0,-22906,-692,2,0,0,3,1,0,3,0,1,1
192500.0,661400.0,34510.0,-20556,-758,1,0,3,3,1,0,3,0,0,0
111900.0,239000.0,12990.0,-8293,-1719,4,0,3,0,1,0,3,0,0,1
75200.0,141500.0,9210.0,-15901,-1293,2,0,3,3,1,0,2,0,1,1
141000.0,626800.0,28640.0,-15884,-1469,4,0,2,3,1,0,3,0,1,1
266100.0,1041500.0,44160.0,-20542,-1552,3,0,3,0,1,0,1,0,0,0
255400.0,959700.0,59910.0,-9260,-1731,1,0,3,1,1,0,2,0,0,0
487200.0,1439300.0,71350.0,-20485,-804,3,0,3,3,3,0,2,0,1,0
107600.0,216700.0,9300.0,-9695,-2414,2,1,3,3,0,0,2,0,1,0
55000.0,130500.0,7220.0,-15782,-3037,4,0,3,0,1,0,2,0,0,1
245500.0,876100.0,45060.0,-8065,-125,4,0,3,3,1,0,2,1,1,1
84600.0,154900.0,9400.0,-17373,-684,2,0,3,3,0,0,2,0,0,0
104800.0,437200.0,22540.0,-11844,-2278,4,0,3,3,1,0,2,1,0,1
250400.0,620700.0,33970.0,-8720,-2146,1,0,3,3,1,0,2,0,0,1
70000.0,231400.0,15160.0,-10196,-540,3,0,0,0,1,0,3,0,0,1
63800.0,185300.0,9690.0,-16724,-1192,2,0,0,3,1,0,3,0,0,1
133300.0,442500.0,26650.0,-11362,-870,2,0,1,0,1,0,1,0,1,0
86900.0,248500.0,15760.0,-14948,-2622,1,0,1,0,1,0,1,0,0,1
96800.0,325400.0,16600.0,-18444,-139,1,0,3,3,1,0,2,0,0,1
189200.0,401300.0,20620.0,-9195,-461,2,0,3,3,3,0,3,0,1,0
567600.0,1377200.0,84770.0,-22938,-219,1,0,2,3,2,0,1,0,0,0
228400.0,930300.0,56730.0,-23581,-190,5,0,0,3,2,0,2,0,0,1
134300.0,312600.0,15440.0,-9660,-2389,1,0,2,0,1,0,2,0,0,1
83400.0,336400.0,21650.0,-22606,-423,4,0,3,1,3,0,2,0,1,1
326000.0,1341900.0,77710.0,-8505,-721,2,1,3,3,1,0,2,1,1,0
174800.0,720700.0,39530.0,-20545,-1335,1,0,1,0,3,0,2,1,0,0
103100.0,452300.0,23140.0,-17165,-2598,3,0,3,3,1,0,2,1,1,1
102000.0,455700.0,19940.0,-21771,-2183,2,0,2,3,3,2,3,0,1,0
56800.0,210100.0,8890.0,-16334,-1334,1,0,3,3,3,0,2,0,1,0
106600.0,443400.0,21800.0,-8811,-2236,1,0,0,0,1,0,3,0,0,1
121400.0,406800.0,20820.0,-16618,-343,2,0,3,3,1,0,3,1,0,1
74600.0,318000.0,20060.0,-14575,-1832,1,0,1,0,1,3,1,0,0,1
278000.0,1052500.0,64070.0,-8573,-438,3,0,3,0,1,1,3,0,1,1
133000.0,563800.0,31190.0,-11806,-231,2,1,3,3,2,0,2,0,1,1
116900.0,317900.0,14300.0,-11603,-1052,3,0,3,0,1,0,2,0,0,0
83900.0,370300.0,19310.0,-17702,-1493,1,1,1,0,1,0,1,0,0,1
104600.0,220600.0,11660.0,-22030,-36,2,0,3,3,1,0,2,0,0,0
183500.0,597200.0,33840.0,-16182,-259,3,0,3,0,0,0,2,0,0,1
174100.0,409000.0,22560.0,-8706,-36,2,1,3,3,4,0,2,0,0,1
155900.0,341800.0,22590.0,-11543,-2478,1,0,3,3,4,0,3,0,1,0
238900.0,733400.0,31520.0,-8677,-1853,4,0,0,3,1,0,1,0,0,1
181000.0,343100.0,15800.0,-10871,-3777,2,0,3,3,1,2,2,0,1,1
202500.0,574100.0,34660.0,-10462,-3888,3,1,3,3,1,0,2,0,0,1
199500.0,830100.0,35840.0,-21618,-522,2,0,0,0,4,0,1,0,1,1
337500.0,1073300.0,50950.0,-16956,-1232,2,0,3,0,1,0,2,1,0,1
385300.0,1140200.0,50630.0,-10978,-357,3,1,1,3,3,0,3,0,0,1
138400.0,525400.0,33730.0,-9903,-2811,1,0,3,3,1,0,1,0,1,1
112800.0,395900.0,18570.0,-20956,-1703,4,0,3,3,1,0,2,0,0,1
118800.0,363600.0,16580.0,-9078,-2504,2,0,3,0,1,0,2,0,0,1
118500.0,455400.0,24070.0,-18303,-142,1,0,0,1,1,0,2,0,0,1
59900.0,246900.0,14280.0,-23191,-4593,1,0,3,0,1,0,1,0,0,1
65700.0,272200.0,12060.0,-15375,-1657,2,0,1,0,3,0,2,0,1,0
116800.0,524800.0,34630.0,-13443,-2436,2,0,3,3,1,0,2,0,0,1
225800.0,814400.0,49830.0,-13728,-5844,3,0,3,3,3,0,2,0,1,1
138600.0,289400.0,16640.0,-12831,-91,1,0,1,0,1,0,2,1,1,1
161500.0,342700.0,16670.0,-21156,-2658,3,0,3,3,1,0,1,0,1,1
94500.0,301700.0,17480.0,-7733,-1158,3,0,1,3,1,0,2,0,0,0
230500.0,879200.0,54030.0,-13348,-730,3,0,3,3,0,0,3,0,0,1
89100.0,256600.0,15310.0,-22916,-966,2,0,1,3,1,0,2,1,0,1
124700.0,520300.0,23660.0,-20617,-316,1,0,3,3,3,0,1,1,0,1
360700.0,950200.0,41330.0,-23353,-5980,5,0,3,3,0,1,2,0,0,1
197300.0,764400.0,37340.0,-15520,-1487,1,0,1,3,0,0,2,0,0,0
193200.0,385900.0,18870.0,-22371,-2130,2,0,2,3,1,0,2,1,1,1
137500.0,532300.0,35270.0,-18081,-2380,3,0,3,3,4,0,3,0,1,1
45000.0,129100.0,8770.0,-16236,-125,3,0,3,3,0,0,2,0,1,1
122500.0,373600.0,25070.0,-21979,-36,1,0,3,0,3,1,2,1,0,1
256900.0,903100.0,54750.0,-20682,-36,2,0,3,3,1,0,2,1,0,1
58700.0,171900.0,8990.0,-19116,-5035,2,0,3,0,3,0,2,0,0,1
158400.0,582700.0,27150.0,-22003,-598,2,0,3,3,2,0,3,0,1,1
144000.0,366700.0,21160.0,-19570,-335,2,0,3,0,1,0,2,1,0,1
71100.0,189100.0,10860.0,-9067,-795,3,0,3,3,3,0,2,0,1,0
388500.0,1129600.0,69670.0,-17627,-1803,1,0,3,2,1,2,2,0,1,0
49600.0,164700.0,11000.0,-22125,-469,2,0,3,3,1,0,2,0,0,0
97100.0,283600.0,13810.0,-12254,-1057,4,0,3,3,1,0,2,0,0,1
228900.0,584800.0,35100.0,-22278,-45,3,0,0,3,3,0,1,0,1,1
131700.0,362600.0,15710.0,-8731,-1370,1,0,0,0,1,0,3,0,0,1
221400.0,524000.0,32460.0,-10353,-617,1,0,3,3,1,0,2,1,1,0
141700.0,553700.0,23470.0,-16004,-529,2,1,3,3,1,1,2,0,0,1
148200.0,428800.0,22940.0,-22788,-1684,1,0,3,3,3,0,1,0,0,1
116400.0,436900.0,24740.0,-8213,-1638,4,0,0,3,4,0,3,0,0,1
162200.0,324700.0,14230.0,-10400,-574,5,0,0,3,1,0,2,1,0,0
120000.0,259400.0,10940.0,-15756,-3033,4,0,1,0,1,0,2,0,0,1
185800.0,489900.0,28690.0,-15117,-4917,1,0,3,3,1,0,2,0,1,1
101900.0,298600.0,12670.0,-7815,-1241,2,0,3,3,1,0,2,0,0,1
110100.0,283100.0,13510.0,-17638,-1543,1,0,3,0,3,0,3,0,0,1
96100.0,182100.0,9540.0,-19439,-1039,2,1,3,3,0,0,3,1,0,1
88600.0,381500.0,23330.0,-15446,-1263,1,0,1,3,2,0,2,0,0,0
368100.0,1572700.0,81910.0,-11047,-2002,2,0,1,3,1,0,1,0,1,0
195200.0,847500.0,55760.0,-14481,-499,3,0,3,0,0,0,2,0,1,1
110700.0,392500.0,17940.0,-7784,-36,1,0,3,0,1,0,2,0,1,0
212800.0,763100.0,35540.0,-13038,-1931,1,0,3,3,0,0,1,0,0,1
205000.0,408100.0,24860.0,-21107,-7388,2,0,3,3,1,0,3,0,0,1
233400.0,839400.0,53100.0,-16844,-139,1,0,2,3,4,0,2,0,1,1
108600.0,267400.0,13300.0,-11374,-83,1,0,0,3,1,0,2,0,0,1
131800.0,500800.0,27400.0,-13891,-2529,2,0,3,3,0,0,2,1,1,1
241700.0,1047500.0,46010.0,-16012,-1840,2,0,1,3,1,0,2,0,0,1
193900.0,530800.0,31220.0,-13342,-1705,2,0,1,3,1,0,2,0,1,1
150500.0,443100.0,22690.0,-14364,-4018,2,0,2,3,1,0,2,0,0,1
150100.0,664300.0,40520.0,-11137,-830,2,1,1,3,1,0,3,0,0,1
147100.0,611900.0,30530.0,-21629,-1307,2,0,0,1,1,0,3,0,0,1
82100.0,259800.0,11120.0,-9673,-3099,2,0,0,3,1,3,1,0,1,1
208700.0,533800.0,24050.0,-14360,-1738,3,0,3,3,1,0,2,0,0,0
134500.0,529100.0,33090.0,-20326,-533,1,0,3,3,1,2,2,0,1,0
388800.0,1415600.0,91680.0,-17100,-1807,1,0,2,3,1,0,3,1,0,1
270000.0,927400.0,55940.0,-14654,-1266,2,0,3,3,2,0,2,0,0,0
152200.0,444100.0,21710.0,-9711,-3137,3,0,3,3,1,2,2,0,0,0
134600.0,362100.0,15930.0,-23438,-1243,5,0,1,0,3,0,3,0,0,1
81900.0,169800.0,8970.0,-10627,-36,1,0,3,3,1,1,1,0,0,0
231100.0,984800.0,66280.0,-17709,-1349,2,0,3,3,2,0,2,1,1,0
201300.0,852400.0,36470.0,-12644,-1596,2,0,3,1,3,0,2,1,1,0
68600.0,147200.0,6400.0,-11794,-3672,2,0,0,3,1,0,2,0,0,0
68500.0,261500.0,17130.0,-11193,-1907,3,0,3,0,0,0,3,0,0,0
114000.0,273400.0,12760.0,-17039,-1657,2,0,3,3,1,0,2,0,0,0
346200.0,878000.0,37190.0,-10668,-1283,5,0,0,3,0,0,2,0,0,0
112100.0,351600.0,18390.0,-19497,-2379,4,0,1,0,1,0,3,0,0,1
164700.0,700600.0,29920.0,-17857,-551,2,0,1,3,1,0,2,0,0,1
184500.0,438700.0,26780.0,-19969,-5840,2,1,3,3,3,0,2,0,1,1
154600.0,449700.0,26600.0,-17301,-1674,2,0,3,3,3,0,2,0,1,0
204700.0,920300.0,40020.0,-7973,-36,1,0,3,3,1,0,2,0,0,1
229200.0,833200.0,54460.0,-23115,-1579,2,0,1,3,0,0,2,0,0,1
188300.0,368800.0,19060.0,-19029,-628,3,0,3,3,1,0,2,0,0,0
187000.0,774600.0,43820.0,-19020,-732,2,0,3,3,2,0,2,0,1,0
173800.0,447500.0,21320.0,-18801,-2133,2,0,1,3,1,0,3,0,1,0
155600.0,324900.0,20150.0,-18854,-1517,2,0,3,3,1,0,2,0,0,1
218800.0,542300.0,22790.0,-23376,-784,3,0,3,3,1,0,2,0,0,0
185500.0,763300.0,47190.0,-21728,-5947,2,0,3,1,3,3,2,0,1,1
140300.0,554000.0,25830.0,-10920,-755,1,0,1,3,3,0,2,0,0,0
151400.0,456400.0,29780.0,-13101,-540,1,0,3,3,1,0,2,0,0,1
59100.0,140600.0,8390.0,-22594,-2357,2,0,3,3,2,0,3,0,0,0
150700.0,492100.0,25190.0,-14400,-1545,3,0,3,0,1,0,2,0,0,0
202300.0,895200.0,43650.0,-7913,-1338,2,0,3,0,1,0,2,0,0,0
89900.0,301500.0,13580.0,-10573,-2034,1,0,3,0,1,0,3,1,1,0
406600.0,1447700.0,71870.0,-11063,-526,1,0,1,3,3,0,3,0,1,0
136700.0,324400.0,14800.0,-14497,-155,3,0,3,3,3,0,1,0,0,1
165900.0,733500.0,43970.0,-17649,-719,3,0,3,3,1,0,2,1,0,0
60200.0,227700.0,12950.0,-12508,-4405,2,1,0,3,1,0,2,1,1,1
84000.0,310200.0,18020.0,-13471,-1274,2,0,3,0,1,3,2,0,1,1
96300.0,212000.0,13580.0,-8030,-52,1,0,3,3,2,0,3,0,0,1
165300.0,515500.0,31970.0,-8981,-922,1,0,0,3,0,0,1,0,1,0
193600.0,471300.0,26780.0,-21619,-541,2,0,0,3,1,0,2,1,0,1
121100.0,487700.0,20530.0,-16290,-473,3,0,3,3,1,0,2,0,0,0
228200.0,721000.0,39490.0,-17634,-3077,2,0,3,3,1,0,1,0,0,0
182700.0,474700.0,29100.0,-10261,-1259,5,0,0,3,2,0,2,0,0,1
203400.0,408900.0,17630.0,-23190,-3983,1,0,0,3,1,0,2,0,0,0
116900.0,274600.0,15110.0,-10647,-77,1,0,3,3,1,0,2,0,1,0
60800.0,201400.0,9800.0,-9086,-2512,2,0,1,3,1,0,3,0,1,0
181300.0,643800.0,34830.0,-17338,-328,4,0,1,3,0,3,3,0,1,0
155000.0,600100.0,33640.0,-8447,-1789,1,0,3,3,1,0,2,0,1,1
150200.0,522800.0,25580.0,-12287,-2021,2,0,3,0,1,1,3,1,0,1
123900.0,247300.0,15170.0,-10693,-1943,2,0,0,3,1,0,3,1,0,0
122300.0,382800.0,23660.0,-8328,-1754,2,0,3,3,1,0,3,0,1,0
207300.0,498000.0,28290.0,-22655,-439,3,0,3,3,2,0,2,0,0,1
141500.0,372700.0,21440.0,-23300,-2116,2,0,3,3,2,0,2,0,0,1
223900.0,784700.0,51950.0,-8981,-923,4,0,1,3,1,0,2,0,1,1
55200.0,130600.0,5580.0,-16425,-392,2,1,0,3,1,0,3,0,0,1
161500.0,498300.0,28940.0,-15749,-2799,2,0,1,3,1,0,2,0,1,1
55300.0,108600.0,6680.0,-8531,-164,2,1,3,3,1,0,2,0,0,1
224600.0,691100.0,37290.0,-20461,-1274,2,0,0,3,3,2,2,0,0,1
179600.0,429800.0,28430.0,-9830,-429,4,0,3,3,1,1,2,0,0,0
108700.0,438300.0,29370.0,-15715,-790,1,0,3,1,1,0,2,1,0,0
326200.0,1345800.0,84590.0,-19912,-1663,2,0,3,3,1,0,2,0,0,1
309000.0,1285000.0,82590.0,-21043,-4695,2,0,1,1,1,0,2,0,0,1
88200.0,229800.0,11580.0,-23179,-1832,1,0,2,3,4,0,3,0,0,1
89200.0,338100.0,17240.0,-13496,-836,3,0,3,3,1,0,3,0,0,1
172200.0,592300.0,29650.0,-16613,-2666,2,0,3,3,1,0,2,0,0,1
210400.0,933300.0,45610.0,-14966,-1414,1,0,1,0,1,0,2,0,1,1
198900.0,514100.0,32230.0,-20288,-1326,3,0,3,3,4,0,3,0,0,1
140800.0,264300.0,17110.0,-14064,-2902,1,0,1,3,1,0,1,1,0,0
157600.0,378900.0,22560.0,-17363,-1923,2,0,3,3,1,0,2,0,0,1
215800.0,670300.0,36850.0,-15884,-282,2,0,3,3,1,0,2,1,1,1
56500.0,211200.0,10640.0,-16403,-739,4,0,0,0,1,0,2,0,0,1
266800.0,1057900.0,70420.0,-11839,-477,3,1,3,3,0,0,1,1,1,0
110000.0,269100.0,14170.0,-21456,-2643,2,0,3,0,3,0,2,0,0,1
50900.0,144000.0,7920.0,-12035,-3374,1,0,2,1,3,0,3,0,1,1
148700.0,600000.0,39950.0,-12924,-375,2,0,0,0,1,3,2,0,0,1
111200.0,429500.0,21560.0,-10010,-1934,2,0,0,3,1,0,2,0,0,0
121600.0,498900.0,27900.0,-20090,-621,1,0,1,3,1,0,2,0,0,0
95900.0,339900.0,21270.0,-13932,-1040,2,0,0,3,1,0,3,0,0,1
227200.0,974800.0,55810.0,-8154,-1579,4,0,3,3,1,0,2,0,0,1
124700.0,239100.0,12340.0,-11885,-810,3,0,3,3,1,0,2,0,0,0
175000.0,591800.0,25480.0,-15402,-2434,5,0,1,3,3,0,2,0,1,1
173100.0,659900.0,43260.0,-21383,-3731,2,0,3,0,1,0,3,0,0,1
199700.0,486400.0,25200.0,-17698,-3913,1,0,3,3,4,0,2,0,0,1
288900.0,839600.0,55630.0,-11725,-1099,2,0,3,3,1,0,1,0,1,1
133200.0,567500.0,35250.0,-12015,-448,2,0,0,3,1,0,3,0,1,1
127900.0,257400.0,10820.0,-23124,-3248,4,0,1,0,0,0,1,0,0,1
225900.0,839900.0,41290.0,-14640,-5060,2,0,3,0,0,0,2,0,1,1
99700.0,446600.0,26590.0,-17135,-3669,2,0,3,0,1,0,2,0,0,1
168900.0,354700.0,21870.0,-13988,-2467,1,0,3,0,0,0,2,0,0,0
254400.0,499500.0,32880.0,-19221,-956,2,0,1,0,1,0,3,1,1,0
222200.0,535800.0,23060.0,-13184,-116,2,0,3,0,1,0,2,0,0,1
84100.0,174500.0,10760.0,-19065,-5240,2,0,3,3,2,0,2,0,0,1
108800.0,224700.0,10590.0,-20608,-240,1,0,3,1,1,0,2,0,1,1
92400.0,203800.0,12090.0,-13251,-615,5,0,3,3,1,0,1,1,0,1
235500.0,483700.0,20910.0,-14277,-3465,2,1,2,0,1,0,2,0,0,0
204700.0,448700.0,22150.0,-20471,-162,3,0,3,0,4,0,1,1,1,1
279200.0,963900.0,44320.0,-16265,-756,2,0,0,3,1,0,2,0,0,1
182200.0,595700.0,40320.0,-9090,-798,1,0,1,3,4,0,2,1,0,1
71300.0,179400.0,12080.0,-8957,-2383,3,0,1,0,4,0,1,1,0,0
111900.0,501200.0,29560.0,-16518,-1723,3,0,1,3,1,0,2,0,0,0
121900.0,262100.0,16990.0,-18343,-246,1,0,3,0,1,0,3,0,0,0
226800.0,483200.0,20670.0,-19916,-3192,2,0,2,3,1,0,2,0,0,0
200100.0,445900.0,26940.0,-12817,-36,2,0,3,3,1,0,3,0,0,1
183600.0,337900.0,20200.0,-19634,-423,3,0,2,3,4,0,2,0,0,1
142200.0,381400.0,16650.0,-18139,-541,2,0,0,3,1,0,2,0,0,0
206700.0,812800.0,48990.0,-19954,-959,5,0,1,3,1,0,2,0,1,1
152000.0,554000.0,28330.0,-7847,-953,5,0,3,3,1,0,1,0,0,1
121600.0,449700.0,25990.0,-8006,-1067,2,0,3,3,1,3,2,0,0,1
99200.0,374700.0,22550.0,-22750,-1393,2,0,0,3,1,0,1,0,0,1
135600.0,273600.0,15740.0,-9810,-3236,2,0,0,2,1,0,1,1,0,1
319200.0,1059700.0,64460.0,-8286,-1584,1,0,3,3,1,0,2,0,1,1
133200.0,273600.0,18120.0,-10341,-573,2,0,3,3,0,0,1,1,1,1
182900.0,799300.0,52370.0,-12194,-3504,3,0,3,2,1,0,2,0,1,1
76900.0,202400.0,12870.0,-11277,-4702,3,0,1,0,0,0,3,0,0,1
135300.0,455600.0,29460.0,-20748,-1017,1,0,3,3,1,0,2,0,0,1
162100.0,582500.0,25080.0,-14709,-1890,2,0,1,3,1,3,2,0,1,1
273300.0,786600.0,37000.0,-18833,-3943,1,0,0,3,1,2,2,0,0,1
128900.0,338100.0,17090.0,-10383,-2542,2,0,3,3,1,0,2,0,0,1
121300.0,471900.0,24250.0,-14272,-1873,1,0,0,3,3,0,3,0,1,0
99300.0,334800.0,14990.0,-11891,-97,2,0,3,3,0,0,1,1,0,1
163400.0,313200.0,17370.0,-14137,-630,1,0,1,0,1,0,1,1,1,0
72300.0,221800.0,12210.0,-9388,-2814,1,0,3,3,1,0,2,0,1,0
124900.0,330200.0,15480.0,-8075,-1500,4,0,3,3,3,0,2,0,0,1
105000.0,237500.0,11490.0,-8698,-119,2,0,3,3,1,0,2,0,1,1
195800.0,873300.0,40040.0,-17085,-2386,1,0,3,0,1,0,2,0,0,1
203400.0,712300.0,46110.0,-14382,-601,1,0,3,3,4,0,2,0,0,1
342600.0,791500.0,50370.0,-17497,-782,4,0,3,3,1,0,3,1,1,1
71200.0,168000.0,11040.0,-19701,-635,3,0,3,3,1,0,2,0,1,0
97600.0,177100.0,9880.0,-13200,-6369,3,0,3,3,1,0,2,0,1,1
125600.0,231800.0,11570.0,-18466,-950,2,0,1,0,1,0,3,0,1,1
206500.0,768000.0,48310.0,-17016,-1389,2,0,0,3,1,1,2,0,1,1
224300.0,924600.0,61190.0,-11057,-1010,3,0,3,0,0,0,3,0,0,1
177000.0,676700.0,37260.0,-11102,-638,3,0,0,0,0,0,2,1,0,1
209700.0,430500.0,22330.0,-14217,-1030,3,0,2,3,1,0,2,0,1,1
214200.0,859900.0,40310.0,-23254,-890,5,0,3,0,1,0,1,0,1,1
93500.0,271400.0,17020.0,-12290,-133,2,0,0,3,1,0,1,0,1,1
93300.0,412900.0,21330.0,-14544,-976,2,1,3,3,2,0,3,0,0,1
167800.0,423000.0,18910.0,-11234,-453,2,0,1,3,2,0,3,0,0,1
258000.0,859500.0,39320.0,-15730,-3724,3,0,3,3,1,0,2,1,0,0
123300.0,486800.0,20860.0,-18745,-987,4,0,0,0,1,0,2,0,0,1
104300.0,358400.0,19930.0,-11487,-951,2,0,0,0,4,0,1,0,0,0
118800.0,519800.0,24290.0,-19900,-411,4,0,3,3,1,0,2,0,0,1
139200.0,430500.0,28030.0,-18726,-4433,2,0,0,3,3,0,1,0,1,0
134300.0,378500.0,16400.0,-13601,-1964,2,1,0,3,2,0,2,0,0,1
174100.0,744800.0,40540.0,-14467,-2919,1,0,3,3,3,0,2,1,1,0
71300.0,300100.0,13360.0,-23695,-1922,2,0,3,3,4,0,1,0,0,1
128000.0,263100.0,16900.0,-14473,-6663,3,0,3,3,1,0,2,1,0,1
45000.0,136900.0,9230.0,-13578,-1606,2,0,3,3,4,0,2,0,0,1
246100.0,918800.0,39070.0,-13914,-933,2,0,3,3,1,0,2,0,1,1
237600.0,947000.0,43880.0,-15413,-2140,2,0,1,3,1,0,1,0,1,0
89700.0,394900.0,20090.0,-15756,-1858,1,0,0,3,0,0,1,0,0,1
127800.0,253200.0,16610.0,-8738,-2164,4,0,0,3,3,0,3,0,0,1
403900.0,1667100.0,86660.0,-16370,-485,2,0,3,0,0,0,2,0,0,1
222600.0,858500.0,52150.0,-9668,-3094,1,0,0,0,0,0,2,1,0,1
138000.0,525300.0,22620.0,-11559,-309,3,0,3,3,0,0,1,0,0,1
97500.0,255200.0,12970.0,-11016,-3081,3,0,3,0,1,0,2,0,1,0
233900.0,794700.0,52720.0,-17050,-1184,4,0,0,3,1,0,2,0,0,1
162600.0,603000.0,35780.0,-17373,-590,2,0,3,3,0,0,2,0,0,1
149600.0,326900.0,20800.0,-20151,-1127,2,0,3,3,1,3,2,0,0,1
212700.0,491700.0,33220.0,-12861,-876,3,0,3,1,1,0,3,1,0,0
150500.0,465700.0,27780.0,-17560,-1022,1,0,0,3,2,0,3,1,1,1
134100.0,341100.0,18770.0,-14310,-1792,2,1,3,0,4,0,2,0,1,0
57500.0,254200.0,12250.0,-18256,-2077,3,0,2,0,1,0,1,0,0,1
95800.0,211500.0,10270.0,-14438,-2324,5,0,0,3,1,0,2,0,0,1
195200.0,765400.0,46440.0,-21008,-679,2,0,3,3,2,0,2,1,0,1
192700.0,457600.0,21620.0,-18204,-576,2,0,3,0,3,0,2,0,0,0
95800.0,255500.0,11960.0,-22869,-8646,2,0,0,3,0,0,3,1,1,1
98400.0,264600.0,16410.0,-18633,-4836,2,0,0,3,1,0,3,0,0,1
78600.0,335600.0,14780.0,-12365,-1102,2,0,3,3,0,0,1,0,1,1
90700.0,255400.0,15770.0,-21671,-1498,2,0,0,3,2,0,2,0,1,0
76400.0,252800.0,12570.0,-18121,-1190,3,0,3,3,1,0,2,0,0,1
62200.0,271100.0,17480.0,-12252,-2398,3,0,0,0,1,0,2,0,0,1
220400.0,867400.0,49150.0,-17777,-2282,2,0,3,3,1,0,2,0,0,1
151300.0,303000.0,16750.0,-15711,-237,3,0,1,3,1,0,2,0,0,1
130600.0,378600.0,20390.0,-23292,-1823,2,0,3,3,3,0,3,0,1,1
228500.0,825200.0,44820.0,-22014,-2980,2,0,2,0,1,0,3,0,0,1
209100.0,688700.0,38890.0,-16017,-1412,1,0,3,3,1,0,2,0,0,1
112500.0,462000.0,27390.0,-16049,-312,1,0,0,3,1,0,1,0,1,0
45000.0,196100.0,9770.0,-8592,-1867,1,0,1,3,1,0,3,0,0,1
219100.0,693300.0,32010.0,-23121,-5644,2,0,0,0,3,0,2,0,0,1
166400.0,472900.0,21620.0,-16609,-10035,3,1,0,3,1,0,2,0,0,1
51700.0,162400.0,9850.0,-22330,-4175,2,0,2,3,3,0,2,1,1,1
228700.0,657300.0,29710.0,-12863,-2591,1,0,3,0,2,0,2,0,1,0
209000.0,591900.0,32600.0,-22614,-4690,1,0,1,3,1,1,1,0,1,1
85800.0,357400.0,21670.0,-22266,-174,2,0,3,3,3,1,2,1,0,1
465100.0,1864500.0,103800.0,-17437,-199,2,0,0,1,1,0,3,0,0,0
253200.0,940800.0,42470.0,-10157,-237,1,0,1,3,1,0,2,0,1,0
188100.0,468500.0,21630.0,-8972,-393,1,0,3,3,1,0,1,1,0,1
57500.0,245600.0,13350.0,-10504,-165,4,0,2,3,2,3,3,0,0,0
142600.0,549200.0,33040.0,-14110,-1128,2,0,3,0,4,0,1,1,0,1
136700.0,267200.0,14530.0,-13840,-132,1,0,3,1,1,0,2,0,1,1
194500.0,549600.0,25000.0,-16617,-91,3,0,2,3,1,3,2,0,0,0
63100.0,146500.0,9930.0,-18153,-906,2,0,0,0,1,0,1,0,0,1
107300.0,416900.0,26410.0,-19733,-3745,3,0,0,0,1,0,2,0,0,1
75300.0,158600.0,8790.0,-14387,-5021,3,0,3,3,1,1,3,0,0,0
180300.0,630100.0,37630.0,-20366,-1630,3,0,1,3,1,0,3,0,0,0
128100.0,368500.0,24740.0,-14171,-2209,3,0,3,0,3,0,2,0,0,1
79100.0,298300.0,13450.0,-16946,-5025,1,0,3,3,3,0,2,0,1,1
246500.0,718800.0,36230.0,-9935,-1933,2,0,3,0,1,3,1,0,0,0
67200.0,181600.0,9100.0,-7864,-471,3,0,3,0,1,0,2,0,0,1
174000.0,484700.0,21550.0,-16414,-1582,1,1,1,3,1,0,2,0,0,1
166800.0,570700.0,38000.0,-20799,-1600,5,0,3,3,2,0,2,0,1,1
285200.0,1066100.0,59670.0,-19241,-988,2,1,3,0,1,2,2,0,0,1
170200.0,580900.0,35150.0,-7680,-278,2,0,1,2,1,0,3,0,1,0
127300.0,404000.0,18600.0,-16224,-2559,2,0,3,3,4,0,2,1,0,1
256600.0,778700.0,52480.0,-22367,-50,4,0,0,3,1,0,3,0,1,1
170600.0,754900.0,36620.0,-23427,-2416,1,0,3,0,0,2,1,0,1,1
170800.0,426300.0,26090.0,-23195,-531,2,0,3,3,0,0,1,0,1,1
89500.0,391500.0,18170.0,-23459,-80,2,0,3,3,1,0,2,0,0,0
135900.0,328100.0,13890.0,-21986,-9028,3,0,1,3,2,0,2,1,1,1
66000.0,240200.0,11740.0,-11829,-2886,2,0,3,3,2,0,2,0,0,1
314200.0,712400.0,32120.0,-18360,-36,2,0,3,0,1,0,2,0,0,0
105200.0,424100.0,21040.0,-8345,-1771,2,0,3,2,3,0,2,0,0,0
136100.0,590100.0,31740.0,-15498,-1283,1,1,1,3,1,3,3,0,1,1
172600.0,387400.0,24790.0,-11512,-315,1,1,1,0,1,0,1,0,1,1
162400.0,723900.0,32070.0,-9483,-2080,3,0,3,3,1,0,2,0,1,1
154000.0,413400.0,22030.0,-23143,-392,2,0,3,3,4,0,3,0,0,1
208700.0,538500.0,24360.0,-8752,-435,3,1,3,0,1,0,2,0,1,1
435900.0,1249200.0,59650.0,-8318,-521,3,0,3,3,3,0,2,0,0,1
201700.0,881100.0,39940.0,-15973,-3234,1,0,1,0,1,0,3,0,1,0
88600.0,214600.0,11850.0,-14020,-473,1,0,3,3,1,0,1,0,0,1
153300.0,297600.0,18500.0,-22785,-2322,1,0,3,0,1,0,2,0,0,0
120600.0,442900.0,18660.0,-16835,-2599,2,0,1,3,1,1,2,0,0,1
173000.0,476800.0,27690.0,-14859,-2258,2,0,0,3,1,2,2,0,1,1
47600.0,112200.0,7420.0,-9112,-730,2,0,0,3,1,0,2,0,0,1
359400.0,1349900.0,64070.0,-13988,-3673,3,0,1,3,1,0,2,0,1,1
258600.0,1089000.0,58320.0,-8479,-1573,1,0,3,0,1,0,2,1,0,0
119100.0,438800.0,20370.0,-23012,-4610,5,0,3,3,1,0,2,0,1,1
87000.0,285500.0,15390.0,-16426,-1674,2,1,1,3,1,2,2,0,0,1
85800.0,361800.0,20740.0,-8152,-315,5,0,3,2,1,0,3,0,0,0
354700.0,921300.0,52110.0,-7818,-1244,2,0,2,3,3,0,2,1,0,0
157200.0,349100.0,18700.0,-22566,-323,2,0,3,0,1,1,1,0,1,1
328400.0,597600.0,27690.0,-17792,-433,2,0,2,0,1,0,2,1,0,1
141300.0,264000.0,12910.0,-14956,-1769,2,0,2,3,1,0,1,0,1,0
232300.0,717400.0,39420.0,-8375,-1801,2,0,3,3,1,0,2,0,0,1
197900.0,852400.0,42190.0,-14761,-4545,4,0,1,3,2,0,2,0,0,1
73000.0,257200.0,12590.0,-11881,-488,2,0,2,3,3,3,2,0,0,1
132100.0,456600.0,24520.0,-16241,-442,2,0,3,0,0,0,2,0,0,0
212700.0,770100.0,44340.0,-14850,-3063,1,0,3,3,4,0,1,0,1,0
104300.0,321900.0,21040.0,-11027,-1054,3,0,3,3,1,0,3,0,1,1
242600.0,566400.0,31910.0,-19062,-792,2,0,3,0,1,2,1,0,1,0
222300.0,702200.0,35540.0,-23045,-4429,2,0,1,3,1,0,2,0,0,1
91400.0,259100.0,16250.0,-9839,-1515,3,0,3,3,1,0,2,0,0,1
91600.0,288200.0,12320.0,-10027,-259,3,0,3,3,1,0,3,0,0,1
153700.0,565100.0,28300.0,-17700,-1622,2,0,2,3,1,0,3,0,0,1
87500.0,393400.0,17380.0,-19627,-417,3,0,3,1,3,0,2,0,0,1
81900.0,205300.0,11960.0,-17291,-3197,3,0,3,0,3,0,3,0,0,0
98000.0,243800.0,12320.0,-16668,-1099,1,0,1,3,3,0,2,1,1,0
170700.0,717500.0,42770.0,-13259,-5029,2,0,3,3,1,2,2,0,1,1
115200.0,342300.0,19760.0,-7930,-635,2,0,1,3,1,0,3,0,1,1
190100.0,603700.0,32340.0,-10862,-57,1,0,1,3,1,0,2,1,0,1
286300.0,544800.0,35430.0,-12094,-245,1,0,3,3,1,0,1,0,0,0
104100.0,302900.0,15020.0,-8825,-65,1,0,3,0,1,0,3,0,1,1
147000.0,436400.0,29070.0,-13062,-1060,2,0,1,3,1,3,2,1,1,0
216700.0,848800.0,35800.0,-17330,-771,1,0,3,3,2,2,2,0,0,0
119400.0,438000.0,21110.0,-16508,-2786,2,0,0,3,1,0,2,0,1,1
142200.0,347900.0,17790.0,-11399,-819,3,0,0,2,1,0,2,0,0,1
117400.0,231900.0,10900.0,-21152,-342,1,1,0,3,3,0,2,0,0,0
61800.0,129400.0,6130.0,-13672,-3492,2,0,3,3,0,0,2,0,1,0
327600.0,1087700.0,58590.0,-14854,-1891,1,0,0,0,2,0,2,1,0,1
112100.0,416800.0,22790.0,-20699,-495,1,0,3,0,1,0,1,0,0,0
163200.0,425100.0,27650.0,-19438,-36,5,0,0,3,3,0,3,0,0,1
189300.0,707200.0,40460.0,-19022,-717,2,0,3,3,1,0,3,0,0,0
210100.0,487100.0,24030.0,-8877,-1250,4,0,1,3,3,0,2,0,1,1
69500.0,293900.0,12550.0,-21604,-3153,2,0,0,3,1,0,2,0,1,1
157700.0,342100.0,19980.0,-21772,-187,2,0,3,3,4,0,2,0,1,1
148400.0,363000.0,21260.0,-12426,-3504,2,0,3,1,1,3,2,1,0,0
112500.0,346400.0,22410.0,-12312,-2869,2,0,0,3,1,0,2,0,0,1
388400.0,1601800.0,69000.0,-9697,-1942,1,0,0,1,1,0,2,0,1,1
242400.0,873600.0,56130.0,-11548,-1655,2,0,3,3,3,0,1,0,1,1
187200.0,627800.0,27990.0,-15893,-664,2,0,1,3,0,0,2,1,1,1
242600.0,825000.0,37470.0,-16063,-96,1,0,3,3,1,0,2,0,1,0
142400.0,368900.0,21400.0,-12594,-100,3,0,3,3,3,0,2,0,0,1
103800.0,372800.0,22510.0,-20853,-2596,4,0,1,3,1,0,2,0,0,1
114300.0,463200.0,28600.0,-21287,-2232,2,0,3,3,1,0,2,0,1,1
172200.0,758700.0,36400.0,-12366,-3332,3,0,3,3,2,0,2,0,0,1
130300.0,347500.0,16910.0,-19992,-3732,2,0,3,3,1,3,1,0,0,0
95200.0,184300.0,10350.0,-22785,-4382,1,0,0,3,1,0,3,0,0,1
138700.0,278200.0,11950.0,-21335,-2138,2,0,3,3,1,0,2,0,1,1
62900.0,211400.0,12750.0,-9140,-2566,2,0,3,1,2,0,2,0,1,1
296300.0,931300.0,57460.0,-10798,-278,1,0,3,3,3,0,2,0,0,0
173300.0,560200.0,32270.0,-23371,-454,2,1,3,3,1,0,2,0,1,1
184800.0,651900.0,28780.0,-16802,-804,1,0,3,3,1,3,2,0,0,0
139800.0,335700.0,21860.0,-14498,-2242,1,0,0,0,2,0,2,0,0,1
191500.0,443600.0,19100.0,-8605,-399,1,0,0,3,1,0,2,0,1,1
92400.0,344100.0,22690.0,-19452,-3389,2,0,0,0,1,3,2,0,0,1
364300.0,961500.0,52990.0,-17131,-5903,2,0,0,3,1,0,2,0,0,1
225300.0,911700.0,51720.0,-18323,-330,1,1,2,3,1,0,1,0,1,1
181900.0,545200.0,34080.0,-14242,-2645,1,0,3,3,1,0,2,1,0,1
154200.0,337300.0,16370.0,-14981,-1609,4,0,2,3,1,0,2,0,0,1
336800.0,1426700.0,87340.0,-22671,-2677,5,0,0,3,3,0,1,0,1,0
66100.0,126500.0,5790.0,-23023,-2016,4,0,2,3,4,0,3,0,0,1
67900.0,224700.0,14860.0,-19490,-354,3,0,0,0,2,0,1,0,1,1
138000.0,313000.0,16980.0,-9702,-2205,1,0,3,0,1,0,2,0,0,1
404800.0,1450900.0,66490.0,-16081,-378,2,0,3,3,1,0,1,0,1,0
85000.0,187200.0,10770.0,-22678,-3488,2,0,1,0,1,0,2,0,1,0
246100.0,687700.0,45410.0,-18193,-2704,3,0,2,3,1,0,2,0,0,1
111100.0,328000.0,19380.0,-9105,-186,3,0,0,3,1,0,2,0,0,1
125400.0,368900.0,24440.0,-7992,-468,3,0,1,3,3,0,2,0,0,0
63900.0,252600.0,14820.0,-8296,-1722,1,0,3,0,1,0,2,0,1,0
93700.0,235300.0,14660.0,-10486,-1673,2,0,3,3,1,0,3,0,0,1
96300.0,228200.0,12460.0,-19726,-1974,1,1,3,0,1,0,2,0,0,1
196900.0,719800.0,35640.0,-15497,-844,3,0,3,3,3,0,3,0,1,1
470400.0,1053100.0,45240.0,-20152,-177,1,0,3,0,0,0,1,0,1,1
131600.0,284800.0,12130.0,-22853,-70,3,0,3,3,1,3,1,0,1,1
184000.0,610000.0,28500.0,-8171,-36,2,0,3,0,0,3,2,0,0,1
129500.0,324200.0,21920.0,-14205,-2468,1,0,3,3,1,0,3,0,0,0
306600.0,1100200.0,73000.0,-11424,-1594,1,0,2,3,1,0,3,0,0,1
88800.0,358600.0,17400.0,-7674,-1099,2,1,2,3,1,0,2,0,0,1
45000.0,173400.0,9610.0,-7693,-296,3,0,3,3,1,0,2,0,0,0
204000.0,528600.0,31170.0,-21401,-6468,2,0,0,3,1,3,2,0,1,0
136500.0,331600.0,22360.0,-18563,-7611,1,0,1,3,1,0,2,0,0,1
113000.0,226200.0,13350.0,-8169,-48,1,1,3,3,1,0,3,0,0,0
218900.0,973100.0,61210.0,-19076,-36,1,0,3,3,1,0,2,0,0,1
232200.0,967200.0,54830.0,-17817,-5134,2,0,3,3,3,0,2,1,1,1
203900.0,519500.0,32050.0,-18132,-2017,1,0,0,3,2,0,2,0,1,1
218100.0,747300.0,36170.0,-13096,-1739,3,0,3,3,3,0,2,0,0,1
59400.0,151500.0,10300.0,-19531,-649,2,0,3,3,1,0,2,0,0,1
152100.0,458700.0,22060.0,-17932,-1954,2,0,1,3,3,0,2,1,0,0
313300.0,667700.0,32340.0,-19836,-2211,4,0,0,3,1,0,2,0,1,1
133700.0,332700.0,21540.0,-21561,-931,4,0,3,3,1,0,2,0,0,0
96800.0,181800.0,8520.0,-15891,-818,2,0,2,3,3,0,2,0,1,1
161400.0,431600.0,24920.0,-11489,-2246,2,0,0,3,0,0,2,0,0,1
140900.0,294800.0,15920.0,-11841,-1873,2,0,3,0,1,0,2,0,1,1
61100.0,132200.0,8250.0,-18727,-3253,3,0,0,0,1,0,2,0,0,1
120500.0,399400.0,20010.0,-19858,-738,3,0,3,1,4,0,3,0,0,1
136200.0,305800.0,16870.0,-12187,-3099,2,0,2,3,4,0,2,0,1,0
281200.0,704800.0,33340.0,-17685,-809,4,0,3,3,1,2,2,0,0,0
93100.0,343000.0,22910.0,-9955,-3380,1,0,1,3,3,0,2,1,0,1
166100.0,537300.0,35330.0,-9104,-483,1,0,3,3,1,0,3,0,0,1
358900.0,1454200.0,77700.0,-16452,-6920,3,0,3,3,3,0,2,0,0,0
162200.0,607300.0,37110.0,-17271,-6424,2,1,3,0,0,0,2,0,1,0
306400.0,1046800.0,55740.0,-18804,-199,2,0,1,3,4,0,2,0,0,1
103300.0,245300.0,13310.0,-12415,-1638,3,0,3,3,3,0,2,0,1,1
93600.0,344700.0,19640.0,-18874,-4336,5,0,3,3,0,0,2,0,0,1
114900.0,375400.0,24070.0,-12837,-6262,1,0,3,3,1,0,2,0,1,1
201100.0,614200.0,26730.0,-14724,-1011,2,0,3,3,3,0,2,1,1,1
394100.0,1282400.0,61460.0,-18799,-797,2,0,3,3,4,0,2,0,1,1
148500.0,366600.0,22100.0,-16530,-1459,2,0,3,3,0,0,3,0,0,1
78500.0,142200.0,6170.0,-15510,-148,4,0,1,3,1,0,2,0,0,1
318100.0,642800.0,42910.0,-14142,-549,4,0,0,3,3,0,2,1,1,1
93000.0,251200.0,12890.0,-17109,-76,1,0,2,3,1,0,3,0,0,1
247400.0,765500.0,33930.0,-10664,-4090,1,0,1,3,1,0,3,0,1,1
192300.0,653000.0,37160.0,-20575,-3884,2,1,1,3,1,0,3,1,0,1
92900.0,344400.0,18340.0,-22841,-4345,2,0,2,3,1,0,2,0,1,1
247700.0,967100.0,51270.0,-7820,-1245,2,0,3,3,3,0,2,0,0,1
124400.0,375700.0,21470.0,-10592,-4017,1,0,0,3,1,0,3,0,0,1
154100.0,367000.0,22100.0,-21094,-2538,3,0,3,3,3,0,3,0,0,1
111300.0,272600.0,17280.0,-9820,-665,4,0,3,3,1,0,3,0,1,0
269500.0,763400.0,46240.0,-9708,-2496,4,0,3,3,1,0,2,1,0,0
310700.0,675800.0,45690.0,-12286,-41,2,0,1,3,1,0,2,0,1,0
147800.0,535100.0,34440.0,-19650,-3292,2,0,3,3,1,0,2,0,0,0
148300.0,353300.0,21060.0,-23034,-576,2,0,3,3,4,1,2,0,1,1
128000.0,568200.0,30050.0,-13928,-2715,2,0,3,2,1,0,2,0,0,1
191000.0,392000.0,19060.0,-9084,-2510,2,1,3,3,0,0,3,0,0,0
330400.0,1281600.0,84460.0,-15290,-301,2,0,1,0,3,0,3,1,1,0
218700.0,712400.0,45550.0,-9921,-3347,1,0,0,0,1,0,1,1,0,0
174500.0,608000.0,28950.0,-20980,-685,2,1,1,3,1,2,1,1,0,0
116200.0,235800.0,15480.0,-18787,-2932,3,0,0,0,3,0,2,0,0,0
159900.0,573400.0,34690.0,-9991,-2058,3,0,1,3,1,0,2,0,0,1
302500.0,1002200.0,62880.0,-13380,-74,2,0,3,0,3,0,2,0,1,1
358100.0,1548200.0,74990.0,-8861,-36,3,0,1,2,1,1,2,1,0,1
252200.0,533700.0,24510.0,-12543,-434,1,0,0,3,0,0,2,0,0,1
101600.0,432400.0,20800.0,-8770,-2031,3,0,3,3,1,0,1,0,1,1
203000.0,537300.0,27280.0,-11995,-3264,2,0,2,3,0,0,2,0,0,0
238800.0,528600.0,35550.0,-19154,-4586,3,1,3,3,1,0,2,0,0,1
211400.0,391300.0,21960.0,-20258,-690,2,0,0,3,1,0,2,0,1,1
108800.0,420000.0,23210.0,-12964,-4491,2,0,3,0,1,0,3,0,0,1
183700.0,576400.0,34040.0,-10351,-911,2,1,3,3,3,0,2,0,0,1
117600.0,282400.0,14990.0,-8605,-246,3,1,3,0,1,1,2,0,0,1
160800.0,618700.0,36060.0,-9223,-458,3,0,2,0,0,0,2,0,0,0
340400.0,1514700.0,81720.0,-17249,-193,3,0,3,0,1,0,2,0,0,1
161000.0,553200.0,24380.0,-21868,-377,4,0,1,3,0,0,1,0,0,1
137800.0,347600.0,17270.0,-17330,-1257,2,0,0,3,0,0,2,0,0,0
64900.0,181300.0,10670.0,-23108,-3550,3,0,3,3,2,0,1,0,1,1
151900.0,678600.0,36860.0,-21619,-2543,1,0,3,3,1,0,2,0,1,0
255700.0,963300.0,65070.0,-23214,-4370,4,0,3,3,1,3,1,0,0,1
97700.0,342800.0,15960.0,-11682,-448,2,0,3,0,0,0,1,0,1,1
50100.0,204100.0,8940.0,-17394,-10819,3,0,3,3,1,0,2,1,1,1
79800.0,298500.0,13980.0,-9035,-2461,2,0,3,3,1,3,2,0,1,1
198500.0,692200.0,32220.0,-12641,-1166,2,0,0,0,1,0,2,0,1,1
164100.0,430400.0,27430.0,-18012,-1116,3,0,1,0,2,0,2,1,0,0
313200.0,1310600.0,62740.0,-18527,-148,1,0,3,3,0,0,2,0,0,1
166500.0,728100.0,43120.0,-14697,-610,2,0,3,3,1,0,2,1,0,0
231200.0,560400.0,28590.0,-10079,-984,1,0,2,3,1,0,3,0,0,1
135500.0,322800.0,17670.0,-14288,-63,3,0,3,3,1,1,3,0,0,0
227600.0,521200.0,27610.0,-15295,-758,3,0,3,3,1,0,2,0,0,1
255600.0,970200.0,55670.0,-8375,-472,2,0,3,0,1,0,3,0,0,1
78300.0,268900.0,11920.0,-23315,-1330,4,0,1,3,1,0,2,0,1,1
256000.0,534800.0,33430.0,-20364,-2338,3,0,3,2,0,0,2,1,0,1
107000.0,341300.0,16670.0,-20040,-535,2,0,3,3,1,0,1,0,0,1
161900.0,471900.0,20250.0,-12280,-1487,4,0,1,1,1,0,2,0,0,1
170200.0,467800.0,22320.0,-8192,-1617,2,0,3,0,1,0,1,0,0,1
79000.0,210100.0,11820.0,-18585,-1230,3,0,1,3,1,0,2,1,0,0
82200.0,336900.0,20150.0,-19738,-4072,1,0,1,3,1,0,2,0,0,1
132100.0,392300.0,20090.0,-11322,-364,3,0,3,3,1,0,3,0,0,1
73800.0,193400.0,12460.0,-19981,-770,2,0,3,3,1,0,2,0,1,1
132600.0,379100.0,20050.0,-19521,-62,2,0,3,3,1,2,1,0,0,0
92600.0,331500.0,19590.0,-16571,-397,2,0,1,1,4,1,2,0,1,1
87100.0,256300.0,16030.0,-14219,-4892,1,0,1,2,1,3,2,0,0,1
181900.0,349900.0,23660.0,-19054,-84,2,0,0,3,1,0,3,0,1,1
179300.0,783500.0,52430.0,-17599,-945,3,0,0,0,2,0,2,1,0,1
156700.0,357000.0,17330.0,-10608,-1095,1,0,0,3,1,0,2,0,0,1
90400.0,329400.0,20240.0,-8077,-391,1,0,3,3,4,0,2,0,1,1
120400.0,527700.0,32850.0,-22372,-1789,1,1,0,3,1,0,1,0,0,0
140300.0,439500.0,28130.0,-18555,-200,3,0,3,3,1,0,1,1,0,1
201300.0,739600.0,37260.0,-12280,-1507,3,0,0,3,1,0,2,0,0,1
102700.0,385700.0,22520.0,-15250,-1065,2,0,0,0,1,0,2,0,0,0
246100.0,587700.0,29220.0,-23478,-11769,2,1,1,0,1,0,3,0,0,0
123700.0,495300.0,29240.0,-13133,-572,1,0,3,0,1,0,2,1,0,0
259500.0,813700.0,51410.0,-8167,-422,2,0,1,3,0,0,2,1,1,1
108200.0,392000.0,26620.0,-23268,-1878,5,0,1,0,1,0,3,0,0,1
116100.0,244600.0,12010.0,-21709,-4731,1,0,3,3,1,1,2,0,0,1
81600.0,363400.0,21800.0,-14804,-5311,5,0,3,0,1,0,2,0,0,1
154900.0,666800.0,42830.0,-15590,-1808,3,0,3,0,1,0,2,0,0,0
83800.0,366100.0,19350.0,-13459,-1768,1,1,3,0,1,0,2,1,1,0
149800.0,426000.0,22790.0,-8325,-855,2,0,0,3,1,0,3,0,0,0
80500.0,224200.0,10610.0,-22200,-2889,4,0,3,3,1,0,2,0,0,1
165200.0,661400.0,32970.0,-17545,-1469,1,1,3,3,1,0,2,0,1,0
174100.0,317800.0,15270.0,-13640,-7065,1,1,0,3,1,2,2,0,0,0
152000.0,320000.0,14260.0,-10318,-689,2,0,3,3,2,0,2,0,0,1
168800.0,464000.0,24680.0,-11190,-1197,1,0,3,0,3,0,2,0,0,1
145100.0,399600.0,23470.0,-13110,-3113,2,0,0,3,1,3,3,0,0,0
105300.0,288800.0,12190.0,-13168,-187,3,0,0,0,1,0,2,0,0,1
208200.0,686000.0,41390.0,-18875,-61,2,0,3,3,2,0,3,1,0,1
226000.0,565000.0,31210.0,-9224,-1276,3,0,3,1,1,0,2,0,1,1
180900.0,603800.0,30460.0,-17908,-1198,2,1,3,3,1,0,2,0,0,0
97200.0,397300.0,25410.0,-16122,-162,4,0,1,3,0,0,3,0,1,0
82000.0,202200.0,13420.0,-22830,-213,1,0,0,3,3,0,2,0,0,0
177300.0,354700.0,21940.0,-23011,-3433,3,0,3,0,3,0,2,0,0,0
97500.0,180700.0,11930.0,-17437,-3845,1,0,3,3,0,0,2,0,0,1
97500.0,411600.0,24430.0,-21339,-158,2,0,0,0,1,0,2,0,1,1
138800.0,281400.0,15750.0,-19843,-661,1,0,3,3,1,0,3,0,0,0
98200.0,367500.0,24610.0,-8478,-1704,2,0,3,3,1,0,3,0,1,1
309600.0,628600.0,28290.0,-23719,-2766,2,0,2,3,1,0,3,0,1,1
83700.0,372900.0,24020.0,-20324,-1892,2,0,0,3,1,0,1,1,1,1
108400.0,339200.0,17240.0,-13808,-2165,2,0,3,0,3,0,2,0,0,1
195500.0,410800.0,17310.0,-9138,-2479,2,0,3,3,1,0,2,0,0,1
201500.0,446600.0,26700.0,-12925,-848,2,0,0,3,0,3,2,0,0,0
156400.0,399800.0,17290.0,-21394,-684,2,0,3,0,1,0,3,0,1,1
367800.0,1052600.0,70090.0,-12698,-3305,1,1,3,0,1,0,3,0,0,0
98600.0,200400.0,11190.0,-17914,-2578,1,0,3,3,3,0,3,0,1,1
97200.0,251100.0,14650.0,-17478,-902,3,0,1,0,1,0,2,0,1,1
83700.0,225100.0,14810.0,-8677,-1452,2,0,3,0,1,0,2,0,1,1
111700.0,430000.0,24730.0,-20466,-2077,2,0,0,0,3,0,3,0,0,0
134000.0,461100.0,29550.0,-10234,-161,2,0,2,0,1,0,2,0,0,0
145100.0,542700.0,32970.0,-13163,-1238,2,1,3,1,3,2,1,0,1,1
79900.0,172300.0,8020.0,-19396,-448,4,1,3,3,1,0,2,0,0,1
147900.0,276300.0,18180.0,-17330,-1434,2,0,3,3,3,0,2,0,1,1
245000.0,491200.0,27900.0,-8939,-2364,1,0,3,3,1,0,2,0,0,0
441600.0,1593400.0,76050.0,-15325,-3342,1,1,0,3,1,2,2,0,1,1
140900.0,454000.0,19900.0,-21470,-4700,2,0,3,3,1,0,3,0,0,1
285300.0,922300.0,45650.0,-12867,-1240,2,1,1,0,1,0,2,0,1,1
85900.0,324200.0,21930.0,-20449,-1813,2,0,0,3,1,0,1,0,0,0
282100.0,542700.0,24280.0,-8726,-512,4,0,3,3,2,0,2,0,0,0
179100.0,565600.0,34460.0,-13305,-2649,3,0,3,3,1,3,2,0,1,0
113400.0,263200.0,11950.0,-9929,-2818,1,1,0,3,1,0,3,1,0,1
183300.0,388300.0,24960.0,-13536,-79,2,0,0,3,1,0,2,0,0,1
131900.0,336400.0,18680.0,-13224,-2662,1,0,3,3,4,0,3,0,0,0
121400.0,364000.0,23510.0,-8893,-238,1,0,3,1,1,0,2,0,0,1
173500.0,580800.0,27960.0,-22752,-941,2,0,3,3,1,0,2,0,0,0
60800.0,120500.0,6090.0,-19443,-1221,4,0,3,3,1,0,2,0,1,1
159900.0,630100.0,36060.0,-8839,-1751,4,0,0,0,3,1,2,0,0,1
220000.0,719500.0,30480.0,-22226,-499,2,1,3,2,1,0,3,1,0,0
170100.0,650000.0,30810.0,-15628,-2531,3,0,3,3,1,0,3,0,0,1
79000.0,316100.0,15360.0,-12998,-683,2,1,3,3,1,0,2,0,1,1
204300.0,513800.0,30360.0,-9332,-136,1,0,0,3,1,0,2,0,1,1
353700.0,1249500.0,63180.0,-20685,-6721,4,0,3,3,1,0,2,0,1,1
380100.0,763200.0,39840.0,-11837,-347,2,0,3,3,1,0,2,1,1,1
88900.0,322800.0,18430.0,-22223,-2015,2,0,3,3,2,0,2,0,0,1
230900.0,418200.0,27310.0,-19067,-2739,3,0,3,0,1,0,2,0,0,1
91200.0,267300.0,12180.0,-20580,-3850,2,0,1,0,1,0,2,0,0,0
114600.0,328700.0,21940.0,-14405,-599,4,0,1,3,1,2,2,0,0,1
170000.0,753100.0,39960.0,-20216,-2845,4,0,3,3,1,0,2,0,0,1
378400.0,1076000.0,65860.0,-14253,-2777,3,0,0,2,3,3,2,0,0,1
216100.0,505300.0,34230.0,-13772,-4289,5,0,3,3,1,0,3,0,0,1
229400.0,632500.0,34530.0,-8067,-426,2,0,3,3,3,0,2,1,0,0
174300.0,322700.0,14400.0,-18316,-1755,1,0,0,3,1,0,2,0,1,1
153700.0,616900.0,37240.0,-22343,-1461,1,0,3,0,1,0,2,0,0,1
182900.0,339300.0,18480.0,-17404,-52,2,0,1,3,1,3,2,0,0,1
71500.0,225100.0,14060.0,-16576,-1197,2,0,3,3,0,0,2,1,0,1
127500.0,261900.0,15400.0,-19355,-516,2,0,0,0,1,3,2,0,0,0
51200.0,188200.0,12300.0,-19277,-423,3,0,3,3,1,0,2,0,1,1
153400.0,519700.0,25800.0,-17479,-493,2,0,3,3,0,0,2,1,0,1
189000.0,540200.0,26590.0,-17415,-718,2,0,3,3,0,0,2,0,0,1
54500.0,184700.0,12290.0,-12259,-202,1,0,1,1,1,0,2,0,0,0
226200.0,688800.0,40450.0,-18388,-1366,3,0,3,3,1,1,3,0,1,0
47000.0,211200.0,11300.0,-8462,-563,3,1,3,3,3,0,2,0,1,1
60500.0,132800.0,6720.0,-18045,-1157,1,0,1,0,0,0,2,0,1,1
152400.0,454300.0,21610.0,-16477,-9461,4,1,1,3,2,0,3,0,0,1
269700.0,817500.0,47540.0,-10695,-625,3,1,3,0,0,0,3,0,0,0
134800.0,467700.0,22590.0,-20150,-7896,2,0,1,3,1,0,2,1,0,0
290800.0,1224300.0,83100.0,-23212,-58,4,0,3,0,1,0,2,0,1,1
144500.0,473100.0,23660.0,-9529,-2954,2,0,3,3,1,0,3,0,0,0
53900.0,233000.0,13060.0,-20391,-206,1,0,1,3,0,0,3,0,0,1
239900.0,937700.0,56860.0,-16456,-1570,2,0,3,3,1,2,2,0,0,0
321000.0,632800.0,28360.0,-22789,-7447,3,0,3,3,1,0,2,0,1,1
93400.0,233300.0,9950.0,-22148,-585,2,0,0,0,3,0,1,0,0,1
131500.0,556500.0,23860.0,-17989,-434,2,0,3,3,1,0,3,1,0,0
445600.0,1676900.0,85360.0,-15579,-4378,3,0,3,3,1,0,2,0,0,1
140400.0,499500.0,28540.0,-17604,-1940,2,0,3,3,1,0,2,1,0,1
271200.0,761000.0,46750.0,-23080,-4500,2,0,2,3,3,0,2,0,0,1
65400.0,159300.0,9590.0,-13224,-6649,2,0,3,3,1,0,2,1,0,1
197900.0,865200.0,38130.0,-16960,-451,1,0,3,3,1,0,3,0,0,0
142100.0,270900.0,13900.0,-18879,-1625,2,0,3,3,1,0,2,0,1,1
164400.0,621600.0,40250.0,-13176,-646,1,0,0,3,2,0,3,1,0,1
72700.0,183800.0,9830.0,-17202,-624,1,0,0,3,1,0,2,0,0,1
102700.0,206400.0,10190.0,-15790,-84,4,0,3,3,1,0,2,0,0,0
229600.0,976000.0,49680.0,-12531,-1452,4,0,3,3,1,0,1,0,1,1
210800.0,587100.0,34360.0,-15462,-894,1,0,2,3,1,0,2,1,1,1
187900.0,491200.0,29440.0,-13609,-1054,4,0,0,3,4,0,2,0,0,1
187000.0,396900.0,24080.0,-14907,-3545,3,0,0,3,1,0,2,0,1,1
147200.0,376300.0,22410.0,-14601,-2456,2,0,0,2,1,3,2,0,1,1
121100.0,446000.0,25910.0,-8423,-1042,3,0,3,3,1,0,3,0,0,1
252600.0,919900.0,41740.0,-20396,-583,3,0,3,3,1,0,3,0,0,1
165700.0,622700.0,29440.0,-14336,-4279,1,0,3,3,1,0,2,1,0,0
267800.0,825500.0,39730.0,-16180,-135,1,0,1,0,1,3,2,0,1,1
340600.0,1286700.0,85740.0,-16970,-538,2,0,1,3,1,0,2,0,1,1
92100.0,284500.0,14450.0,-14049,-1366,2,0,3,3,1,0,2,0,0,0
86800.0,372000.0,24680.0,-22660,-2832,5,0,3,1,1,0,2,0,0,1
230200.0,852400.0,56390.0,-12180,-3166,2,0,1,3,1,3,1,0,1,0
361700.0,988000.0,58360.0,-13286,-1629,2,0,3,3,0,0,2,1,1,1
184200.0,764500.0,38460.0,-15432,-384,2,0,3,0,3,0,2,0,1,1
84400.0,342400.0,19930.0,-21976,-987,2,0,3,3,1,0,2,0,0,1
251300.0,901200.0,48160.0,-11981,-1444,5,0,0,3,1,0,2,0,0,0
439300.0,1216700.0,79770.0,-17501,-3290,2,0,2,3,1,0,2,0,1,1
149700.0,569900.0,35630.0,-13907,-478,2,0,2,3,1,0,2,1,1,0
191700.0,628800.0,41680.0,-7921,-212,3,0,0,3,0,0,2,0,1,1
292000.0,648600.0,34020.0,-17540,-925,1,0,0,0,1,0,2,1,0,0
130800.0,407800.0,23650.0,-17540,-5108,2,0,3,3,3,0,2,0,0,0
159700.0,394000.0,23290.0,-18307,-2484,2,0,3,0,3,0,2,0,1,1
220200.0,630300.0,33620.0,-15622,-1910,1,0,0,0,4,2,2,0,0,1
113800.0,426300.0,18290.0,-16150,-92,2,0,3,3,1,0,2,1,1,1
212100.0,745900.0,46540.0,-18606,-1686,2,0,0,3,1,0,2,0,0,1
133500.0,560200.0,34630.0,-14848,-1907,4,0,3,3,1,0,3,0,1,1
137300.0,572100.0,36830.0,-22219,-314,1,0,0,0,1,0,2,0,0,1
112900.0,388300.0,18280.0,-16068,-775,1,0,3,0,1,0,1,0,0,1
77300.0,147900.0,9740.0,-21127,-595,1,1,2,0,1,0,2,1,0,1
151900.0,647800.0,32860.0,-21978,-89,3,0,2,1,1,0,3,1,0,0
54600.0,129400.0,8640.0,-16833,-1118,2,0,3,3,4,0,2,1,0,0
123500.0,549200.0,31830.0,-16822,-497,1,0,2,0,1,0,1,0,1,0
73200.0,321200.0,16570.0,-12679,-260,3,1,3,3,1,0,2,0,0,1
168200.0,726400.0,31760.0,-15350,-498,2,1,1,3,1,0,1,1,1,1
121500.0,496300.0,29970.0,-10010,-199,2,0,3,3,2,0,2,0,1,1
146800.0,481000.0,31130.0,-15890,-763,1,0,3,3,1,0,3,0,0,1
293100.0,537100.0,26910.0,-12694,-5993,2,0,3,0,1,0,1,1,1,0
141300.0,565900.0,37540.0,-13526,-704,2,0,1,3,1,0,2,0,1,1
126600.0,436200.0,20780.0,-20517,-1449,3,0,1,3,1,0,2,0,0,0
351100.0,1560900.0,103540.0,-17019,-187,1,0,3,0,1,0,1,0,1,1
65900.0,127800.0,6660.0,-11557,-2268,2,0,3,3,3,0,3,0,1,1
293100.0,1253500.0,57970.0,-18016,-2907,1,0,3,3,1,0,2,0,0,1
132400.0,404800.0,27080.0,-11732,-279,1,0,3,3,1,0,1,0,0,0
208700.0,807500.0,53550.0,-18422,-994,2,0,3,0,3,0,2,0,0,0
110300.0,300100.0,17050.0,-8831,-2257,3,0,3,3,1,0,2,0,0,0
219300.0,627100.0,29210.0,-10651,-4077,3,0,3,3,1,0,2,0,1,1
90400.0,215500.0,14030.0,-19986,-4128,2,0,1,3,1,0,2,0,0,0
134900.0,508900.0,25200.0,-20433,-1082,2,0,0,3,2,0,2,0,0,1
111600.0,262900.0,11430.0,-14822,-1470,3,0,1,3,1,0,2,1,1,1
217400.0,686300.0,45560.0,-20416,-297,2,0,3,3,1,0,3,0,1,1
158400.0,618400.0,32070.0,-14788,-616,3,0,2,3,1,0,2,1,0,1
150000.0,315100.0,20600.0,-15630,-2932,3,0,1,3,1,1,3,0,0,1
187300.0,801200.0,53900.0,-15646,-94,2,0,3,0,0,0,2,0,0,0
95400.0,179500.0,10070.0,-18160,-2694,2,0,3,3,1,0,2,0,0,0
200100.0,722100.0,46450.0,-22261,-178,4,1,1,3,3,1,2,1,0,0
193300.0,677300.0,41290.0,-18700,-3571,3,0,3,3,1,0,2,0,1,1
246300.0,1067300.0,47930.0,-18585,-912,2,0,1,0,1,0,1,0,0,1
235500.0,515500.0,28660.0,-14480,-1028,2,0,3,0,1,0,2,1,1,1
110500.0,464000.0,28360.0,-15526,-994,2,0,3,0,4,0,3,0,0,1
56900.0,145600.0,8400.0,-16178,-199,2,0,3,3,1,0,2,0,0,1
45000.0,146000.0,9780.0,-13232,-1135,1,0,0,3,1,0,2,0,1,1
150400.0,617300.0,34180.0,-8391,-446,3,0,1,3,1,0,3,0,0,1
96200.0,266800.0,13630.0,-14703,-1210,2,0,2,3,1,0,1,0,1,1
252100.0,839000.0,51790.0,-9570,-2795,1,0,3,3,1,0,3,0,1,1
49100.0,122400.0,7940.0,-23191,-75,1,0,0,3,1,0,1,0,0,1
189700.0,423800.0,22310.0,-15305,-223,2,0,3,3,0,0,2,0,0,1
112900.0,438600.0,28040.0,-13592,-2299,1,0,3,0,1,0,3,0,0,1
184000.0,491000.0,29810.0,-22618,-36,2,0,3,0,2,0,2,0,1,1
350600.0,1407600.0,78600.0,-18358,-824,3,1,3,3,1,0,2,0,0,1
230800.0,977700.0,57630.0,-17041,-1898,2,0,0,0,1,0,2,0,0,1
69200.0,200400.0,8700.0,-11043,-36,2,0,1,3,1,0,2,0,0,0
194400.0,760900.0,32710.0,-18152,-201,4,0,3,3,1,0,2,1,1,1
137100.0,397000.0,17780.0,-7817,-48,2,0,2,3,1,0,2,0,0,1
106000.0,208000.0,10210.0,-22412,-865,3,0,3,3,1,0,2,0,1,0
195700.0,832400.0,51900.0,-12261,-381,2,0,3,3,1,0,2,0,1,1
183300.0,766300.0,45960.0,-18937,-2007,2,0,0,3,1,0,2,0,1,0
153500.0,366400.0,17810.0,-10551,-514,3,0,1,3,3,0,3,0,0,0
251600.0,1097600.0,53620.0,-21705,-1398,2,0,3,0,3,0,3,0,0,1
104300.0,385700.0,17950.0,-18593,-808,5,0,3,3,1,0,2,0,0,1
183300.0,639500.0,38970.0,-23442,-36,1,0,1,0,1,0,2,0,1,1
109200.0,393700.0,22000.0,-23257,-8482,3,0,1,0,2,0,2,0,1,1
218800.0,680000.0,30740.0,-13874,-1234,2,0,3,0,1,0,3,0,0,1
130400.0,510400.0,23830.0,-18195,-5071,1,0,1,3,1,1,3,0,0,1
104200.0,455700.0,20370.0,-11064,-1270,2,0,3,0,1,0,1,0,0,1
102200.0,386000.0,25740.0,-21672,-90,3,0,3,3,1,0,2,1,0,0
171700.0,761600.0,35850.0,-13116,-98,3,0,3,0,1,0,3,0,1,1
360300.0,1248300.0,62510.0,-9640,-520,2,0,0,3,1,2,2,0,0,0
151200.0,383900.0,26090.0,-15974,-3152,2,1,1,3,1,0,1,0,0,1
140300.0,506400.0,31060.0,-20214,-313,1,0,3,3,1,0,1,0,0,1
159100.0,513200.0,30810.0,-19163,-1497,2,0,0,3,1,0,2,0,0,1
80900.0,282700.0,17150.0,-8626,-2052,1,0,1,3,1,0,2,0,1,1
84200.0,360500.0,22260.0,-14760,-2186,2,0,3,3,1,0,2,1,0,0
131900.0,516900.0,29930.0,-17181,-2321,2,0,0,0,1,0,1,0,1,0
308200.0,837100.0,51540.0,-14341,-1559,1,0,3,3,1,1,2,1,0,1
278500.0,539300.0,30430.0,-10835,-354,2,0,3,3,1,0,2,0,0,0
165800.0,637500.0,33570.0,-19060,-1652,1,0,3,3,1,0,2,0,0,1
150900.0,652500.0,35690.0,-15189,-875,2,0,0,3,0,0,2,0,0,1
265300.0,628600.0,41860.0,-23336,-1016,2,0,0,0,1,0,2,0,0,0
209100.0,569500.0,29190.0,-9476,-495,2,0,0,3,1,0,2,0,0,1
126700.0,498300.0,25690.0,-22281,-2016,3,0,3,0,1,0,2,1,0,1
301600.0,1092600.0,60700.0,-18398,-159,1,0,0,0,1,0,2,1,0,0
108000.0,232100.0,15170.0,-15338,-652,1,1,1,3,1,0,3,0,0,1
167900.0,604900.0,28530.0,-19605,-507,4,0,1,2,1,0,2,1,0,1
169600.0,553900.0,25760.0,-13480,-1473,2,0,0,0,1,0,2,0,1,0
203900.0,412600.0,25630.0,-8505,-518,4,0,3,3,3,0,2,0,0,1
343800.0,1532200.0,81630.0,-19588,-1108,5,0,1,3,1,0,3,0,1,0
119000.0,260800.0,17390.0,-11613,-5038,1,0,0,0,1,0,2,0,0,1
367600.0,706200.0,45050.0,-14005,-2220,2,0,3,3,1,0,2,1,0,0
161600.0,329300.0,16280.0,-14083,-871,1,0,2,3,0,0,1,0,0,1
118700.0,409300.0,24140.0,-14807,-132,3,0,0,3,3,0,2,0,0,1
221600.0,892000.0,53760.0,-23543,-1020,5,0,1,3,1,0,2,0,0,0
48300.0,179000.0,10080.0,-14574,-2730,2,0,1,3,3,0,3,0,1,1
158300.0,649100.0,37560.0,-15998,-1759,2,0,3,3,1,0,2,0,0,1
134000.0,321800.0,20800.0,-14188,-519,2,0,3,3,1,0,2,1,0,1
258200.0,606100.0,31490.0,-20272,-414,1,0,0,0,1,0,2,0,1,0
206200.0,450300.0,28170.0,-9081,-1512,2,1,1,3,1,0,2,0,1,1
233800.0,788500.0,48230.0,-23019,-62,2,0,0,3,1,3,1,0,1,0
105500.0,246700.0,13970.0,-14155,-437,2,0,3,3,1,0,3,1,0,1
265900.0,930100.0,58300.0,-11367,-1913,2,0,3,3,4,0,3,1,0,1
103800.0,218200.0,9410.0,-20133,-511,3,0,3,3,1,0,2,0,0,0
225800.0,748500.0,34060.0,-18722,-717,3,0,3,0,1,0,1,0,1,1
214600.0,643300.0,27560.0,-21055,-4805,2,0,1,3,1,0,1,0,0,1
237900.0,561300.0,30520.0,-16703,-64,2,1,2,1,0,0,2,0,0,0
148600.0,636800.0,40250.0,-12396,-1421,5,1,3,3,0,0,2,0,0,1
67400.0,262800.0,13750.0,-13334,-4518,1,0,3,3,1,0,2,1,0,1
516200.0,967100.0,45970.0,-10286,-603,2,1,3,3,1,0,2,0,0,1
167400.0,515700.0,31610.0,-8474,-36,2,1,3,3,1,3,3,0,0,1
137600.0,272600.0,15340.0,-20122,-1332,1,0,0,0,1,0,2,0,1,1
118400.0,378800.0,23760.0,-19985,-3559,4,0,1,3,2,0,2,1,1,0
222900.0,825900.0,53480.0,-16348,-360,2,0,3,3,3,0,2,0,1,1
100500.0,349200.0,20970.0,-22308,-478,1,0,0,3,1,0,2,0,1,1
215800.0,888100.0,49370.0,-21410,-417,3,0,0,3,1,0,2,0,0,1
126100.0,558900.0,27730.0,-21122,-534,5,0,3,3,1,2,2,0,1,1
146400.0,504800.0,21270.0,-13063,-383,2,0,0,0,1,0,2,0,0,0
94900.0,261000.0,14020.0,-12253,-207,2,0,1,0,1,0,2,0,0,0
187800.0,362000.0,17040.0,-9094,-372,3,0,3,3,1,0,2,0,0,0
132200.0,298200.0,13330.0,-23071,-2700,2,0,0,3,1,0,2,1,0,1
146800.0,561400.0,30070.0,-22791,-305,2,0,3,3,3,0,2,0,0,1
129800.0,270300.0,16330.0,-8467,-1893,2,0,3,3,1,0,2,0,0,1
438900.0,1881800.0,111100.0,-12286,-383,2,0,1,3,1,0,3,0,0,1
142600.0,404700.0,21470.0,-14278,-648,2,0,0,0,1,3,2,0,0,0
155400.0,310300.0,20770.0,-19717,-2615,5,0,1,3,3,0,2,0,0,0
122600.0,483300.0,28770.0,-18327,-242,4,0,3,0,1,0,2,0,0,1
150500.0,348000.0,21650.0,-11957,-1155,2,0,1,3,1,0,3,0,0,1
240000.0,983600.0,42210.0,-13583,-834,2,0,3,0,1,0,2,0,0,1
129100.0,259500.0,12650.0,-9095,-1262,1,0,3,0,1,3,2,0,0,1
221700.0,448900.0,25880.0,-20540,-4165,1,0,0,3,0,0,2,0,1,0
166600.0,389800.0,19990.0,-13125,-1475,3,0,3,3,1,0,2,0,0,0
232000.0,434500.0,24630.0,-8222,-974,1,0,0,3,1,0,2,0,1,1
98400.0,437900.0,18720.0,-13515,-909,1,0,2,3,1,0,2,0,1,1
104000.0,444400.0,22300.0,-19787,-6091,2,0,0,3,0,0,2,0,0,1
146100.0,585000.0,25170.0,-23033,-257,2,0,3,0,1,0,3,0,1,0
201300.0,539700.0,28990.0,-15873,-51,1,0,0,3,1,0,2,0,1,0
143400.0,438000.0,27680.0,-16595,-1323,3,0,0,3,3,0,2,0,1,1
369200.0,915800.0,61920.0,-22868,-721,2,0,3,3,1,3,3,0,0,1
74400.0,204300.0,10680.0,-16627,-3286,3,0,3,3,3,0,1,0,1,1
114800.0,463900.0,27910.0,-11366,-416,2,0,3,0,1,0,3,1,1,1
191300.0,762500.0,38690.0,-21922,-660,1,0,0,3,0,0,1,0,0,0
222700.0,729300.0,42810.0,-10586,-3034,1,1,3,1,3,0,3,0,1,0
102000.0,244500.0,11630.0,-23000,-99,4,0,1,3,1,0,2,1,0,1
252100.0,1055000.0,50460.0,-15416,-795,2,0,3,3,1,0,2,0,0,1
109300.0,278200.0,14340.0,-20453,-202,2,0,3,3,3,0,3,0,0,1
150700.0,639700.0,27590.0,-9323,-2748,2,0,2,3,1,0,3,0,0,1
100600.0,280400.0,18910.0,-22160,-132,5,0,0,3,0,0,3,0,0,1
142400.0,336700.0,18460.0,-9719,-150,3,0,0,3,1,2,1,0,1,1
122600.0,388400.0,21770.0,-8264,-766,1,0,0,3,3,0,3,1,1,0
152400.0,397000.0,22940.0,-11341,-199,2,0,1,3,1,0,2,0,1,1
265600.0,914900.0,60470.0,-9307,-153,1,0,3,3,1,0,3,0,0,1
73300.0,306900.0,16280.0,-16803,-1478,2,0,3,1,1,3,2,0,1,1
163300.0,666000.0,31660.0,-12088,-1910,2,0,0,3,2,0,2,0,0,0
235500.0,748100.0,43170.0,-19329,-549,2,1,3,0,1,0,3,0,1,1
203100.0,748100.0,46490.0,-11185,-2946,3,0,3,0,4,0,2,0,0,1
75900.0,148000.0,6270.0,-13773,-905,3,0,2,0,2,0,2,0,0,1
111400.0,417200.0,22610.0,-10847,-1539,5,0,0,3,1,0,2,1,0,1
130100.0,384300.0,23730.0,-14463,-831,1,0,0,0,3,0,2,1,0,1
187900.0,503500.0,21150.0,-15766,-4043,3,0,3,3,2,0,2,0,1,1
138900.0,549100.0,33920.0,-17636,-1865,3,0,3,3,1,0,2,0,0,0
45000.0,115100.0,5630.0,-19751,-1671,3,0,2,3,1,0,3,0,0,1
181000.0,489800.0,24150.0,-14246,-258,2,0,3,3,3,0,2,1,0,0
258800.0,603000.0,29700.0,-17468,-1036,1,0,0,0,3,0,3,0,0,1
91100.0,328200.0,19390.0,-12212,-2162,4,1,3,3,1,0,1,0,0,1
203400.0,755400.0,42060.0,-9795,-652,2,0,1,0,1,0,2,0,0,1
86300.0,157100.0,7840.0,-14337,-131,2,0,3,0,0,0,2,1,0,1
484200.0,1437100.0,82150.0,-7879,-1304,2,0,3,2,1,0,3,0,0,0
488600.0,1535000.0,79100.0,-11030,-1137,2,0,3,3,1,0,2,0,0,1
145600.0,353600.0,20280.0,-12945,-3868,5,1,3,3,1,0,2,0,0,1
156600.0,692900.0,32280.0,-14127,-295,1,0,0,3,1,0,1,0,0,1
338600.0,1394000.0,65890.0,-22040,-978,3,0,3,3,4,0,2,0,0,1
102600.0,262700.0,17450.0,-21053,-1516,5,0,3,3,1,0,2,0,1,1
111800.0,357500.0,18870.0,-22753,-7430,1,0,3,3,1,0,2,0,0,1
256800.0,835500.0,46380.0,-19943,-332,1,0,3,3,1,0,2,0,0,1
194000.0,477400.0,29190.0,-14003,-3491,1,0,0,3,3,2,2,0,1,0
208800.0,813700.0,44090.0,-8007,-559,2,0,0,0,1,0,2,0,0,0
71500.0,149300.0,8960.0,-23526,-402,1,0,2,0,1,0,2,1,0,0
252900.0,1077500.0,53610.0,-23211,-1522,1,0,2,3,2,3,2,0,0,1
161200.0,432000.0,29300.0,-9720,-3146,2,0,3,1,1,0,2,0,0,1
199700.0,739500.0,34160.0,-18219,-4354,2,0,3,3,1,0,3,1,0,1
127500.0,464700.0,23300.0,-20028,-3319,1,0,1,0,1,0,2,0,1,1
141900.0,418700.0,26200.0,-11114,-164,5,0,3,0,1,1,2,1,1,1
183600.0,430300.0,22050.0,-7737,-1163,1,0,3,3,1,3,2,1,0,1
105200.0,299100.0,13830.0,-11463,-2565,1,0,3,3,1,0,2,0,0,1
164100.0,662700.0,36530.0,-13962,-1778,2,0,0,3,3,1,1,0,0,0
147200.0,606700.0,40650.0,-22644,-311,2,0,0,3,1,0,3,0,0,1
187600.0,772700.0,48110.0,-19942,-1496,2,0,3,3,1,0,2,0,0,0
122400.0,330200.0,18300.0,-21436,-5378,3,1,3,3,1,0,3,0,1,1
73800.0,168200.0,11160.0,-9018,-292,2,0,3,3,1,0,2,0,1,1
124800.0,340500.0,22240.0,-11275,-394,2,0,3,3,3,0,2,0,1,1
93300.0,201700.0,13280.0,-8462,-1334,1,0,3,3,0,0,1,0,0,1
74600.0,269600.0,13500.0,-14878,-1020,2,0,3,0,1,0,2,1,0,1
318500.0,733300.0,38280.0,-16348,-1755,1,0,0,3,1,0,3,0,0,1
135500.0,549900.0,26630.0,-22704,-996,1,1,3,3,1,0,1,0,1,1
420800.0,1734000.0,110850.0,-20815,-2236,5,0,0,3,3,0,3,0,0,1
218900.0,658600.0,38290.0,-22094,-2431,2,1,3,3,1,0,2,0,0,0
146700.0,486500.0,28140.0,-23113,-916,1,0,0,3,1,0,3,0,0,1
113100.0,282200.0,15680.0,-15873,-4182,3,0,2,3,1,1,3,0,1,1
239800.0,805900.0,42260.0,-21664,-511,5,0,0,3,1,0,2,0,1,0
86800.0,235400.0,12770.0,-20008,-1542,4,0,0,3,1,0,2,0,0,1
152400.0,326900.0,17010.0,-23206,-1442,1,0,3,3,4,0,3,0,0,1
74400.0,161200.0,9730.0,-8856,-797,2,0,2,1,1,3,2,0,0,1
98500.0,284300.0,14240.0,-17465,-1308,2,0,3,3,0,0,2,0,1,1
246600.0,878100.0,50800.0,-18850,-2531,3,0,0,3,3,0,2,0,0,1
329100.0,646900.0,40180.0,-23028,-71,1,0,1,0,3,0,2,1,0,0
197700.0,695300.0,36980.0,-8105,-1217,5,0,3,3,1,0,2,1,0,1
45000.0,169500.0,7590.0,-9228,-2654,2,0,0,0,3,0,2,1,1,1
262500.0,674500.0,41190.0,-18427,-5886,2,1,0,3,1,0,2,1,0,0
49200.0,96000.0,5930.0,-22951,-2628,4,0,3,3,1,0,2,1,1,1
267000.0,971000.0,59520.0,-20501,-5219,2,0,3,3,1,0,3,0,1,0
90800.0,224000.0,11840.0,-10766,-260,4,1,1,3,1,0,2,0,0,1
78800.0,203200.0,8850.0,-17325,-742,2,0,3,0,4,0,2,0,0,1
131400.0,579400.0,31730.0,-15464,-2583,2,1,3,3,1,0,2,0,0,1
241700.0,1016600.0,54130.0,-16416,-671,2,0,3,0,0,0,2,0,0,1
129600.0,529100.0,35260.0,-18300,-2176,2,0,3,3,1,0,2,0,0,1
73600.0,308300.0,19670.0,-9638,-55,3,0,1,0,1,2,2,0,0,0
206200.0,718100.0,37600.0,-17427,-2579,2,0,1,3,1,0,2,0,0,1
249700.0,1056100.0,58200.0,-18799,-2398,1,0,3,3,1,1,2,0,0,0
167400.0,477900.0,29870.0,-9444,-1867,2,0,3,3,1,0,2,0,0,1
356800.0,1096900.0,59360.0,-9345,-437,1,0,0,3,1,3,2,0,1,1
304900.0,1117700.0,75920.0,-12978,-2607,3,0,3,0,1,0,2,0,0,1
81300.0,278400.0,13610.0,-8686,-2112,5,0,3,1,4,0,1,1,0,1
235500.0,547900.0,30870.0,-7857,-995,2,0,1,0,0,0,2,0,0,1
312400.0,804700.0,51220.0,-22996,-565,2,0,1,3,1,0,2,1,1,1
266700.0,1195300.0,54050.0,-9044,-2469,2,0,3,3,1,0,2,0,1,1
115400.0,259800.0,11730.0,-9786,-2134,1,1,1,3,1,0,2,0,0,1
136600.0,283100.0,15680.0,-9687,-3113,1,0,3,3,1,0,2,0,1,0
50000.0,169700.0,9850.0,-17039,-1788,2,0,3,3,1,0,2,0,0,1
144200.0,518600.0,33810.0,-10477,-1823,1,0,3,3,1,0,1,0,0,1
199300.0,689000.0,43520.0,-14415,-700,2,0,1,3,1,0,2,0,0,1
109700.0,449600.0,27780.0,-9372,-2546,3,0,3,3,1,0,2,0,1,1
138600.0,579100.0,36820.0,-15635,-122,2,0,1,3,3,0,2,0,0,1
388400.0,1008800.0,67700.0,-12558,-1002,2,0,3,3,1,0,2,0,0,1
99300.0,232600.0,10570.0,-13670,-3699,2,0,3,3,1,0,2,0,0,1
81700.0,219900.0,11550.0,-12953,-2132,1,1,3,3,0,0,2,0,0,1
96500.0,299700.0,17750.0,-12963,-271,2,1,2,3,2,0,2,1,1,1
187800.0,462000.0,24930.0,-18574,-1560,2,0,3,3,1,0,2,0,1,1
144300.0,431200.0,23770.0,-11476,-1913,1,0,3,3,2,0,1,0,1,1
244900.0,1006000.0,50140.0,-19385,-1294,1,0,2,3,3,0,2,0,0,1
226300.0,666200.0,38910.0,-13591,-36,2,0,3,3,1,0,2,0,1,1
80400.0,197800.0,8710.0,-15573,-1719,2,0,1,3,1,0,1,0,0,0
123100.0,305300.0,13320.0,-14448,-800,2,0,2,0,1,0,2,0,1,1
294300.0,1143100.0,75620.0,-20822,-832,2,0,3,0,1,0,2,0,1,0
185000.0,478500.0,20190.0,-16852,-973,2,1,3,0,3,0,2,0,0,1
189700.0,602600.0,30010.0,-11168,-1142,2,0,2,3,3,2,2,0,0,0
104900.0,458500.0,24830.0,-8695,-793,2,0,0,0,1,0,2,0,0,0
274200.0,581000.0,29950.0,-17755,-3737,2,0,0,3,1,0,2,0,0,1
141700.0,541300.0,27220.0,-10265,-3690,2,0,3,3,0,0,2,0,0,0
154200.0,332700.0,21840.0,-20234,-722,3,0,3,3,1,3,2,1,1,1
71400.0,201700.0,9800.0,-22373,-1790,2,1,3,0,3,0,2,0,0,1
81900.0,367700.0,17520.0,-20431,-1892,1,0,3,0,1,0,3,0,1,1
83900.0,282900.0,17980.0,-10747,-2263,5,0,1,3,1,1,2,0,0,1
108900.0,225300.0,9830.0,-14213,-5565,4,0,3,3,3,0,3,0,0,1
123600.0,356300.0,18990.0,-16762,-1344,2,0,3,3,1,0,1,0,1,1
209400.0,606500.0,30450.0,-10662,-1041,1,0,0,3,0,0,1,0,0,0
117800.0,343100.0,18010.0,-23353,-3232,2,0,0,3,3,0,3,0,0,1
45000.0,96000.0,4060.0,-13069,-1309,1,1,3,3,1,0,1,0,0,0
314600.0,778500.0,50810.0,-11546,-1481,2,0,3,0,3,0,2,0,0,1
306700.0,895100.0,57050.0,-14752,-1831,3,1,3,3,1,0,2,1,0,0
233600.0,503300.0,21300.0,-15045,-3524,2,0,3,3,1,0,2,0,1,1
118300.0,503600.0,31470.0,-9050,-36,2,0,3,0,1,1,3,0,0,1
87900.0,352000.0,15000.0,-15794,-1032,2,0,3,3,1,2,2,0,1,1
262700.0,888100.0,52010.0,-22138,-822,4,1,3,0,1,0,2,0,1,1
69500.0,194100.0,10860.0,-19169,-553,2,0,3,3,1,0,1,0,1,1
163800.0,374200.0,16770.0,-15571,-796,4,0,0,3,1,0,2,0,1,1
124500.0,502700.0,30540.0,-9787,-969,2,0,1,3,1,0,2,0,1,1
176500.0,368500.0,16050.0,-9446,-2641,2,0,0,3,1,0,2,0,0,0
146000.0,384900.0,25250.0,-13038,-3158,2,0,3,3,1,0,3,0,0,1
108500.0,201500.0,12380.0,-14969,-2469,2,0,3,3,3,0,2,0,0,0
355900.0,1565700.0,66400.0,-16397,-3840,1,0,0,3,2,0,2,1,1,1
80500.0,212400.0,10020.0,-20298,-3415,1,1,3,0,1,0,2,0,1,1
130800.0,251100.0,16050.0,-22689,-1379,2,0,0,0,3,0,1,1,0,1
194700.0,510800.0,26080.0,-23026,-1113,1,0,2,3,2,0,2,0,1,1
77500.0,307000.0,16330.0,-19966,-818,1,0,1,3,1,0,1,1,1,1
254900.0,617500.0,41900.0,-18126,-1816,3,0,1,3,3,0,2,1,1,1
116100.0,420700.0,21750.0,-14293,-2035,2,0,1,0,1,0,3,0,0,1
125300.0,433100.0,24860.0,-22965,-707,3,0,3,3,1,3,3,1,0,1
223300.0,868500.0,54030.0,-19573,-728,2,0,3,0,0,0,2,0,1,1
99700.0,320500.0,15840.0,-20692,-7245,2,0,1,0,1,2,2,0,1,1
60000.0,225400.0,9710.0,-19576,-1244,1,0,3,3,1,0,3,0,0,1
296500.0,1085800.0,49530.0,-17412,-112,2,1,3,3,2,0,3,0,0,1
429500.0,1676900.0,79360.0,-13537,-2088,3,0,3,0,1,0,2,0,0,0
108200.0,305600.0,15880.0,-16376,-1081,1,0,1,3,1,0,3,0,0,1
62800.0,132200.0,8570.0,-17734,-625,3,0,1,3,1,0,2,0,0,1
198000.0,453000.0,27200.0,-16935,-141,3,0,1,3,1,0,2,0,1,1
235500.0,732700.0,40610.0,-12039,-1921,4,0,3,3,1,0,2,0,0,1
260500.0,732600.0,42780.0,-10950,-4375,2,0,0,2,1,0,3,0,1,1
154300.0,622600.0,38860.0,-22232,-3878,2,0,1,0,4,0,2,0,0,1
62800.0,218600.0,12720.0,-21843,-2524,1,0,3,3,2,0,2,0,0,0
188600.0,392500.0,20620.0,-23052,-4955,3,0,3,3,1,0,2,0,0,1
176200.0,329500.0,17550.0,-13111,-712,3,0,1,3,1,0,2,0,0,0
76200.0,143400.0,7300.0,-14849,-4939,2,0,3,0,1,0,2,0,1,1
191400.0,375000.0,20670.0,-15311,-4977,2,0,0,3,3,0,3,0,0,1
89100.0,254300.0,16110.0,-12798,-335,2,0,3,0,1,0,2,0,0,1
177500.0,328900.0,22100.0,-8519,-1944,2,0,0,3,1,0,3,0,1,1
276300.0,924200.0,59190.0,-10353,-364,4,0,3,3,3,0,2,0,0,0
296100.0,680800.0,36360.0,-21288,-6096,2,0,3,3,0,0,2,1,1,0
45000.0,112400.0,5170.0,-17968,-7363,1,0,3,2,1,0,3,0,0,1
225900.0,971600.0,62730.0,-23065,-4364,3,0,1,0,0,0,2,0,0,1
107500.0,386000.0,21920.0,-17466,-979,3,0,0,3,1,0,3,0,0,0
143400.0,510100.0,22830.0,-8581,-2006,2,0,3,3,1,0,2,0,0,0
143500.0,293800.0,18720.0,-11412,-728,3,0,1,3,1,0,2,1,1,1
75800.0,291700.0,19530.0,-9067,-1795,4,0,1,3,1,0,2,0,0,1
82700.0,222900.0,13840.0,-8096,-1522,2,0,1,3,1,0,2,1,1,1
143300.0,387800.0,20690.0,-9946,-1493,2,0,0,3,1,0,1,0,1,1
143700.0,375200.0,21280.0,-18860,-1564,2,0,0,3,1,0,2,0,0,1
201000.0,419500.0,19530.0,-13255,-6680,2,1,3,3,4,0,3,0,0,1
161800.0,316100.0,14170.0,-17520,-36,1,0,3,0,0,0,1,1,0,1
131500.0,589600.0,28340.0,-22797,-2872,4,0,1,0,3,0,2,0,1,1
211700.0,528900.0,25000.0,-19639,-170,2,0,0,3,1,0,3,0,1,1
130500.0,541200.0,31840.0,-16628,-298,2,0,3,3,1,0,2,0,0,1
45000.0,102000.0,4750.0,-20812,-3196,1,0,1,3,4,0,2,0,0,0
298000.0,562800.0,28770.0,-20896,-1432,4,1,3,3,0,0,2,0,0,1
205300.0,806800.0,51350.0,-12385,-109,2,0,3,3,2,0,2,0,1,1
92300.0,236600.0,10360.0,-14084,-60,3,0,3,3,3,0,2,1,0,1
222300.0,773000.0,43390.0,-13293,-695,2,0,3,3,3,0,2,0,0,1
218200.0,795300.0,41240.0,-17971,-1321,2,0,2,0,1,0,1,0,0,1
170700.0,699500.0,42730.0,-18849,-2098,2,0,3,3,1,0,2,0,1,0
146500.0,442800.0,21510.0,-17035,-735,1,0,3,3,3,0,2,1,0,1
298600.0,725300.0,35860.0,-18136,-2412,1,0,0,3,1,0,2,0,1,0
103500.0,188000.0,8970.0,-17868,-76,1,0,3,3,1,2,2,0,0,1
233200.0,557300.0,23650.0,-19762,-83,2,0,3,3,3,0,2,0,1,0
181500.0,687500.0,30310.0,-9404,-2830,3,0,2,3,1,0,3,0,0,1
118600.0,409800.0,23330.0,-15143,-79,2,0,0,3,1,0,2,0,0,1
146600.0,553000.0,26190.0,-17322,-257,2,0,3,3,3,0,3,0,0,1
145200.0,521300.0,33160.0,-14788,-1408,1,0,1,3,1,0,3,1,1,1
127800.0,570200.0,35700.0,-20230,-494,1,0,3,3,1,0,2,0,0,0
169000.0,322600.0,17050.0,-15653,-3390,1,0,3,3,1,1,2,1,0,1
313400.0,1322500.0,71080.0,-12568,-2174,2,0,3,3,0,0,3,0,1,1
222600.0,553600.0,32760.0,-21583,-1425,2,0,1,3,3,0,3,0,0,1
149500.0,308100.0,20030.0,-23671,-218,1,0,3,3,1,0,3,0,1,0
83800.0,327600.0,14230.0,-21121,-279,2,0,3,3,1,0,2,0,0,0
162700.0,686600.0,30910.0,-18717,-1832,3,0,3,0,2,0,1,0,0,1
72600.0,253000.0,14090.0,-19298,-1803,2,1,0,3,2,0,2,0,0,1
139900.0,600500.0,36870.0,-8756,-2182,2,0,0,3,3,0,2,1,1,1
234600.0,697400.0,30140.0,-11633,-2842,2,0,3,3,2,0,2,0,1,1
158300.0,487400.0,29770.0,-7986,-1411,4,0,1,3,1,0,2,0,1,1
221800.0,890200.0,43880.0,-18333,-546,2,0,1,3,1,0,2,0,1,0
85600.0,330200.0,16340.0,-21458,-379,2,0,3,3,3,0,2,0,0,1
165800.0,727800.0,39740.0,-12743,-166,2,0,2,3,1,0,2,0,0,1
264400.0,960300.0,57490.0,-23568,-629,4,0,0,3,1,0,1,0,1,0
145500.0,448500.0,27740.0,-13372,-536,4,0,0,3,1,0,3,0,1,0
70100.0,218300.0,13280.0,-14580,-434,1,0,1,3,3,0,1,0,0,0
152400.0,632200.0,36890.0,-22035,-665,1,0,2,3,1,0,2,1,0,1
259700.0,1099000.0,69300.0,-15228,-509,2,0,3,3,1,0,2,0,0,0
166500.0,498600.0,33400.0,-23095,-878,2,0,2,0,1,3,3,0,0,0
78000.0,257400.0,11780.0,-16856,-138,3,0,3,3,1,0,3,0,0,1
101000.0,449900.0,23800.0,-15119,-293,2,0,3,3,3,0,2,0,0,1
176600.0,365800.0,19700.0,-11302,-43,1,0,0,3,1,2,3,0,0,1
185300.0,366200.0,21660.0,-17624,-1911,3,0,3,0,1,0,2,0,1,1
204400.0,577000.0,36420.0,-21789,-842,2,0,0,3,1,0,2,0,0,0
214700.0,751000.0,32320.0,-19983,-2006,1,1,2,1,3,0,2,0,1,1
187000.0,573700.0,29720.0,-22287,-36,2,0,3,3,0,0,3,0,0,1
138600.0,617100.0,30650.0,-8756,-2182,2,0,3,0,1,3,3,0,0,1
119100.0,447300.0,20140.0,-15039,-3943,3,0,1,1,2,0,2,1,1,1
49200.0,110800.0,7060.0,-10479,-1576,3,0,3,0,0,0,3,0,0,1
355600.0,760900.0,40660.0,-8606,-2031,2,0,0,0,1,0,2,0,1,0
272700.0,942000.0,59270.0,-23334,-480,4,0,1,3,3,0,2,0,1,0
120300.0,448400.0,21510.0,-8868,-397,4,0,1,1,1,0,3,0,1,1
58300.0,177400.0,8410.0,-20642,-890,3,1,1,3,0,0,3,0,0,0
310600.0,1137100.0,67780.0,-20623,-1862,4,0,3,3,1,0,2,0,0,1
139700.0,388900.0,17580.0,-16581,-2246,2,0,3,3,3,0,2,0,0,0
279900.0,585800.0,34530.0,-10824,-4250,1,0,3,3,3,0,2,1,0,0
185400.0,676300.0,32320.0,-21012,-4243,3,0,3,3,1,0,2,0,1,1
75600.0,188000.0,9460.0,-11691,-64,2,0,3,3,4,0,1,0,0,1
220700.0,909900.0,55610.0,-18845,-2206,3,0,0,0,1,2,3,0,0,0
189300.0,416000.0,19470.0,-7978,-1009,1,0,3,3,1,0,2,1,0,1
66000.0,269000.0,17810.0,-16417,-1681,2,0,2,0,1,0,1,0,0,0
204200.0,508200.0,31850.0,-18639,-36,2,0,1,1,1,0,2,1,0,0
497800.0,2052400.0,125890.0,-18384,-110,1,0,3,0,3,0,2,1,0,1
123800.0,405400.0,22090.0,-17238,-413,2,0,3,3,1,0,2,0,0,0
193400.0,747800.0,48470.0,-21354,-214,1,0,2,3,3,0,3,0,0,1
151400.0,307900.0,17850.0,-11453,-4878,2,0,1,3,0,0,3,0,0,1
232500.0,934700.0,45220.0,-17626,-2250,2,0,0,0,1,0,3,0,0,1
93300.0,251700.0,11720.0,-21078,-495,1,0,0,3,1,0,2,1,0,1
84000.0,202500.0,8920.0,-15468,-1021,3,0,3,3,4,0,1,0,0,1
171100.0,589800.0,31520.0,-11057,-1107,4,0,1,3,3,0,2,0,1,1
150700.0,385400.0,17220.0,-10661,-3195,2,0,3,3,1,0,1,1,1,1
261300.0,577200.0,36670.0,-18333,-2879,2,0,1,3,3,0,1,0,0,1
526000.0,1500200.0,98750.0,-21321,-639,2,0,1,3,1,0,2,0,0,0
249600.0,581700.0,36490.0,-15575,-715,2,0,1,3,3,3,2,0,1,1
133300.0,379100.0,21100.0,-13981,-329,2,0,1,2,1,0,2,0,0,0
297800.0,688400.0,33140.0,-9102,-1682,3,0,0,3,1,0,2,0,0,0
88800.0,240200.0,11770.0,-11508,-1266,2,0,0,3,1,0,2,0,0,0
89600.0,240600.0,14940.0,-23403,-1628,4,0,1,3,2,0,2,0,0,0
247200.0,509100.0,28130.0,-15904,-502,2,0,0,3,1,0,2,0,0,0
56200.0,131700.0,8090.0,-14022,-2930,2,0,3,3,3,0,2,0,1,1
225500.0,868300.0,57410.0,-16182,-454,2,0,3,0,1,0,2,0,0,1
171700.0,502800.0,21420.0,-10548,-333,3,0,3,3,0,0,2,0,0,1
203700.0,494700.0,25840.0,-20856,-184,1,0,3,0,1,0,2,1,1,1
318700.0,637300.0,37810.0,-23406,-1790,3,0,1,3,1,0,2,0,0,1
140000.0,580200.0,26140.0,-17097,-4215,5,0,1,3,1,0,3,0,0,1
299900.0,1257000.0,57250.0,-10359,-1813,4,0,0,3,1,0,2,0,0,1
130200.0,516500.0,32940.0,-21951,-1110,2,0,3,3,1,0,2,0,0,1
94600.0,320400.0,18610.0,-18705,-176,3,0,0,3,1,0,2,0,0,0
152700.0,473300.0,20970.0,-12736,-1239,2,0,2,0,3,0,2,0,0,0
236300.0,702500.0,37880.0,-12505,-692,2,1,0,2,3,0,3,0,1,1
126000.0,517200.0,23990.0,-17064,-295,2,0,3,0,0,0,1,1,0,1
146000.0,390200.0,17280.0,-11341,-640,1,0,3,0,1,0,2,1,0,0
228600.0,606700.0,38850.0,-18288,-293,2,0,1,3,1,0,3,0,0,1
246900.0,665800.0,36460.0,-15581,-5037,3,0,3,3,1,0,3,0,0,1
128000.0,401800.0,27090.0,-12630,-292,2,0,1,3,3,0,2,1,0,0
131500.0,270900.0,17100.0,-13458,-2714,2,0,2,1,1,0,1,0,0,1
118800.0,303300.0,18870.0,-11276,-522,2,0,3,0,1,0,2,0,1,0
184600.0,602300.0,30870.0,-14061,-1656,2,0,0,3,0,0,1,0,1,0
175500.0,634700.0,34530.0,-19884,-5440,1,1,3,3,1,2,1,0,1,1
54100.0,214000.0,12350.0,-22365,-713,2,0,1,0,1,0,3,0,0,1
467900.0,2057200.0,123120.0,-19432,-2011,1,0,0,3,1,0,2,0,0,1
128700.0,475600.0,32080.0,-14872,-396,1,0,3,0,3,0,1,0,0,1
113700.0,429300.0,23720.0,-13025,-1451,2,0,3,3,2,0,2,1,0,0
236700.0,978800.0,64760.0,-7688,-624,4,0,0,2,1,0,2,0,0,0
465500.0,1974300.0,87920.0,-17304,-2212,5,0,3,0,1,0,1,1,1,0
70000.0,280600.0,13390.0,-9279,-1247,3,0,3,3,1,0,2,1,1,1
116100.0,394800.0,18800.0,-21707,-1481,1,0,2,3,1,0,3,0,1,1
125700.0,252600.0,15830.0,-8796,-348,1,0,3,0,1,3,2,0,1,1
262900.0,794600.0,53160.0,-9333,-36,1,0,1,3,1,0,3,0,0,0
188400.0,548300.0,33310.0,-19286,-3129,2,0,0,3,1,0,3,0,0,1
117100.0,344100.0,20540.0,-13383,-4452,2,0,0,0,1,0,2,1,1,0
270300.0,726300.0,34250.0,-16099,-2849,2,0,1,0,1,2,2,1,0,1
232400.0,721500.0,45430.0,-11922,-2699,3,0,3,3,1,0,1,0,0,1
135100.0,407600.0,19220.0,-7851,-1277,1,0,3,0,3,0,2,1,0,1
96500.0,249100.0,15850.0,-8841,-173,2,0,0,3,1,0,2,0,0,1
104500.0,253300.0,17040.0,-20423,-646,2,0,3,0,1,0,3,0,1,1
140900.0,535400.0,29710.0,-23588,-1975,3,0,0,3,1,0,2,0,1,0
148500.0,475000.0,21040.0,-10246,-3672,2,0,0,3,1,0,2,0,0,1
139300.0,294000.0,19370.0,-9373,-1114,2,0,3,3,1,0,2,0,0,1
81000.0,288500.0,17830.0,-18474,-740,3,0,3,3,1,0,1,0,1,1
84800.0,189300.0,11960.0,-7903,-1322,2,0,3,3,1,0,3,0,1,1
320900.0,1060000.0,49990.0,-18299,-773,1,0,3,0,3,0,2,0,0,1
73200.0,300000.0,13820.0,-20252,-801,3,0,0,3,4,0,2,0,0,0
299800.0,1026700.0,59040.0,-13509,-781,1,0,3,3,1,0,1,1,0,1
257900.0,563800.0,26510.0,-13589,-5122,1,0,3,3,1,0,2,1,0,0
70000.0,257200.0,17460.0,-12032,-2006,5,0,3,3,3,0,2,0,1,0
214300.0,964000.0,56620.0,-18525,-5052,1,0,3,3,1,0,2,0,1,1
100100.0,373100.0,25240.0,-15048,-868,2,0,3,3,1,0,2,0,0,0
55500.0,193100.0,8830.0,-15208,-3180,3,0,3,3,1,0,1,0,1,0
195900.0,522900.0,31710.0,-14059,-1087,2,1,0,3,3,0,3,1,1,1
115600.0,509600.0,22590.0,-16359,-3355,2,0,0,3,3,0,2,0,0,1
246100.0,1029200.0,43840.0,-15437,-661,4,0,1,3,1,0,1,0,0,0
105400.0,380800.0,23360.0,-13689,-2974,3,0,1,3,1,0,1,0,1,0
136200.0,561300.0,36080.0,-13792,-633,3,0,3,0,1,0,2,0,0,1
45000.0,161100.0,7970.0,-20583,-738,1,0,3,3,1,0,2,1,0,0
95800.0,413700.0,19860.0,-14739,-3119,2,0,3,3,1,0,3,0,0,0
173400.0,422000.0,27150.0,-19825,-386,1,0,0,3,0,0,2,0,1,1
135800.0,306900.0,16740.0,-23571,-1510,2,0,0,3,0,0,2,0,0,1
137700.0,307100.0,13320.0,-12545,-1837,1,0,1,3,3,0,2,0,0,0
252900.0,1034600.0,48560.0,-23050,-1606,1,0,3,3,0,0,3,0,0,1
183700.0,434000.0,26570.0,-18023,-1511,1,0,3,0,4,0,2,0,0,1
148600.0,595100.0,25160.0,-14277,-1191,2,0,0,3,1,0,1,0,0,1
94100.0,385400.0,24110.0,-16921,-457,1,0,3,3,3,0,2,0,0,1
116800.0,217500.0,14160.0,-20202,-694,1,0,0,3,1,0,3,0,1,1
87500.0,318200.0,14290.0,-19598,-791,1,0,3,3,4,0,2,0,0,1
102700.0,400100.0,26610.0,-10889,-978,2,0,0,3,1,3,2,1,1,0
58200.0,120900.0,6780.0,-17497,-569,2,0,0,0,1,0,2,1,0,0
218600.0,483000.0,31010.0,-14018,-128,3,0,0,0,1,0,2,0,0,1
133100.0,377100.0,18350.0,-10281,-3707,1,0,0,3,1,0,3,0,0,1
118400.0,251600.0,10610.0,-16251,-407,4,0,3,3,0,0,3,0,0,0
112600.0,348900.0,22830.0,-18026,-2073,1,0,1,0,1,0,2,1,1,1
77300.0,244400.0,15940.0,-12085,-5228,1,0,0,3,1,3,2,0,1,0
81600.0,181500.0,8110.0,-23096,-2165,3,0,0,3,1,0,2,0,0,1
113000.0,217200.0,14730.0,-22531,-884,1,0,3,3,0,0,2,0,0,1
583400.0,2259100.0,131390.0,-11123,-2995,1,0,2,0,1,0,2,0,0,0
299900.0,1006500.0,50930.0,-17169,-398,5,0,1,0,1,0,3,0,0,0
243100.0,951100.0,49690.0,-21687,-1789,3,0,3,0,1,0,1,1,0,0
109000.0,325600.0,14180.0,-23609,-666,3,0,3,3,1,0,2,0,0,0
232800.0,513800.0,26690.0,-10224,-559,1,0,0,3,1,0,2,0,0,1
250700.0,821500.0,38370.0,-8327,-1752,3,0,0,0,1,0,2,0,0,1
128100.0,524700.0,24130.0,-10827,-195,2,1,3,3,1,0,2,0,1,0
279500.0,752400.0,46030.0,-22431,-4045,1,0,3,1,3,0,2,1,1,0
265800.0,966600.0,61230.0,-16376,-7568,2,1,0,3,1,0,2,0,1,1
309500.0,936900.0,47100.0,-14242,-3930,1,0,3,3,3,0,1,0,0,1
154900.0,357500.0,15430.0,-14733,-2095,1,0,0,0,1,1,2,0,1,0
84200.0,222100.0,12010.0,-23585,-3350,2,1,1,0,1,0,2,0,0,0
113400.0,503400.0,27750.0,-18175,-6057,1,1,3,3,1,0,1,1,0,1
90000.0,302800.0,17840.0,-11558,-36,2,0,1,3,2,0,1,0,1,0
209000.0,626000.0,36690.0,-10272,-542,1,0,3,1,1,0,3,0,1,1
96500.0,264500.0,16000.0,-15782,-2781,4,0,3,3,1,0,2,0,0,1
167000.0,380700.0,16850.0,-10039,-1021,2,0,1,0,1,0,2,1,1,0
81000.0,202000.0,11660.0,-21177,-356,2,0,1,3,1,1,2,0,1,1
196400.0,581200.0,36090.0,-20839,-1458,1,0,1,3,1,0,3,0,0,1
45000.0,86500.0,5540.0,-9799,-750,1,0,2,3,0,0,3,1,0,0
295400.0,710700.0,42230.0,-10994,-887,2,0,0,3,1,0,2,0,0,1
64400.0,118600.0,7460.0,-18085,-1444,3,0,0,3,0,0,2,0,0,1
97200.0,204700.0,9690.0,-23453,-1650,1,0,0,3,1,0,2,0,0,1
291500.0,754400.0,34620.0,-19828,-139,1,0,3,3,1,0,1,1,0,0
181400.0,495900.0,26750.0,-18836,-329,1,1,1,3,1,3,2,0,1,1
123400.0,422800.0,21810.0,-17742,-6106,1,0,0,3,3,0,2,0,0,1
215500.0,601400.0,29090.0,-22622,-3114,2,0,0,3,1,0,3,0,0,0
73900.0,179800.0,8790.0,-14710,-3341,3,0,1,3,1,0,2,0,0,1
134600.0,517300.0,28860.0,-14424,-1885,2,0,1,3,4,0,3,0,0,0
117000.0,376500.0,19800.0,-23142,-3067,3,1,3,0,4,3,1,0,0,0
246200.0,645400.0,27370.0,-22628,-258,1,1,3,0,1,0,2,0,0,1
164200.0,390800.0,22150.0,-8649,-168,2,0,3,3,1,0,3,0,1,0
107100.0,271300.0,12030.0,-20794,-1623,2,0,3,3,1,3,2,0,0,1
186300.0,829100.0,54910.0,-8420,-1590,2,0,3,3,0,0,2,0,1,1
251400.0,1036200.0,58740.0,-10817,-78,2,0,3,0,0,0,2,1,0,1
103500.0,211900.0,13390.0,-14074,-1047,5,0,0,3,1,0,2,0,1,1
269700.0,1033800.0,52440.0,-18993,-2106,2,0,3,3,3,0,2,0,0,0
166300.0,445800.0,20520.0,-15221,-767,2,0,2,3,1,0,2,0,0,1
343500.0,833100.0,51620.0,-9349,-1976,1,0,2,3,1,2,3,0,0,1
269200.0,676300.0,42620.0,-16130,-416,2,0,3,3,3,0,3,0,0,0
86800.0,329700.0,16970.0,-12020,-36,3,0,1,3,3,0,2,0,0,1
84300.0,220600.0,13490.0,-8789,-2011,4,0,1,3,1,0,3,0,0,1
289100.0,623600.0,31290.0,-11990,-2312,2,0,3,0,1,0,2,1,0,0
134400.0,601700.0,35090.0,-22006,-1370,4,0,3,3,1,0,1,1,0,1
243200.0,578100.0,36420.0,-17250,-596,2,0,3,0,1,0,2,0,1,0
82700.0,250800.0,11950.0,-9389,-2815,2,1,3,0,1,0,2,0,0,0
132600.0,248500.0,15960.0,-19785,-2517,1,0,3,3,1,0,2,0,0,1
84300.0,224100.0,14430.0,-10233,-171,2,1,3,0,1,0,2,0,0,1
222100.0,590800.0,27540.0,-8084,-36,2,0,0,3,4,1,2,0,0,1
120600.0,284000.0,14150.0,-16822,-2302,3,0,1,3,1,0,2,0,1,0
182700.0,609900.0,35410.0,-12040,-2770,2,0,0,3,1,0,2,0,0,1
53600.0,115800.0,7190.0,-10921,-1574,1,0,3,3,0,0,1,0,1,1
205100.0,401200.0,25850.0,-10944,-505,1,0,3,3,1,0,1,0,0,0
161500.0,292100.0,16050.0,-9363,-359,2,0,3,0,1,0,1,0,0,0
82800.0,360900.0,24110.0,-8306,-915,2,0,1,0,1,0,3,0,0,0
68700.0,268200.0,16670.0,-22202,-2682,2,0,3,3,1,0,2,0,1,0
86400.0,300200.0,14030.0,-19900,-325,2,0,3,0,1,0,2,0,1,1
109800.0,432800.0,22780.0,-13187,-1191,1,0,1,0,0,0,2,1,1,0
157300.0,533100.0,35480.0,-8838,-2180,2,1,3,3,3,0,3,1,0,1
163800.0,370000.0,23340.0,-19156,-6421,2,0,0,3,3,0,2,0,0,1
266600.0,850700.0,36180.0,-16361,-51,3,0,3,3,4,0,3,0,1,1
124000.0,344700.0,20570.0,-9870,-2520,2,0,3,3,3,1,2,1,0,0
109600.0,255200.0,15810.0,-12578,-2839,3,0,3,3,1,0,3,0,0,1
272500.0,1092400.0,67650.0,-11623,-316,2,0,3,3,3,0,3,0,0,1
123100.0,516900.0,26060.0,-17655,-1778,3,0,3,0,1,0,2,0,0,1
135000.0,564700.0,32380.0,-9961,-3387,3,1,2,3,4,0,3,0,1,1
141300.0,298800.0,17190.0,-13675,-678,2,0,1,2,3,0,3,0,1,0
344700.0,1326600.0,61470.0,-10777,-2415,2,0,3,3,3,3,3,0,0,1
277700.0,749300.0,46420.0,-9773,-3198,2,0,2,3,1,0,2,0,1,0
91500.0,388900.0,25630.0,-13382,-238,4,0,3,3,1,0,2,0,1,0
279900.0,644900.0,39000.0,-9012,-2237,2,0,3,3,1,0,2,0,1,1
131900.0,295600.0,18270.0,-17967,-447,1,0,3,3,2,0,2,0,1,1
86200.0,203100.0,13320.0,-14875,-4383,2,0,2,3,3,0,3,0,1,1
277100.0,855400.0,38790.0,-23383,-59,1,0,1,0,4,0,2,0,0,0
170500.0,519700.0,35160.0,-9933,-1055,1,0,1,3,1,3,2,1,1,1
167900.0,746000.0,41880.0,-21223,-1507,2,0,3,3,0,0,2,0,0,1
136500.0,492100.0,23390.0,-8391,-1816,2,1,3,3,1,1,2,0,1,1
238700.0,965900.0,54400.0,-18496,-2284,2,0,0,0,0,0,2,0,0,1
119700.0,397400.0,21900.0,-13596,-2650,2,1,3,3,1,0,2,0,0,1
62900.0,136000.0,8370.0,-15284,-447,2,0,0,3,1,0,2,0,0,0
289400.0,867700.0,41840.0,-9131,-512,2,0,3,3,1,0,2,0,0,1
136400.0,613700.0,36920.0,-21969,-1135,1,0,1,2,1,0,2,0,1,0
109800.0,434500.0,25840.0,-13482,-2561,2,0,0,3,1,0,2,0,0,1
121000.0,384300.0,17080.0,-22671,-2214,2,0,3,3,3,0,2,0,0,1
271000.0,1047000.0,66580.0,-16668,-2723,3,0,0,0,1,0,1,0,1,1
63500.0,126900.0,7560.0,-13262,-2014,2,0,3,0,1,0,3,1,0,1
287100.0,1289700.0,58540.0,-10429,-334,1,0,3,3,4,2,3,0,1,1
154800.0,292500.0,12960.0,-10061,-3487,2,0,3,0,3,1,1,0,0,1
112400.0,233800.0,10170.0,-9338,-685,1,0,1,1,1,0,2,0,1,1
253000.0,513600.0,33590.0,-19115,-2919,3,0,3,3,1,0,2,1,0,1
119300.0,440200.0,20780.0,-10892,-3050,1,0,3,3,1,0,2,0,1,1
183200.0,379900.0,16690.0,-20838,-47,2,0,0,0,0,0,3,0,0,1
347700.0,1004200.0,50420.0,-18401,-1855,3,0,0,0,0,0,2,0,1,0
153700.0,521700.0,27150.0,-20590,-162,2,0,3,3,3,0,3,1,0,0
127200.0,242600.0,14190.0,-15405,-891,1,0,0,0,3,0,1,0,0,1
198700.0,621400.0,28730.0,-18972,-3199,2,0,0,3,1,0,1,1,0,1
185400.0,483300.0,27670.0,-8223,-1649,1,0,3,1,1,3,2,0,0,1
479200.0,1681000.0,93430.0,-7961,-285,3,0,1,0,1,0,2,0,0,1
154600.0,687500.0,45350.0,-15337,-4915,3,0,0,0,1,0,2,0,1,1
103000.0,379800.0,25760.0,-20046,-1147,2,0,0,3,3,1,2,0,0,1
180200.0,368300.0,20890.0,-17734,-964,2,0,3,3,1,0,1,0,0,1
125200.0,473900.0,23550.0,-13982,-2694,3,0,3,3,1,0,2,0,0,1
89600.0,243900.0,15940.0,-18249,-106,2,0,3,3,0,0,3,0,1,1
114900.0,260500.0,11540.0,-18487,-1128,2,0,2,3,3,0,2,0,0,1
92100.0,324700.0,19810.0,-18129,-302,2,0,1,3,3,0,2,0,0,1
182900.0,759400.0,48980.0,-11525,-579,4,0,0,0,0,1,3,0,0,0
98000.0,280600.0,12540.0,-8242,-214,4,0,3,3,1,0,1,0,0,0
59600.0,157000.0,9650.0,-14234,-155,4,0,3,0,3,0,1,0,0,1
97900.0,417400.0,27470.0,-21938,-3138,3,1,1,3,1,0,2,1,0,1
113100.0,450200.0,22210.0,-14171,-985,3,0,3,0,0,3,2,0,0,1
115700.0,376800.0,20540.0,-15768,-2934,2,0,3,3,1,1,2,1,0,1
153600.0,688700.0,40620.0,-17457,-839,1,0,3,3,1,0,2,0,0,1
238300.0,979400.0,63890.0,-18640,-975,3,0,1,3,1,0,2,0,0,1
90600.0,336900.0,16310.0,-17969,-1355,2,1,3,3,3,0,2,0,0,1
177800.0,542300.0,23100.0,-14564,-2735,2,0,2,3,3,0,2,0,0,1
184200.0,467900.0,22930.0,-20257,-2229,3,0,0,3,1,0,2,0,0,0
96400.0,360900.0,20640.0,-12120,-1660,1,0,3,3,3,0,3,0,0,0
238700.0,856500.0,42980.0,-12763,-6008,2,0,1,3,1,0,3,0,0,1
114400.0,496900.0,23110.0,-13985,-424,2,0,1,3,1,0,2,0,0,1
100100.0,282900.0,12350.0,-16762,-3747,4,0,1,3,1,0,3,1,0,1
155200.0,405700.0,25280.0,-13580,-7006,2,0,3,3,0,1,2,0,0,1
126100.0,278300.0,12980.0,-17238,-6553,3,0,1,3,4,0,1,0,1,1
81400.0,316700.0,18350.0,-17688,-2104,5,1,0,3,1,0,1,0,1,0
126600.0,377800.0,18310.0,-8811,-254,1,0,0,0,1,0,3,0,0,1
50000.0,123600.0,6660.0,-23062,-2219,2,0,0,3,1,0,3,0,0,0
120700.0,425800.0,27380.0,-11457,-543,3,0,3,3,1,0,3,0,1,1
101500.0,401600.0,21390.0,-17743,-388,1,0,3,3,1,0,2,0,0,1
167100.0,329500.0,21300.0,-15100,-708,4,0,1,3,4,0,3,0,1,1
101300.0,323000.0,17780.0,-17297,-423,3,0,3,3,1,0,3,0,0,1
189900.0,411900.0,20310.0,-8532,-431,1,0,3,3,1,0,1,0,0,0
54600.0,126400.0,8290.0,-20803,-1513,2,0,1,3,1,0,2,0,1,1
153400.0,525900.0,28270.0,-11328,-586,2,0,3,3,1,0,2,1,1,0
215900.0,969300.0,61140.0,-23485,-924,1,0,3,0,1,0,1,0,0,1
269600.0,954000.0,61670.0,-20156,-1056,3,0,1,3,2,0,1,0,0,0
503800.0,1369700.0,70230.0,-21248,-2045,1,1,3,3,1,0,2,0,0,1
84000.0,357000.0,21590.0,-19986,-1087,2,0,3,3,1,0,2,1,0,0
77700.0,184100.0,9260.0,-11934,-1228,3,0,3,3,4,0,2,0,1,1
92200.0,384100.0,25140.0,-19069,-1695,3,0,2,3,0,0,2,0,0,0
172300.0,519000.0,22670.0,-17190,-962,2,0,3,3,3,0,2,0,0,0
166400.0,695200.0,44140.0,-11095,-402,2,1,3,3,3,0,1,0,1,1
67500.0,215100.0,12870.0,-12860,-237,2,0,3,3,1,0,2,0,1,1
134300.0,333100.0,22550.0,-16150,-435,2,0,3,0,2,1,3,0,0,1
106500.0,313900.0,13870.0,-10112,-1898,2,0,3,0,4,0,2,0,0,1
156400.0,638100.0,28500.0,-17426,-3641,2,0,1,3,1,0,3,0,1,1
206300.0,538700.0,36220.0,-20937,-2536,2,0,3,3,3,0,2,1,0,0
60400.0,117300.0,6860.0,-19286,-1799,1,0,0,0,1,0,1,0,1,1
163200.0,615500.0,34080.0,-18050,-339,3,0,0,3,1,0,2,0,0,0
200400.0,643200.0,32500.0,-8750,-623,3,0,0,0,0,0,2,0,0,1
139600.0,415000.0,26260.0,-23146,-1584,3,1,1,3,1,2,2,0,1,1
165700.0,555600.0,26130.0,-18315,-1806,3,0,1,3,2,0,2,0,0,0
110200.0,271800.0,14270.0,-17405,-1806,2,0,3,0,3,0,2,0,1,1
89700.0,264000.0,13320.0,-9989,-1869,2,0,0,3,1,0,3,1,0,0
117800.0,512100.0,24400.0,-8538,-1232,5,0,3,3,1,0,2,0,1,1
159600.0,471700.0,20140.0,-16372,-3470,2,0,1,0,1,0,2,0,0,1
148200.0,524300.0,26720.0,-13216,-64,3,0,1,3,1,0,2,0,1,1
156900.0,501000.0,30550.0,-20991,-1079,4,0,0,3,3,0,3,1,0,0
124800.0,451100.0,22130.0,-19252,-541,4,0,3,3,1,0,2,0,0,1
235300.0,866100.0,58820.0,-15298,-1111,2,1,1,3,0,0,2,0,0,1
170000.0,340100.0,14440.0,-18551,-7301,2,0,3,1,2,0,2,0,1,0
315000.0,749100.0,43020.0,-12068,-224,3,0,0,3,1,0,2,0,0,1
100400.0,380500.0,20260.0,-17914,-2683,3,1,0,0,1,0,2,1,0,0
130100.0,540000.0,34340.0,-14775,-41,1,0,3,3,0,0,2,1,0,1
254500.0,770000.0,37660.0,-20933,-603,2,0,0,2,1,0,1,0,1,0
150100.0,503000.0,32760.0,-11335,-1392,3,0,1,3,3,3,2,0,1,0
217500.0,529400.0,22590.0,-9908,-2829,1,0,3,3,3,0,2,0,0,0
93200.0,244000.0,15750.0,-9496,-716,2,0,1,0,1,0,2,0,0,0
307600.0,1265200.0,75520.0,-13600,-1682,2,0,3,3,1,0,2,0,1,1
278500.0,943000.0,45050.0,-13977,-1048,4,0,1,0,2,0,2,0,0,1
472800.0,1808100.0,89730.0,-20129,-1587,3,0,0,3,1,0,2,0,0,0
304200.0,1078300.0,71100.0,-13646,-2666,3,0,2,3,1,0,2,1,1,1
268500.0,895100.0,59040.0,-12474,-771,2,0,3,3,2,0,1,1,0,1
167000.0,547300.0,27320.0,-16886,-4357,4,0,0,2,3,0,2,0,0,1
292500.0,773200.0,32620.0,-20334,-354,2,0,0,3,1,3,3,0,1,0
93000.0,241900.0,10870.0,-13012,-6412,5,0,3,3,2,0,3,0,1,1
135900.0,431900.0,20750.0,-13432,-1073,5,0,0,3,1,0,3,0,0,0
132800.0,464500.0,29670.0,-21332,-1785,2,0,3,3,1,0,1,0,1,1
62900.0,251100.0,15330.0,-20969,-1187,3,0,0,0,3,0,3,0,0,1
86200.0,322000.0,17350.0,-10933,-1438,2,0,3,3,2,0,1,1,0,0
179900.0,341600.0,18340.0,-13055,-106,4,0,0,0,4,0,2,1,0,0
495400.0,2198000.0,96150.0,-9836,-3261,2,0,3,3,1,0,2,0,0,1
147100.0,292100.0,19460.0,-13706,-2671,2,0,3,3,3,0,3,0,0,1
113400.0,407100.0,23590.0,-10255,-699,2,0,3,3,1,0,2,0,0,0
131700.0,351200.0,15350.0,-10131,-915,2,0,3,3,1,0,2,0,0,1
140900.0,287200.0,19190.0,-13421,-2005,2,0,3,0,1,1,2,0,0,0
96400.0,425300.0,21500.0,-14625,-3069,2,0,0,3,2,0,3,0,0,0
133600.0,369500.0,22430.0,-12166,-1452,2,0,3,3,1,0,3,0,1,1
278200.0,1172600.0,77190.0,-12015,-4297,2,0,3,0,1,0,2,0,1,1
194900.0,838500.0,52100.0,-23672,-46,2,0,2,0,4,0,2,1,1,1
88800.0,193900.0,12160.0,-9668,-1924,2,0,2,0,0,0,1,0,0,1
316900.0,747900.0,37920.0,-12067,-1120,2,0,1,3,0,2,2,1,0,0
85600.0,168700.0,8660.0,-13363,-175,2,0,1,3,3,0,2,0,0,1
97800.0,232800.0,12420.0,-9096,-767,1,0,3,3,1,0,1,0,0,1
134100.0,485200.0,22170.0,-11791,-36,4,0,2,3,1,0,2,1,0,0
112300.0,351900.0,17470.0,-16146,-334,1,0,0,3,1,0,1,0,0,1
323900.0,720700.0,30320.0,-10370,-2534,2,0,3,0,1,1,3,0,1,1
114800.0,237500.0,15140.0,-11578,-36,2,0,3,3,1,0,3,0,0,1
125800.0,371000.0,19530.0,-19017,-1459,2,0,3,0,0,0,2,0,1,1
94300.0,243400.0,14110.0,-22153,-1244,2,0,0,3,3,0,2,0,0,1
81900.0,270000.0,17990.0,-17963,-452,1,0,3,1,1,0,2,0,1,1
141400.0,442600.0,26210.0,-14249,-1530,1,0,3,3,1,0,2,1,1,0
252100.0,519000.0,34330.0,-16321,-1470,2,0,3,3,0,0,3,0,0,0
106000.0,294500.0,17060.0,-12253,-1985,2,1,3,3,1,0,2,0,1,0
179900.0,439100.0,29760.0,-20542,-2765,5,0,1,3,1,0,2,0,0,1
180600.0,609500.0,37410.0,-14254,-468,5,0,1,0,0,0,2,0,1,0
176300.0,565200.0,31660.0,-18535,-366,3,0,3,0,0,0,2,0,0,0
198300.0,743700.0,32700.0,-13114,-2338,3,1,3,3,1,0,2,0,1,1
134500.0,362400.0,22910.0,-13093,-1800,3,0,3,3,1,0,2,0,0,1
114900.0,358000.0,21980.0,-18817,-952,2,0,3,0,1,0,2,0,1,1
382200.0,1498100.0,77010.0,-13144,-1071,2,0,0,3,1,0,2,0,0,1
284200.0,717400.0,40050.0,-14858,-68,4,0,3,3,1,0,3,0,0,1
124800.0,359300.0,20460.0,-18650,-173,1,0,3,0,3,0,2,1,0,0
219800.0,801000.0,34050.0,-13297,-939,1,0,3,3,2,0,1,0,0,1
80600.0,212700.0,12030.0,-12758,-1917,1,1,2,1,1,0,2,0,1,0
85800.0,174300.0,11090.0,-11988,-3467,1,1,0,3,0,0,1,0,0,1
200600.0,736600.0,32110.0,-19594,-445,1,1,0,3,1,0,2,0,0,1
353500.0,1243800.0,72520.0,-12839,-266,3,0,1,3,1,0,2,0,0,0
122900.0,278200.0,13510.0,-16835,-159,3,1,1,3,1,0,2,0,0,1
170300.0,668800.0,38000.0,-23356,-1464,2,0,3,3,1,1,2,1,1,1
161600.0,585500.0,28130.0,-16632,-3146,1,0,3,3,1,0,3,0,1,0
117200.0,377800.0,16340.0,-19283,-455,3,0,3,0,1,0,1,0,0,0
168200.0,684800.0,37690.0,-16057,-792,1,0,0,3,1,0,3,0,0,0
225200.0,492600.0,22690.0,-20662,-1744,1,0,0,0,4,3,2,0,0,1
207400.0,613800.0,33650.0,-15535,-5071,2,0,3,3,3,0,1,0,1,0
89000.0,259800.0,15110.0,-20889,-3230,2,0,3,3,3,0,2,1,0,0
126300.0,332500.0,14650.0,-14968,-1566,1,0,3,3,1,0,3,1,1,1
154400.0,427600.0,27470.0,-13370,-3105,2,0,3,0,1,0,2,1,1,1
84100.0,216600.0,9790.0,-15646,-635,2,0,1,3,1,0,2,0,1,0
231900.0,825300.0,48700.0,-16690,-1000,2,0,3,3,0,0,2,0,0,0
161300.0,435800.0,19620.0,-14784,-593,2,0,3,3,1,0,1,0,0,1
123000.0,532800.0,27610.0,-9012,-471,1,0,3,3,1,0,1,0,1,1
80700.0,242700.0,12880.0,-15660,-1241,2,0,3,1,3,0,3,1,0,0
142900.0,601600.0,34410.0,-12085,-899,2,0,0,3,1,0,2,1,0,1
107200.0,323900.0,16780.0,-20626,-1147,4,0,2,3,3,0,1,0,1,0
107900.0,344400.0,14580.0,-9106,-797,2,0,3,1,1,0,3,0,0,0
174900.0,627600.0,38960.0,-12292,-1729,2,0,1,0,1,0,2,0,0,1
136500.0,494400.0,31550.0,-18297,-260,3,0,1,0,1,0,1,0,0,1
121300.0,290200.0,17130.0,-8999,-1822,1,0,3,3,1,0,2,0,0,1
102600.0,232100.0,14520.0,-19529,-546,1,0,0,3,1,0,3,0,0,1
234000.0,918900.0,45800.0,-10394,-160,4,0,2,3,3,0,1,0,0,1
113900.0,498900.0,28630.0,-19429,-723,1,0,1,3,3,0,1,1,1,1
81300.0,363300.0,21670.0,-16097,-346,3,0,1,3,1,0,2,0,1,1
114500.0,480000.0,27800.0,-17983,-935,1,0,3,0,1,0,2,0,0,1
110700.0,497300.0,29330.0,-15487,-96,2,0,3,0,4,2,3,1,1,0
224100.0,906100.0,50810.0,-14403,-310,2,0,0,0,4,1,2,1,1,1
160900.0,571900.0,34760.0,-8932,-2357,2,0,3,3,1,0,2,0,1,1
57200.0,168000.0,7390.0,-8049,-1474,1,0,0,0,3,0,2,1,0,1
96500.0,276600.0,15940.0,-12566,-373,3,0,1,3,1,0,2,0,0,0
148900.0,530000.0,22290.0,-7672,-1097,3,0,0,3,1,0,2,0,0,1
62500.0,141000.0,7630.0,-9532,-1024,2,0,3,0,3,0,2,0,0,0
78000.0,270200.0,15170.0,-20711,-3281,4,0,1,0,4,3,2,0,0,1
208600.0,498100.0,23860.0,-22756,-4555,2,0,1,0,4,0,2,0,1,1
211300.0,506000.0,29330.0,-13606,-456,2,0,3,3,3,0,2,0,1,1
147800.0,290000.0,14550.0,-22172,-528,3,0,0,0,2,0,2,0,1,1
160100.0,642700.0,27960.0,-20203,-1474,2,1,3,0,1,0,2,1,0,0
139500.0,462500.0,29740.0,-10253,-153,2,0,0,3,1,0,2,0,0,1
195400.0,861100.0,51770.0,-17067,-338,3,0,3,3,3,0,2,0,0,1
157700.0,437600.0,22070.0,-11296,-452,4,0,0,3,1,0,1,1,0,1
210600.0,724500.0,44650.0,-16012,-36,2,0,3,3,1,0,1,0,0,1
45000.0,159800.0,9970.0,-14922,-448,2,0,3,3,3,0,2,0,0,0
102000.0,282700.0,15860.0,-20905,-2615,3,0,3,3,2,0,2,1,0,1
105600.0,410200.0,24830.0,-14335,-1422,3,0,1,3,1,0,2,0,1,1
98500.0,404200.0,22320.0,-11709,-773,2,0,3,0,1,0,3,1,1,1
271700.0,534400.0,27180.0,-14267,-2483,2,0,3,3,1,0,2,0,0,1
163700.0,601000.0,36110.0,-21199,-390,4,0,0,3,3,0,2,0,0,1
243600.0,993500.0,53250.0,-14391,-297,3,0,3,3,3,0,2,0,1,0
125600.0,305000.0,14240.0,-19966,-3141,1,0,0,3,1,0,2,0,0,1
143200.0,261000.0,14150.0,-10160,-495,2,1,3,0,1,0,2,0,0,0
182000.0,812800.0,47390.0,-19241,-561,3,1,3,3,1,0,3,0,0,1
95300.0,375900.0,23000.0,-15842,-946,4,0,1,3,2,0,2,0,1,1
201100.0,447900.0,22200.0,-7910,-526,2,0,3,3,2,0,3,0,0,1
152600.0,396300.0,17130.0,-17711,-1928,2,0,0,3,0,0,2,0,0,0
206600.0,740500.0,40340.0,-11128,-740,2,0,0,3,0,0,2,0,0,1
110100.0,470000.0,20680.0,-18372,-348,4,0,2,0,1,0,2,0,0,1
247700.0,708300.0,32390.0,-14790,-259,2,0,3,3,1,0,3,0,0,1
256800.0,1048600.0,51000.0,-23154,-282,2,0,3,0,2,0,3,1,1,1
358700.0,745200.0,38170.0,-15278,-2929,1,0,0,3,1,0,2,0,0,1
64400.0,136700.0,8630.0,-17920,-917,3,0,3,3,0,0,2,0,0,1
131100.0,279000.0,18720.0,-11986,-500,2,0,0,3,3,0,2,0,1,0
63300.0,221900.0,12140.0,-17123,-2937,5,0,3,1,3,0,2,0,1,0
89900.0,349800.0,20430.0,-21908,-124,2,0,0,3,1,2,2,0,1,1
368500.0,736800.0,46550.0,-13668,-1686,4,0,3,3,3,0,2,1,0,1
260700.0,841000.0,55970.0,-18259,-745,2,0,1,3,1,0,2,0,1,0
150800.0,371400.0,18290.0,-9919,-3345,1,0,1,1,1,0,3,0,1,1
213500.0,933700.0,52640.0,-14274,-1873,2,0,3,3,1,0,2,0,0,1
167900.0,365800.0,22740.0,-21604,-1938,1,0,3,0,1,0,2,0,1,1
196000.0,678600.0,38500.0,-11526,-1608,2,0,0,3,1,0,2,1,0,0
284400.0,1026300.0,67420.0,-13252,-1272,5,0,3,0,1,0,2,0,1,1
198000.0,430700.0,26690.0,-19151,-205,2,0,0,0,1,0,1,0,1,0
101300.0,232500.0,13490.0,-22702,-1646,3,1,3,0,1,0,2,0,1,1
136300.0,474700.0,28100.0,-17963,-398,2,0,1,3,1,3,1,0,0,0
98800.0,407800.0,22630.0,-9271,-173,4,0,0,3,1,0,3,0,0,1
120500.0,534000.0,23980.0,-13393,-1844,3,0,3,0,2,0,1,0,1,0
111900.0,216600.0,10180.0,-22973,-239,2,0,1,3,2,0,1,0,0,1
152700.0,593100.0,27930.0,-18431,-793,2,0,0,3,2,0,2,1,1,1
118500.0,500200.0,23610.0,-8032,-1458,1,0,0,2,1,0,2,0,1,1
46300.0,143700.0,7680.0,-8471,-1897,2,0,3,3,1,0,1,0,0,0
154400.0,343300.0,14450.0,-16962,-448,1,0,3,0,0,0,2,1,1,1
115200.0,429200.0,24100.0,-23019,-239,1,0,3,3,3,0,3,0,0,1
264200.0,620900.0,37260.0,-8041,-58,4,0,0,0,1,0,3,0,0,0
175200.0,553500.0,30070.0,-22942,-10144,1,0,3,3,1,0,2,0,0,1
69300.0,286600.0,14650.0,-23362,-6115,3,0,1,1,1,0,2,0,0,1
120300.0,277400.0,16040.0,-16461,-3467,2,0,3,3,1,0,1,0,0,1
104400.0,324500.0,14730.0,-18323,-2417,1,0,3,0,1,0,2,0,1,0
104700.0,291400.0,13760.0,-16565,-905,1,0,0,0,1,0,2,0,0,1
170800.0,499000.0,22070.0,-18502,-7419,3,0,0,3,1,0,1,1,0,1
107800.0,261200.0,15980.0,-13492,-588,2,0,1,0,1,0,2,0,1,1
274100.0,504800.0,22580.0,-12076,-1942,2,0,3,3,1,0,2,1,1,1
205100.0,439300.0,23540.0,-20614,-454,2,0,1,3,1,3,1,0,1,0
125000.0,456600.0,22960.0,-17479,-4098,2,0,1,3,1,0,2,0,1,1
72200.0,236000.0,15580.0,-19204,-2494,1,0,3,3,1,0,2,0,1,1
220300.0,836400.0,47950.0,-16028,-2869,2,0,3,3,3,0,1,0,0,1
154700.0,621900.0,27920.0,-14714,-2677,1,0,0,3,1,0,2,0,0,1
146000.0,631800.0,40970.0,-16349,-1156,2,0,1,3,1,0,3,1,0,0
230200.0,774600.0,33780.0,-15781,-2161,2,0,1,3,2,0,1,1,0,0
147000.0,412700.0,17600.0,-11990,-235,1,0,3,3,1,0,2,0,0,1
98900.0,388300.0,20190.0,-21562,-7462,1,0,0,3,1,3,2,0,0,1
85800.0,171900.0,11270.0,-22098,-3387,2,0,0,3,1,0,2,0,0,0
106100.0,333400.0,21530.0,-22398,-5224,3,0,0,3,3,0,3,0,0,1
105700.0,417300.0,17730.0,-13827,-50,3,0,3,3,1,0,3,0,1,0
188100.0,448500.0,21680.0,-23620,-1605,3,0,3,0,1,0,3,0,1,1
84100.0,305800.0,19880.0,-17045,-5293,3,0,0,0,2,0,1,0,0,1
285300.0,1049000.0,52980.0,-11739,-5164,2,0,0,3,1,0,2,1,0,1
193600.0,521700.0,35100.0,-18885,-1771,1,0,3,3,1,0,2,0,1,0
109300.0,277800.0,14960.0,-17973,-36,3,0,3,3,1,0,1,0,0,1
159600.0,690700.0,39850.0,-21514,-2647,4,0,1,3,1,0,2,1,0,0
275900.0,541000.0,32170.0,-13674,-7099,1,0,3,3,1,0,1,0,1,1
238300.0,712200.0,33710.0,-12024,-3619,5,0,1,3,0,0,2,0,0,1
105300.0,265800.0,16220.0,-19113,-302,3,0,3,3,1,0,2,1,1,0
83700.0,181300.0,7760.0,-14534,-1332,2,0,3,3,1,0,2,0,0,1
103000.0,435200.0,26610.0,-19721,-7926,1,0,2,3,1,0,3,0,0,1
281400.0,1112200.0,70620.0,-15848,-265,2,1,3,0,1,0,3,0,0,1
97900.0,393400.0,25380.0,-12706,-1484,2,0,2,3,1,0,1,0,0,0
194300.0,568400.0,25750.0,-10213,-182,1,0,3,3,3,0,2,0,1,1
190300.0,490200.0,28340.0,-19973,-641,5,0,0,3,3,0,2,1,0,1
217900.0,561600.0,32750.0,-18370,-168,2,0,3,3,1,0,1,0,0,1
106000.0,359200.0,23200.0,-16435,-130,2,0,1,3,1,0,3,0,0,1
186600.0,656600.0,28990.0,-20527,-110,2,0,3,3,1,0,3,0,1,1
232000.0,910000.0,40690.0,-11102,-697,2,0,1,3,1,0,2,0,0,1
92700.0,172300.0,11520.0,-18481,-1236,2,0,3,3,1,0,2,1,0,1
82600.0,214100.0,11040.0,-18528,-102,1,0,0,3,1,0,2,0,1,1
73600.0,250300.0,12400.0,-13543,-4066,2,0,0,3,3,0,3,1,1,0
134800.0,537500.0,36140.0,-10466,-421,3,0,0,3,3,0,3,0,0,1
179600.0,701900.0,42080.0,-8315,-1335,2,1,3,3,3,0,2,0,0,1
255900.0,835700.0,42220.0,-15392,-2132,4,0,3,3,1,0,1,1,0,0
218300.0,764200.0,33850.0,-15710,-95,4,0,0,3,0,0,2,0,0,1
257700.0,581900.0,30580.0,-18342,-2722,2,0,2,3,1,0,3,1,1,1
68400.0,256900.0,11290.0,-9164,-320,1,0,3,3,1,0,2,0,1,1
111900.0,359300.0,15480.0,-20029,-6762,1,0,1,3,1,2,1,0,1,1
131800.0,284200.0,13020.0,-21830,-1607,1,0,3,0,1,3,3,0,0,1
70800.0,151000.0,8640.0,-12260,-1736,3,0,2,3,1,0,2,0,0,0
155800.0,382300.0,20900.0,-14015,-669,1,0,3,3,1,0,1,0,0,1
125300.0,534500.0,33230.0,-20443,-1250,2,0,3,3,3,0,1,0,0,0
104700.0,332000.0,18710.0,-23347,-1092,3,0,3,0,1,0,2,0,0,1
100100.0,439000.0,25760.0,-15577,-379,2,0,3,3,1,0,3,0,0,1
248000.0,927800.0,54040.0,-22401,-1901,2,0,3,0,1,0,2,0,1,0
223200.0,804300.0,44160.0,-13225,-3246,2,1,3,3,0,0,2,1,1,1
164000.0,320100.0,14160.0,-18537,-5639,5,0,0,0,1,0,2,1,1,1
115900.0,454900.0,22610.0,-8603,-1959,2,0,0,3,1,0,2,1,0,0
110400.0,238800.0,10720.0,-15938,-2124,2,0,0,3,1,0,2,0,0,0
209700.0,714300.0,35100.0,-23047,-5384,2,0,3,3,1,0,2,0,0,1
104400.0,438800.0,19020.0,-13218,-589,2,0,0,3,1,0,2,0,0,1
148100.0,435300.0,20540.0,-10378,-2803,1,0,1,3,1,0,3,1,0,1
230000.0,492000.0,30770.0,-9294,-2552,3,0,3,3,1,0,2,0,0,1
172200.0,614900.0,38710.0,-13182,-571,2,0,1,3,3,0,2,0,0,1
184100.0,609900.0,25690.0,-15404,-2248,2,0,3,3,1,0,3,0,0,1
144200.0,361400.0,17560.0,-17991,-4339,4,0,0,3,3,1,2,0,0,1
272700.0,620400.0,39630.0,-17211,-2265,1,0,3,0,1,0,1,0,0,1
82300.0,338500.0,17390.0,-9343,-643,1,0,3,3,1,0,2,0,0,0
322500.0,669400.0,30240.0,-23393,-1890,1,0,0,2,1,3,2,0,0,1
102600.0,387300.0,24450.0,-23723,-2570,1,0,3,3,3,0,2,0,1,1
152100.0,589600.0,27800.0,-14384,-319,2,0,3,0,1,0,1,0,1,1
327900.0,923800.0,52730.0,-10341,-1143,3,0,3,3,1,0,2,0,1,0
260100.0,757800.0,46530.0,-16972,-3664,3,0,0,0,0,0,2,1,1,1
115000.0,367600.0,19050.0,-13624,-926,2,0,1,3,3,0,2,0,0,0
148000.0,536200.0,23930.0,-16052,-89,2,0,3,3,1,0,2,0,1,1
110500.0,275800.0,11800.0,-14050,-1177,1,0,0,3,1,0,2,1,0,1
196900.0,678400.0,45170.0,-15259,-2068,2,0,2,0,3,0,3,0,1,1
197500.0,554400.0,26620.0,-22417,-2628,2,0,3,0,1,0,2,0,1,1
83500.0,167200.0,10360.0,-11529,-1588,2,1,3,3,0,0,3,0,1,0
180500.0,797200.0,49840.0,-23658,-1812,1,0,3,3,1,1,3,1,0,1
116400.0,290400.0,19100.0,-16947,-1366,2,1,1,3,1,0,2,0,0,0
582100.0,1787400.0,115490.0,-18692,-1922,4,0,1,3,3,0,2,0,0,1
142900.0,572500.0,30720.0,-18252,-2255,2,0,3,3,2,0,2,1,0,0
288200.0,891300.0,58120.0,-18536,-3230,1,0,3,3,1,0,2,1,0,1
161600.0,638100.0,40250.0,-21753,-1494,2,0,0,3,1,0,3,0,0,0
139900.0,429900.0,27510.0,-11077,-4502,2,0,3,3,1,0,2,0,0,0
337100.0,969800.0,49150.0,-16673,-1730,1,0,0,0,4,0,1,0,1,0
66700.0,246400.0,16600.0,-17321,-3661,2,0,3,3,1,0,2,0,0,1
151300.0,330000.0,22370.0,-11196,-1212,4,1,3,3,1,0,2,0,1,0
96000.0,222600.0,10610.0,-14202,-36,4,0,3,3,0,3,1,0,1,1
125300.0,346900.0,22140.0,-23374,-68,4,0,1,3,0,3,2,0,1,0
127800.0,383000.0,16900.0,-10484,-2593,2,0,3,3,1,0,2,1,0,1
74400.0,206200.0,13090.0,-14808,-221,3,1,3,3,1,0,3,0,0,1
73700.0,272100.0,16650.0,-22162,-2033,3,0,3,3,1,0,2,0,0,1
276700.0,1133800.0,50000.0,-8440,-579,2,0,3,0,1,0,2,0,0,0
68900.0,179900.0,9990.0,-14633,-817,2,0,3,3,4,0,2,0,1,1
113300.0,337400.0,18520.0,-11581,-117,3,0,3,3,1,0,2,0,0,1
102500.0,330500.0,20810.0,-12699,-1400,2,1,1,3,4,0,2,1,1,1
117600.0,309300.0,20810.0,-16568,-1504,1,0,3,0,1,1,2,0,0,1
166400.0,463600.0,21860.0,-16077,-1439,2,0,3,3,0,0,2,0,1,1
97000.0,363600.0,17990.0,-18261,-2870,1,0,3,3,3,1,2,1,0,1
119600.0,216300.0,12870.0,-11929,-302,2,1,3,3,1,0,3,0,1,1
204800.0,642100.0,31440.0,-16006,-5048,3,0,1,3,1,0,2,0,0,0
247800.0,872200.0,58040.0,-19053,-3514,1,0,1,3,2,0,2,1,1,1
185200.0,350600.0,18210.0,-17558,-6480,1,0,3,3,1,0,2,0,1,1
112000.0,448900.0,27510.0,-12661,-3652,2,0,0,0,1,0,2,0,0,1
45000.0,124000.0,7320.0,-11333,-274,1,0,0,3,3,0,3,0,0,0
286900.0,1092800.0,58820.0,-19898,-769,1,0,3,1,1,3,2,0,1,1
45000.0,92500.0,6230.0,-9169,-2504,2,0,1,0,3,0,2,0,0,0
77600.0,256400.0,16070.0,-22377,-751,5,0,3,3,0,0,2,0,1,1
68200.0,208500.0,11060.0,-16945,-8925,2,0,1,3,1,0,2,0,0,0
74200.0,166900.0,8160.0,-7976,-1401,3,0,3,3,1,0,2,0,0,1
159700.0,411700.0,27990.0,-17587,-1918,4,0,3,3,3,0,2,0,0,1
121400.0,319500.0,16310.0,-15090,-50,1,0,0,3,1,0,2,0,0,1
91100.0,198300.0,10220.0,-22868,-120,2,0,0,0,1,1,2,0,0,1
120600.0,404200.0,19410.0,-16455,-2662,2,0,3,3,1,0,2,1,1,0
211700.0,852200.0,37150.0,-13373,-740,2,0,0,0,1,0,2,0,1,1
136200.0,485100.0,28260.0,-22901,-3249,3,0,3,3,2,0,2,1,1,1
188600.0,364800.0,18500.0,-12869,-719,2,0,3,0,1,3,3,0,1,1
168100.0,732400.0,47690.0,-20033,-209,4,0,0,0,1,0,1,0,0,1
82500.0,156500.0,8530.0,-20804,-485,2,0,3,3,4,0,2,0,1,1
124200.0,548700.0,28470.0,-19503,-1337,2,0,3,0,1,0,2,0,0,1
279600.0,784600.0,49670.0,-11229,-64,1,0,0,0,3,0,2,0,0,0
54700.0,197400.0,8730.0,-20575,-1109,1,1,3,0,1,0,1,1,1,0
205100.0,623800.0,30770.0,-8027,-1452,2,0,1,3,3,0,1,0,0,1
168000.0,593200.0,37850.0,-22464,-1964,1,1,3,3,1,0,3,0,1,1
125700.0,268900.0,15190.0,-17322,-1023,4,0,2,3,1,0,2,0,0,1
97000.0,415800.0,26830.0,-11926,-1139,3,0,2,0,1,0,2,0,0,0
112400.0,377500.0,16360.0,-16358,-4810,2,0,0,3,3,0,2,1,0,0
217500.0,498000.0,22880.0,-22875,-3495,1,0,3,3,3,0,2,1,0,0
248200.0,881500.0,46350.0,-21195,-2161,3,0,3,3,1,0,2,0,1,0
289000.0,1203200.0,78820.0,-14411,-2135,2,0,0,3,3,0,2,0,0,1
201600.0,826200.0,41950.0,-18773,-1463,1,0,0,3,3,0,1,0,0,0
75900.0,275500.0,13190.0,-13197,-563,2,0,0,3,4,0,2,0,0,1
209000.0,502800.0,26960.0,-19499,-1082,3,0,0,3,3,0,2,1,0,1
99000.0,343300.0,20270.0,-19762,-229,2,0,3,3,3,0,2,0,0,0
164300.0,732600.0,33230.0,-15248,-2183,4,0,3,0,1,0,2,0,1,0
199900.0,560000.0,26730.0,-21815,-6351,1,0,3,3,1,0,2,1,1,1
60100.0,199100.0,8370.0,-22644,-3091,1,0,2,3,3,0,2,0,0,1
84700.0,261700.0,15230.0,-8611,-1879,1,0,3,3,3,0,1,0,0,1
237900.0,916100.0,57340.0,-9743,-3169,3,0,3,3,1,0,1,0,1,1
156500.0,454100.0,19610.0,-22134,-795,2,0,3,3,1,0,1,0,1,1
79900.0,260600.0,11960.0,-11177,-234,4,0,3,3,0,0,1,0,1,1
114500.0,299800.0,13640.0,-17687,-1796,3,1,3,0,3,3,1,0,1,1
101800.0,420000.0,26610.0,-21704,-74,4,0,0,0,1,0,2,0,1,0
129000.0,287100.0,17750.0,-9137,-396,5,0,3,3,1,0,2,1,0,0
112200.0,326300.0,19560.0,-13859,-3071,2,0,0,0,1,0,2,1,1,1
174100.0,398900.0,20530.0,-7830,-413,1,0,0,0,1,0,2,1,0,1
93500.0,280200.0,17020.0,-20575,-1980,2,0,0,3,1,0,2,1,0,0
133700.0,421400.0,23670.0,-13851,-1114,2,0,1,3,1,3,2,0,0,1
176200.0,469700.0,29170.0,-22724,-6292,2,0,0,3,3,0,3,0,0,1
299400.0,1252900.0,77950.0,-13847,-743,2,0,0,0,1,0,2,1,0,1
327400.0,1277600.0,73970.0,-17421,-886,2,0,2,3,0,0,3,0,1,0
143400.0,611600.0,29100.0,-18555,-2887,1,0,1,3,1,0,3,0,1,1
174600.0,490000.0,27420.0,-15995,-322,3,0,3,2,3,0,2,0,0,0
325600.0,1133200.0,65190.0,-13726,-715,2,0,1,0,1,0,2,0,0,1
375100.0,898000.0,47600.0,-11185,-3698,2,0,1,3,1,0,3,0,0,0
67200.0,204000.0,13460.0,-18653,-343,2,0,3,3,0,0,3,0,1,1
166900.0,463800.0,29530.0,-11739,-180,3,0,3,3,0,0,3,0,1,1
143500.0,599900.0,40190.0,-16656,-98,1,0,0,3,2,0,2,0,1,1
111200.0,454800.0,29150.0,-13579,-539,1,0,0,3,1,0,1,0,0,1
234600.0,881800.0,51240.0,-18757,-1275,2,0,3,3,1,0,2,0,0,0
226500.0,944400.0,60700.0,-19476,-620,3,1,0,3,1,0,3,0,0,1
97200.0,413600.0,26210.0,-8197,-742,2,0,1,2,2,0,3,0,0,0
253500.0,1004000.0,65370.0,-22188,-774,2,0,1,3,1,0,3,0,0,1
182400.0,536000.0,27930.0,-13176,-1525,2,0,3,3,0,2,2,1,0,0
211100.0,912400.0,44330.0,-20361,-5420,2,1,3,0,3,0,2,0,0,0
416100.0,1431300.0,84210.0,-11138,-612,5,0,2,3,1,0,2,0,1,0
202000.0,369200.0,20470.0,-8547,-313,2,0,3,3,1,0,2,0,0,0
71800.0,208500.0,10030.0,-19312,-3486,4,0,0,0,0,0,2,0,0,0
89700.0,225300.0,12420.0,-15523,-739,1,0,3,0,3,0,3,1,0,1
373800.0,1106100.0,62330.0,-11185,-758,2,0,3,3,1,0,2,0,0,1
69400.0,182500.0,10890.0,-9615,-732,1,0,3,0,1,0,1,0,0,0
87700.0,231500.0,14730.0,-21525,-278,2,0,3,3,1,0,2,0,1,1
178100.0,326300.0,20680.0,-10492,-1914,1,0,0,0,1,0,2,0,0,1
140500.0,277900.0,14990.0,-14930,-357,2,0,0,3,1,0,3,0,0,1
267100.0,737000.0,37810.0,-15785,-353,1,0,0,3,1,0,3,1,0,0
170700.0,754900.0,50290.0,-13659,-695,3,1,0,3,1,0,2,0,0,1
91600.0,394700.0,18100.0,-23521,-358,3,0,0,0,1,0,2,1,0,1
85700.0,273700.0,14380.0,-12995,-208,3,0,3,3,3,0,1,0,1,0
147100.0,359300.0,15940.0,-14880,-366,3,0,0,3,1,0,2,0,0,0
202800.0,886800.0,41350.0,-15507,-341,2,0,1,1,1,0,2,0,1,1
179400.0,687100.0,43660.0,-7721,-1147,4,1,1,3,1,0,1,0,0,0
139200.0,542000.0,34230.0,-7756,-1181,2,0,1,3,1,0,2,0,0,1
184900.0,583400.0,37860.0,-8990,-56,3,0,3,0,1,0,3,0,0,1
67200.0,167400.0,8720.0,-20116,-1564,1,0,2,3,1,0,1,0,0,1
113100.0,492400.0,31450.0,-16371,-382,1,0,3,0,0,0,2,0,0,0
105700.0,277800.0,14840.0,-18940,-297,2,0,0,3,1,1,2,0,1,0
55800.0,233600.0,13730.0,-22580,-5596,3,0,3,1,3,0,1,1,0,1
154100.0,627500.0,30120.0,-22693,-1861,1,0,2,1,0,0,2,0,0,1
191700.0,560800.0,33500.0,-17101,-4608,3,0,3,3,1,0,2,0,1,0
263400.0,487500.0,22650.0,-7910,-611,2,0,3,3,1,0,2,0,0,1
101200.0,405200.0,21790.0,-11944,-1171,1,0,0,0,1,0,2,1,1,1
117100.0,269300.0,13100.0,-22438,-3009,1,0,0,3,1,0,2,0,0,1
166800.0,483100.0,29620.0,-20059,-1417,1,0,3,0,1,0,2,0,0,0
374800.0,1630100.0,94550.0,-18960,-6503,2,0,0,3,1,0,1,0,0,0
145700.0,618400.0,35630.0,-21429,-341,3,0,3,3,0,0,3,0,0,0
63800.0,133700.0,8200.0,-18454,-338,2,0,3,0,3,0,2,0,0,1
223700.0,991900.0,49140.0,-23117,-886,1,0,0,0,1,0,2,0,1,1
157500.0,393800.0,21130.0,-9638,-1889,1,0,0,3,1,0,2,0,0,0
268400.0,1200100.0,52450.0,-22662,-2160,2,0,0,3,0,0,2,0,0,0
75200.0,181200.0,9630.0,-9175,-2600,1,0,0,3,1,0,2,0,0,1
72100.0,241600.0,14750.0,-13380,-3160,3,1,2,3,1,0,2,0,0,1
149400.0,542700.0,35520.0,-13925,-818,3,0,0,3,1,1,2,0,1,1
292300.0,861600.0,40590.0,-22842,-3692,1,0,1,2,1,0,2,1,0,1
213600.0,736400.0,31900.0,-7830,-1255,2,0,3,3,1,0,1,0,0,0
320400.0,1257600.0,77950.0,-22428,-4480,3,0,0,0,1,0,3,1,0,0
47300.0,126400.0,5440.0,-14531,-1355,2,0,3,1,1,0,3,0,0,1
116700.0,283700.0,12270.0,-11647,-36,3,0,1,0,1,0,3,0,0,1
90100.0,401200.0,19410.0,-19923,-307,1,0,1,3,1,0,1,0,1,1
190100.0,844800.0,54580.0,-10134,-454,3,0,3,3,1,0,1,0,1,0
129300.0,536000.0,29220.0,-20130,-2812,2,0,3,3,0,0,3,0,0,1
444200.0,1494700.0,80460.0,-9253,-2679,1,0,3,0,1,0,2,0,1,0
265200.0,747100.0,46040.0,-17725,-2071,3,0,3,3,3,0,2,0,0,0
94800.0,332900.0,20770.0,-9121,-418,3,0,1,3,3,0,3,1,0,0
344100.0,1141100.0,63490.0,-11566,-572,2,1,3,0,1,0,2,0,1,1
126800.0,436600.0,27960.0,-10854,-2207,2,0,3,1,1,0,2,0,0,0
144500.0,340300.0,18830.0,-10479,-410,2,0,3,3,0,0,2,0,0,1
190800.0,805600.0,40250.0,-16899,-245,4,0,1,3,1,0,3,0,0,1
89800.0,327800.0,16800.0,-13132,-5352,2,0,0,1,1,0,2,0,0,1
155700.0,601900.0,32230.0,-20287,-2014,2,0,3,3,1,0,2,0,0,1
207200.0,675000.0,34270.0,-8462,-1709,2,0,3,0,1,0,3,0,1,1
89200.0,275700.0,14980.0,-11135,-3303,4,0,2,3,3,0,1,0,1,1
81300.0,321700.0,18830.0,-14063,-36,2,0,0,0,1,0,3,0,0,1
79700.0,187200.0,12330.0,-16406,-864,2,0,3,3,1,0,2,0,0,1
45000.0,120200.0,7550.0,-21051,-2732,2,0,0,3,0,0,2,0,0,0
188500.0,690800.0,40080.0,-12617,-119,2,0,3,3,1,0,1,0,1,1
152200.0,365000.0,23060.0,-8595,-561,2,0,1,3,0,0,2,0,1,1
79100.0,163900.0,10190.0,-7938,-210,2,1,3,3,3,0,3,0,1,0
65000.0,125500.0,5550.0,-21329,-696,1,1,3,3,0,0,2,0,0,1
96200.0,425900.0,18490.0,-21193,-1625,2,0,0,3,1,0,3,1,1,1
219500.0,914100.0,53010.0,-19961,-1710,2,0,3,3,1,0,2,0,0,1
80300.0,252200.0,14400.0,-21291,-88,2,0,0,3,1,0,1,0,0,1
82600.0,151000.0,7070.0,-10843,-958,2,1,3,3,1,0,2,0,0,1
121300.0,323400.0,17390.0,-19493,-1024,2,0,3,0,1,3,2,0,0,0
94000.0,315800.0,13280.0,-9713,-482,2,0,3,3,1,0,1,0,1,0
280800.0,1141400.0,71460.0,-8139,-1564,2,0,3,3,3,0,1,0,0,1
102900.0,302300.0,13100.0,-20569,-6959,1,0,1,3,1,0,2,0,1,1
168100.0,511900.0,30430.0,-17221,-785,2,0,2,0,2,0,2,0,0,0
162800.0,528200.0,27240.0,-12901,-6326,2,0,1,3,0,0,1,0,1,1
358900.0,1574800.0,75180.0,-21193,-812,1,0,0,3,1,0,2,0,0,0
136400.0,413100.0,21620.0,-15780,-815,2,1,3,3,1,0,2,0,1,1
117100.0,352100.0,18040.0,-17102,-70,4,0,0,3,3,0,1,0,1,1
99800.0,425100.0,19520.0,-16681,-1911,4,0,3,3,1,0,2,0,0,1
97300.0,199500.0,9320.0,-18001,-146,2,0,1,3,2,0,1,0,0,0
262100.0,627900.0,28280.0,-17368,-348,1,0,3,3,0,0,2,0,1,1
386700.0,1491100.0,77590.0,-17075,-1575,2,0,2,3,1,0,3,0,1,1
173700.0,764400.0,36990.0,-11230,-875,4,0,0,3,1,2,2,1,0,0
123400.0,454600.0,29460.0,-8638,-1557,2,0,0,0,1,0,2,0,0,1
296100.0,923800.0,57900.0,-18479,-653,1,0,3,0,1,0,2,0,0,1
98400.0,265400.0,16360.0,-16381,-152,2,1,3,3,1,0,1,1,0,1
164200.0,590100.0,30620.0,-15333,-4154,4,0,1,3,1,0,3,0,0,0
106600.0,240500.0,11880.0,-11248,-907,2,0,0,3,3,1,1,0,0,1
104100.0,408300.0,23090.0,-13375,-4000,4,0,1,0,0,0,2,0,1,1
135300.0,477600.0,24110.0,-8032,-1044,1,0,1,3,1,0,3,0,1,0
194300.0,839400.0,52690.0,-10341,-1551,1,0,3,3,1,0,3,0,0,0
68500.0,299100.0,20000.0,-21738,-1185,1,0,3,3,1,0,2,0,0,1
188100.0,515300.0,26590.0,-12826,-3160,1,0,0,3,1,0,2,1,0,1
290500.0,768300.0,46490.0,-10073,-3499,4,0,2,0,2,0,2,0,0,1
126300.0,384300.0,21910.0,-8952,-2378,3,0,0,0,1,3,2,1,1,1
127900.0,362300.0,21560.0,-19179,-213,1,0,3,3,4,3,2,0,0,1
102200.0,297200.0,17570.0,-21817,-8730,1,0,1,0,1,0,2,0,0,0
215800.0,817300.0,35150.0,-16414,-172,2,0,0,3,1,0,2,0,0,1
117000.0,345900.0,16420.0,-20877,-161,2,0,1,3,2,0,2,0,1,0
291700.0,576200.0,27100.0,-23485,-2321,2,0,1,0,1,0,2,0,1,0
79500.0,231300.0,14310.0,-7720,-1145,2,0,3,2,3,0,2,0,0,1
504600.0,1328200.0,71750.0,-9915,-1132,1,0,3,3,1,0,2,1,0,1
179300.0,634000.0,40070.0,-21662,-882,2,0,1,3,1,0,2,0,0,0
123600.0,441700.0,19530.0,-14903,-2232,4,0,3,3,1,0,3,0,1,0
211700.0,704400.0,40300.0,-12583,-4463,2,1,3,3,1,3,2,0,0,1
55800.0,158600.0,7310.0,-14408,-5074,2,0,0,0,1,0,2,0,0,0
164300.0,400200.0,26870.0,-14403,-603,3,0,2,3,1,0,2,0,0,1
232900.0,918500.0,46240.0,-17379,-461,2,0,1,0,1,0,3,0,0,0
115900.0,456300.0,29130.0,-19528,-46,2,0,0,3,2,0,2,1,0,1
61800.0,218600.0,11520.0,-16395,-8002,2,0,3,3,1,3,1,1,0,1
80900.0,301600.0,13420.0,-15033,-2064,2,0,3,1,1,0,2,0,0,1
83700.0,259300.0,16590.0,-23703,-1078,2,0,0,3,1,0,2,0,0,1
170400.0,587400.0,34520.0,-18094,-608,3,0,0,3,1,0,2,0,0,1
48500.0,178900.0,9430.0,-8580,-255,2,1,3,3,1,0,2,0,0,0
81700.0,259800.0,17620.0,-12172,-1685,4,0,1,3,0,0,1,0,0,1
195200.0,668600.0,41060.0,-14737,-669,1,0,1,3,1,0,3,0,0,1
372300.0,776200.0,39430.0,-10388,-813,2,0,0,0,1,0,1,0,1,1
67300.0,157000.0,9310.0,-19858,-69,2,0,0,3,1,0,2,0,1,1
181600.0,364300.0,21780.0,-12801,-549,1,0,0,0,2,0,2,0,0,0
256300.0,1142800.0,71880.0,-10980,-1866,4,0,3,0,3,0,1,0,1,1
128000.0,277900.0,16200.0,-11010,-4435,2,0,0,0,1,0,2,0,0,1
230900.0,827400.0,53110.0,-21987,-3277,3,0,3,0,1,1,3,0,0,0
50400.0,119600.0,5560.0,-12141,-1939,2,0,3,3,1,0,1,0,1,1
151900.0,609200.0,32820.0,-20578,-667,2,0,2,3,1,0,1,1,0,1
126700.0,303800.0,16040.0,-21243,-1097,5,0,3,3,1,0,3,0,1,1
149600.0,358000.0,22270.0,-12453,-88,3,0,3,3,2,0,2,0,0,1
320300.0,1404200.0,78660.0,-18558,-5557,2,0,3,3,0,0,3,0,1,1
127000.0,484500.0,31140.0,-11425,-3509,2,0,1,1,1,0,3,0,0,1
100200.0,367600.0,19350.0,-10725,-476,2,0,0,3,1,0,1,0,0,1
206000.0,774100.0,47350.0,-9722,-270,2,0,0,0,1,0,1,0,1,1
328700.0,778200.0,45300.0,-13164,-1128,2,0,3,0,2,0,3,0,0,0
94500.0,302600.0,14080.0,-21975,-1181,2,0,3,0,1,3,2,1,0,1
118200.0,485200.0,22460.0,-8069,-408,2,0,3,1,1,3,2,0,0,1
115900.0,372100.0,18320.0,-8958,-2175,2,0,3,3,1,0,2,0,0,1
82100.0,216600.0,12240.0,-12625,-3535,2,0,0,3,1,0,2,0,0,0
190100.0,762500.0,41670.0,-20868,-168,2,0,1,2,1,0,1,0,0,1
253100.0,784800.0,46820.0,-10050,-1325,2,0,3,0,4,0,2,0,0,0
150200.0,458900.0,21640.0,-19801,-944,2,0,3,3,1,0,2,0,1,1
117500.0,412000.0,22170.0,-11279,-2621,1,0,3,0,1,0,2,0,1,0
160600.0,327000.0,17600.0,-22079,-6365,2,0,0,0,0,0,2,0,1,1
98800.0,314700.0,19360.0,-7901,-208,4,0,0,3,1,0,2,0,0,0
137100.0,332200.0,15300.0,-8759,-2185,3,0,3,0,1,0,2,0,0,1
310800.0,797300.0,40320.0,-10088,-341,3,0,0,1,1,3,2,0,0,1
189000.0,343800.0,18700.0,-18119,-146,3,0,1,3,2,0,2,0,0,1
176100.0,638900.0,31760.0,-11654,-1115,2,0,2,3,1,0,2,0,1,1
81400.0,352000.0,22750.0,-7942,-1368,1,0,3,1,1,0,2,0,0,0
97000.0,338100.0,18340.0,-10663,-125,4,0,3,3,1,0,2,0,0,0
229500.0,621000.0,28150.0,-14014,-461,2,0,0,3,1,0,1,0,0,1
399000.0,1757700.0,75370.0,-23242,-2343,2,0,0,0,0,0,3,0,0,1
304600.0,955100.0,61570.0,-18985,-3554,2,0,0,0,1,0,2,1,0,0
211700.0,763900.0,43770.0,-17041,-4647,1,0,0,3,1,0,2,0,0,1
184900.0,681500.0,31490.0,-23670,-1156,3,0,2,0,1,0,3,1,0,1
150600.0,294800.0,19990.0,-21493,-2332,1,0,3,0,2,0,1,1,0,0
169000.0,442200.0,19270.0,-9594,-2640,3,0,1,3,1,0,2,1,1,0
69800.0,277900.0,18450.0,-23353,-2961,1,0,0,0,3,0,2,0,0,1
135100.0,566900.0,37420.0,-22711,-3456,3,0,1,3,1,3,1,0,1,1
194000.0,616400.0,38540.0,-13446,-1394,2,0,3,0,1,0,2,0,0,1
211000.0,873800.0,43520.0,-20849,-556,2,0,3,0,2,0,2,0,1,1
109600.0,223200.0,10620.0,-17446,-541,1,0,3,3,1,0,2,0,0,0
338400.0,1005600.0,56930.0,-19626,-59,2,0,1,3,1,2,3,0,0,0
242600.0,1015500.0,55410.0,-21425,-2978,2,0,2,0,1,0,2,0,1,1
79100.0,286800.0,18720.0,-21534,-44,1,0,3,3,1,0,2,0,1,1
399500.0,884500.0,56320.0,-14911,-1772,3,0,0,0,1,0,2,0,0,0
140200.0,468500.0,23080.0,-11325,-781,2,0,0,0,1,0,1,0,1,1
117500.0,492000.0,30510.0,-15430,-311,2,1,0,3,3,0,2,1,0,0
123500.0,263200.0,17290.0,-10573,-350,2,0,3,3,1,0,2,1,0,1
189300.0,831300.0,52650.0,-12763,-3185,2,0,3,3,1,0,2,1,0,0
114200.0,350800.0,17700.0,-9818,-3244,3,0,3,3,0,1,2,0,0,1
209500.0,756600.0,49060.0,-21865,-2590,5,0,1,3,1,0,2,0,0,0
181400.0,495800.0,23110.0,-9656,-1778,2,0,0,0,1,0,2,1,1,0
333500.0,924600.0,54880.0,-9039,-2387,1,0,3,3,1,0,2,0,0,1
365700.0,677300.0,44830.0,-11825,-3680,2,0,0,3,3,0,2,0,0,1
206700.0,517300.0,34730.0,-9828,-1477,2,0,1,0,0,0,3,0,1,1
265100.0,1104900.0,62330.0,-20969,-5751,3,0,3,3,1,0,3,0,1,1
123400.0,281200.0,16770.0,-8576,-2001,2,0,1,3,3,1,2,0,0,1
70400.0,152000.0,9470.0,-23477,-935,2,0,1,3,2,0,3,0,1,1
73800.0,136600.0,7020.0,-22705,-1654,4,0,3,3,1,0,3,0,0,1
131000.0,261800.0,17290.0,-14238,-4342,2,0,3,3,4,0,2,0,0,0
475200.0,2080000.0,113310.0,-7788,-589,2,0,1,0,1,0,3,0,0,1
226100.0,515800.0,29220.0,-9801,-1809,3,0,3,3,1,0,3,0,0,1
90100.0,310500.0,13600.0,-17863,-2785,2,0,3,3,1,0,1,0,0,0
95700.0,201100.0,12040.0,-17890,-1199,2,0,0,3,1,0,2,1,1,1
389900.0,1440200.0,72690.0,-9551,-1673,3,0,3,3,1,0,2,0,1,1
121300.0,497200.0,25100.0,-18646,-10285,2,0,1,1,1,0,2,0,0,1
61200.0,142900.0,8220.0,-8831,-2256,1,0,0,3,4,3,2,1,0,1
141500.0,371500.0,22800.0,-17532,-75,1,0,2,3,1,0,2,0,1,0
134000.0,296000.0,17380.0,-10404,-3830,2,0,1,0,1,0,2,0,1,1
94600.0,340300.0,17400.0,-12656,-86,2,0,3,1,1,0,3,0,0,0
302300.0,636700.0,37660.0,-9352,-1086,2,0,3,3,4,0,2,0,0,1
172900.0,420600.0,22410.0,-19386,-886,1,0,3,3,3,0,3,0,0,1
148000.0,491200.0,28180.0,-9499,-761,3,0,3,3,1,0,1,0,1,0
331600.0,1035300.0,60610.0,-13140,-566,1,1,1,3,1,0,3,0,1,1
157600.0,328000.0,17950.0,-15451,-984,2,0,2,0,2,0,1,0,0,1
173400.0,651400.0,29510.0,-16071,-2279,1,0,0,0,0,0,1,0,0,1
147900.0,357900.0,22990.0,-14466,-1245,1,0,1,3,1,0,1,0,0,1
76300.0,312900.0,20030.0,-21518,-1556,1,0,3,3,1,0,2,0,1,1
235200.0,605500.0,27180.0,-18531,-724,4,0,0,0,1,0,2,0,0,1
684000.0,1392500.0,71780.0,-9474,-1455,2,0,0,3,3,3,2,1,1,0
130500.0,462100.0,21750.0,-8823,-1914,3,0,3,3,1,0,3,1,0,0
112600.0,291300.0,16450.0,-17774,-1997,2,0,3,3,1,0,2,1,0,0
71300.0,228300.0,10760.0,-19247,-1781,3,0,1,0,1,0,2,0,0,0
167500.0,519200.0,33380.0,-11300,-1206,3,1,0,3,0,0,1,0,0,1
509900.0,1175800.0,69700.0,-21268,-933,3,0,0,0,3,0,3,0,0,1
133600.0,351600.0,21420.0,-20079,-1172,1,0,3,3,1,0,2,1,0,0
113000.0,441400.0,21410.0,-14830,-1687,3,0,3,3,3,0,2,0,0,1
84500.0,333800.0,19130.0,-17361,-5134,2,1,3,3,1,0,3,0,0,1
148800.0,650000.0,29910.0,-11685,-2659,2,0,3,3,1,0,2,1,1,0
105200.0,346000.0,15640.0,-23273,-1293,2,0,2,3,1,0,1,0,1,0
127300.0,434300.0,28650.0,-7731,-1157,2,0,3,3,1,3,2,0,0,1
166200.0,406300.0,19440.0,-14916,-6979,2,0,3,0,1,0,2,0,0,1
65500.0,287300.0,12440.0,-9010,-1265,3,0,0,3,1,0,3,0,1,1
283000.0,1146500.0,75600.0,-19202,-3028,2,0,0,0,2,0,2,0,0,0
142600.0,453900.0,24310.0,-8834,-221,2,0,3,3,1,0,2,0,0,1
137700.0,598700.0,25430.0,-16633,-294,3,0,3,3,3,0,2,0,0,1
109500.0,318500.0,15040.0,-9579,-2652,1,0,1,3,3,0,2,0,1,1
225400.0,767800.0,44460.0,-10916,-4342,3,0,3,3,0,2,2,0,0,1
129700.0,494900.0,28150.0,-12200,-2098,1,1,3,3,1,0,2,0,0,1
122600.0,335200.0,16690.0,-16322,-729,2,0,3,3,3,1,2,0,1,1
96800.0,308100.0,18290.0,-11789,-51,2,0,3,3,3,0,1,0,0,0
101900.0,323000.0,14010.0,-19250,-453,4,0,3,3,1,0,2,1,0,0
114500.0,435600.0,22280.0,-8718,-959,1,0,3,3,1,0,1,0,0,0
109700.0,425900.0,24070.0,-10180,-809,3,0,0,3,1,0,3,0,0,1
180600.0,366400.0,22110.0,-8249,-1674,2,0,2,0,1,0,2,0,0,0
75800.0,262700.0,14640.0,-8010,-1435,2,0,0,3,1,0,2,0,0,1
91100.0,189200.0,8600.0,-8284,-1709,3,0,1,3,1,3,2,1,0,1
64300.0,147800.0,7600.0,-13926,-4222,1,0,3,0,1,0,2,0,0,0
268100.0,1021700.0,64740.0,-14066,-2538,1,0,0,3,4,0,3,0,0,1
314200.0,914800.0,44850.0,-15699,-2304,2,0,1,3,3,0,2,0,0,1
157400.0,360000.0,19780.0,-16724,-36,1,0,3,3,1,0,2,0,1,1
164900.0,495000.0,21430.0,-21422,-135,2,0,3,0,1,0,2,0,0,0
160800.0,293300.0,15690.0,-17133,-1973,2,0,1,3,2,0,3,1,0,1
138200.0,340100.0,22620.0,-15203,-2820,3,0,3,3,1,0,2,0,1,0
240100.0,858600.0,54810.0,-20127,-283,2,1,3,0,1,0,2,1,0,0
114200.0,398400.0,20470.0,-16797,-1120,5,0,2,3,1,0,2,0,1,1
112800.0,476400.0,27470.0,-20640,-1198,3,0,3,3,1,0,2,0,1,1
109500.0,448300.0,23740.0,-14208,-1846,2,0,3,3,3,0,2,0,0,0
150200.0,424700.0,24690.0,-12214,-506,1,1,1,3,0,0,2,0,1,1
187400.0,388400.0,17270.0,-15675,-1054,1,0,1,3,4,0,1,0,0,1
110700.0,438200.0,21400.0,-17140,-524,2,0,3,3,3,3,2,0,1,1
253900.0,786400.0,36600.0,-14431,-91,4,0,0,0,1,0,2,0,1,1
459100.0,1634900.0,93530.0,-8310,-1735,2,0,3,3,1,0,2,0,0,1
355600.0,1381600.0,65070.0,-10572,-709,3,0,1,3,2,0,3,0,0,0
164000.0,651500.0,39820.0,-12627,-3154,2,0,3,0,1,0,1,0,1,1
411400.0,1418400.0,65620.0,-17859,-2012,1,0,0,3,0,0,2,0,1,1
185400.0,754300.0,45580.0,-21711,-1647,2,0,3,3,1,0,1,1,0,1
124300.0,412200.0,22890.0,-9916,-3342,3,0,1,0,1,0,2,0,0,1
238200.0,827300.0,43790.0,-15330,-8755,1,0,0,3,1,0,3,1,1,0
142600.0,354200.0,24030.0,-13720,-56,3,0,0,1,0,0,2,0,0,1
114000.0,422000.0,25120.0,-9193,-230,2,0,3,3,1,0,2,0,0,0
218300.0,871000.0,38240.0,-15186,-2621,3,0,3,0,1,3,1,0,1,1
128100.0,368500.0,21080.0,-18813,-5417,2,0,3,1,1,0,2,1,0,1
166500.0,692100.0,40640.0,-11743,-268,1,0,1,3,1,0,2,1,1,1
146300.0,326300.0,18930.0,-21624,-3053,2,0,3,1,1,0,1,0,0,1
274800.0,517700.0,33240.0,-12238,-274,3,0,0,3,2,0,2,1,0,1
147800.0,497700.0,21480.0,-14835,-2187,2,0,1,3,1,0,3,0,0,1
109700.0,233200.0,15630.0,-8774,-1077,2,0,3,3,1,1,3,0,0,1
132700.0,494800.0,22150.0,-17597,-142,4,0,3,3,1,0,2,1,0,0
119300.0,524600.0,35630.0,-22111,-2887,2,0,3,3,1,1,2,0,0,1
321000.0,849800.0,45830.0,-19539,-4900,1,0,1,3,3,0,2,1,1,1
57200.0,212200.0,11550.0,-14642,-465,3,1,2,3,1,0,2,0,0,1
179300.0,645400.0,42580.0,-18081,-959,5,0,0,3,4,0,2,0,0,1
182300.0,522900.0,35170.0,-11583,-2638,1,0,3,3,1,0,1,0,1,0
181100.0,566200.0,23850.0,-15945,-400,3,0,1,0,1,0,2,0,1,1
148000.0,348700.0,22550.0,-8343,-330,1,0,2,0,1,0,3,0,1,0
174200.0,653400.0,34140.0,-11900,-1284,2,0,2,1,1,2,3,0,0,1
261900.0,1160100.0,74510.0,-8140,-1352,2,0,2,3,1,0,2,0,0,1
108700.0,344400.0,21780.0,-20682,-36,4,0,3,3,1,0,2,0,1,1
131200.0,416400.0,27590.0,-20216,-208,3,0,3,1,1,0,2,1,0,1
171700.0,658500.0,42710.0,-15386,-468,3,0,3,3,1,0,2,0,0,1
107100.0,239000.0,11230.0,-23687,-860,4,0,3,3,1,0,2,0,0,0
177900.0,580600.0,38450.0,-19026,-865,1,0,3,3,1,0,3,0,0,1
192100.0,366100.0,16270.0,-11225,-2681,2,0,0,3,1,0,2,0,0,0
149800.0,451600.0,19070.0,-10409,-1193,1,0,1,3,0,0,3,0,1,1
147700.0,610700.0,32820.0,-13391,-1474,2,0,1,3,2,0,2,0,1,0
71100.0,132100.0,7420.0,-19516,-50,4,0,3,0,1,0,1,1,0,0
132600.0,484800.0,31460.0,-7779,-1204,2,0,0,0,1,0,3,0,0,0
266100.0,515300.0,22270.0,-11971,-693,2,0,0,0,1,0,2,0,0,1
150400.0,497700.0,26480.0,-10114,-3540,2,1,1,3,1,0,2,0,0,1
54100.0,107200.0,5310.0,-12713,-661,2,0,1,3,1,0,3,1,0,0
162600.0,384100.0,22790.0,-13181,-1470,3,0,3,2,1,0,3,0,0,1
182400.0,545200.0,29160.0,-8055,-40,2,1,3,0,3,0,1,1,0,0
55000.0,162200.0,10180.0,-22127,-1470,2,0,1,3,1,0,2,0,1,1
146200.0,544500.0,28250.0,-13973,-350,5,0,3,3,1,0,2,0,1,0
113200.0,275700.0,12840.0,-18707,-2478,1,0,3,3,1,0,2,1,1,1
88000.0,358200.0,21900.0,-12434,-882,2,0,1,3,0,0,3,1,1,1
130600.0,354400.0,23260.0,-15639,-783,3,1,3,3,0,0,2,0,0,0
52300.0,124500.0,7660.0,-18038,-660,4,0,0,3,3,0,2,0,0,1
299100.0,1079800.0,59280.0,-20813,-1527,1,0,3,0,1,0,2,0,1,1
100000.0,403900.0,27070.0,-19736,-1882,2,0,0,3,1,0,2,0,1,0
238800.0,1034800.0,66630.0,-9054,-52,1,0,3,3,3,0,2,0,0,1
67500.0,215100.0,9270.0,-21213,-37,1,0,0,3,0,2,2,1,0,1
762100.0,1775200.0,107660.0,-15037,-161,1,0,3,0,0,0,3,0,0,0
90300.0,180800.0,7960.0,-18135,-3550,4,0,3,3,1,0,2,0,0,1
195100.0,382700.0,21870.0,-13513,-2667,3,0,0,3,1,0,2,0,0,1
100600.0,240300.0,11580.0,-11634,-748,1,0,1,3,3,0,1,0,0,1
236700.0,994500.0,46790.0,-22603,-1287,2,0,2,3,1,0,3,0,0,1
196300.0,767400.0,33900.0,-12447,-1074,3,0,3,0,3,0,2,0,0,1
92200.0,333500.0,15490.0,-12043,-720,1,0,1,3,1,2,1,0,0,1
123000.0,407400.0,17890.0,-11315,-1275,2,0,3,3,0,0,2,0,0,1
214600.0,461200.0,28940.0,-15539,-75,2,0,0,0,1,0,2,0,0,1
164000.0,656600.0,35670.0,-20846,-363,1,1,3,3,1,0,2,1,0,1
84600.0,219800.0,11720.0,-8500,-36,2,0,0,3,1,0,2,0,0,1
132900.0,247200.0,12590.0,-23628,-3198,1,0,0,3,1,0,2,0,1,1
91700.0,397500.0,17840.0,-13987,-1575,1,0,0,3,3,0,2,0,1,1
157900.0,346100.0,16880.0,-9180,-53,2,0,2,3,1,0,1,0,1,1
162100.0,453700.0,19210.0,-8882,-1772,2,0,3,3,1,3,3,0,0,1
119500.0,331100.0,15530.0,-13427,-1130,3,0,1,3,1,0,2,1,0,1
297500.0,1176400.0,57860.0,-9238,-2664,2,0,0,3,0,0,2,0,1,1
256400.0,682100.0,31150.0,-12819,-1073,2,0,3,1,1,0,3,0,1,0
59100.0,161600.0,8850.0,-13420,-656,2,0,1,0,2,1,2,1,1,1
158600.0,592400.0,37100.0,-23494,-2162,2,0,1,3,1,3,3,0,0,1
161800.0,648500.0,42020.0,-17604,-1381,1,0,3,3,3,0,2,0,0,1
153600.0,304000.0,16250.0,-12148,-1194,1,0,3,0,3,0,2,0,1,1
214600.0,776700.0,34250.0,-14146,-1281,2,0,1,3,1,0,3,1,1,1
105800.0,281800.0,12610.0,-16849,-1334,2,1,0,3,2,0,2,1,0,1
226300.0,998500.0,56180.0,-16828,-2345,2,0,3,3,3,3,2,0,0,1
65500.0,175300.0,10530.0,-12351,-1207,2,0,0,3,1,0,2,0,1,1
351800.0,1289300.0,83440.0,-16273,-609,3,0,3,3,1,1,2,0,0,1
214800.0,771700.0,46970.0,-14645,-1295,3,0,3,3,0,0,3,0,1,0
89900.0,186200.0,8490.0,-11021,-4446,1,0,0,3,1,0,3,0,0,1
60000.0,133700.0,7840.0,-21823,-886,3,0,0,3,1,0,2,0,0,0
139600.0,449400.0,20560.0,-20963,-743,2,0,3,3,1,0,2,0,0,0
140400.0,345000.0,23170.0,-9776,-1673,5,0,0,3,1,0,2,1,0,1
174900.0,496600.0,22650.0,-21530,-1796,3,0,3,3,3,0,2,0,0,0
164300.0,620300.0,37160.0,-8210,-1635,2,0,3,2,2,3,3,0,0,0
78800.0,152800.0,9040.0,-12041,-1497,1,0,3,3,4,0,3,0,0,1
218500.0,686000.0,32170.0,-8263,-930,2,0,1,0,3,0,3,0,1,1
202000.0,392600.0,17730.0,-21732,-475,3,0,3,0,3,0,2,1,0,1
87300.0,369300.0,22120.0,-18281,-1021,1,0,3,3,1,0,3,0,0,0
82500.0,300700.0,15700.0,-17743,-9340,1,0,1,3,2,0,2,0,0,0
89600.0,368600.0,17670.0,-20991,-1482,1,1,0,3,1,0,3,0,0,1
224700.0,676300.0,34280.0,-17913,-5749,2,1,0,3,1,0,2,0,0,0
170700.0,308600.0,14180.0,-8093,-373,1,0,3,3,1,0,2,1,0,1
176100.0,763600.0,50100.0,-12962,-2280,3,1,3,3,1,0,1,0,0,1
314200.0,1257100.0,74600.0,-21806,-509,3,0,3,0,1,0,2,0,1,1
103300.0,404100.0,22870.0,-11578,-196,2,1,3,3,1,0,2,0,1,1
67700.0,274200.0,15550.0,-20878,-2966,4,0,3,3,3,1,2,0,1,1
328200.0,1451600.0,70230.0,-14969,-2835,2,0,3,3,1,0,2,0,0,0
323400.0,1127700.0,63140.0,-10214,-438,2,0,3,3,1,2,2,0,1,1
51700.0,217200.0,14740.0,-23135,-1465,2,0,0,3,1,0,2,0,1,0
130400.0,473700.0,32110.0,-21936,-4149,3,0,1,0,1,0,1,0,0,1
282000.0,556200.0,34620.0,-17409,-435,2,0,3,1,1,0,2,0,0,1
211800.0,778500.0,39050.0,-8946,-500,1,0,1,3,1,0,2,0,0,1
91900.0,387900.0,19150.0,-23525,-806,2,0,2,3,1,0,2,0,0,1
202500.0,579200.0,33910.0,-20494,-8702,2,0,3,3,3,0,2,0,0,1
89200.0,320500.0,19500.0,-8588,-2013,1,0,1,3,3,1,1,0,1,1
135700.0,324700.0,17790.0,-14349,-1643,1,0,3,0,1,0,1,1,0,0
106800.0,388800.0,17560.0,-13058,-1452,3,0,0,3,2,0,2,0,0,1
47000.0,158700.0,10760.0,-10290,-2845,2,0,3,3,3,2,2,0,0,0
164200.0,558900.0,34420.0,-18696,-860,2,0,1,3,3,0,1,0,0,1
135000.0,247400.0,11020.0,-10453,-1056,2,0,0,3,1,1,3,0,0,0
177800.0,640900.0,34340.0,-15497,-36,2,0,0,3,1,0,3,0,1,1
158500.0,379000.0,17700.0,-11603,-2436,2,0,1,3,1,1,2,0,0,0
107800.0,436400.0,23980.0,-18058,-927,2,0,1,3,1,1,2,1,1,1
191100.0,808800.0,36570.0,-14275,-7701,3,0,2,0,1,0,3,0,0,0
89600.0,299600.0,20200.0,-19694,-6121,1,0,1,3,1,0,2,0,0,1
228800.0,736800.0,35340.0,-15464,-2628,2,0,3,3,4,0,2,0,0,1
65500.0,153400.0,8620.0,-10416,-947,2,0,3,3,1,0,2,0,1,0
176200.0,526800.0,31450.0,-15660,-85,2,0,3,3,1,0,2,0,1,1
263400.0,637400.0,31450.0,-8598,-844,2,0,2,0,4,0,2,0,0,0
72200.0,199600.0,13050.0,-19038,-795,2,0,3,0,1,0,3,0,0,0
126600.0,338100.0,22300.0,-16573,-5607,2,0,1,3,0,0,1,0,0,1
148700.0,382600.0,23910.0,-19112,-1006,2,0,0,0,3,0,2,0,0,0
88100.0,341900.0,20280.0,-18330,-1359,4,0,1,3,1,0,1,1,0,0
80300.0,245700.0,12870.0,-23462,-215,3,1,0,3,0,0,3,0,0,1
115500.0,241100.0,14890.0,-9601,-1846,3,0,0,3,1,0,2,1,0,0
52900.0,181000.0,9830.0,-13880,-5426,1,0,3,3,0,0,2,0,1,1
107900.0,346200.0,15850.0,-15468,-62,2,0,0,0,2,0,2,0,1,1
130200.0,470000.0,21090.0,-16668,-369,1,0,1,0,1,0,1,0,0,1
86000.0,170000.0,8440.0,-17209,-247,3,0,3,3,1,0,2,1,0,0
139800.0,287900.0,14170.0,-18866,-5778,4,0,0,0,3,0,3,1,0,1
129900.0,547500.0,26120.0,-16420,-6021,2,0,3,3,0,0,2,0,1,1
153700.0,565400.0,33160.0,-17366,-3542,1,0,2,3,1,0,1,0,1,1
100200.0,365900.0,22790.0,-15132,-513,2,0,1,3,1,3,1,1,0,1
237500.0,890000.0,40420.0,-15587,-3889,1,0,3,3,1,0,2,0,1,1
133100.0,367500.0,23340.0,-19166,-4891,3,1,3,3,0,0,2,0,0,1
133700.0,328100.0,21290.0,-16416,-5153,1,0,3,0,3,1,2,1,0,1
111900.0,444100.0,21000.0,-22388,-323,4,0,3,3,4,0,2,0,0,1
169600.0,357400.0,21760.0,-16980,-8910,3,0,0,3,4,0,2,0,0,1
145100.0,606200.0,39880.0,-16552,-2333,2,0,0,3,1,0,1,0,1,1
153100.0,670400.0,37410.0,-15884,-234,1,0,3,3,1,0,2,1,0,1
101100.0,207200.0,11990.0,-21696,-731,1,0,3,3,3,0,2,0,0,1
175600.0,600000.0,32000.0,-18944,-926,3,0,0,3,1,0,2,0,0,0
108800.0,357500.0,17830.0,-21088,-1341,5,0,0,2,1,0,2,0,1,0
177300.0,411000.0,25260.0,-16563,-1763,1,1,3,3,1,0,1,0,0,1
86200.0,347400.0,21840.0,-13503,-3828,3,0,3,3,1,0,2,0,0,1
98400.0,328400.0,15830.0,-15064,-3659,1,0,3,3,1,0,3,0,1,1
240800.0,557300.0,28960.0,-7853,-1279,1,0,2,0,2,0,3,0,0,1
124300.0,490500.0,26900.0,-13914,-182,2,0,1,3,1,0,2,0,1,0
85200.0,311300.0,18180.0,-8965,-2391,2,0,3,0,0,0,1,0,0,1
57700.0,142100.0,9530.0,-21136,-4451,2,0,3,0,0,0,2,0,0,1
231000.0,985100.0,62230.0,-21561,-276,2,0,3,3,1,0,3,1,0,1
136500.0,527000.0,30760.0,-17992,-2553,1,0,0,3,1,0,3,0,0,1
61200.0,232400.0,14530.0,-16029,-646,3,0,3,2,1,0,3,0,1,0
108100.0,254200.0,13440.0,-11815,-1218,2,0,3,3,1,0,2,0,0,1
228200.0,629900.0,39250.0,-15420,-1153,1,0,3,3,1,3,1,0,0,1
167100.0,566100.0,32120.0,-11402,-2883,2,0,3,3,1,0,3,0,0,1
78700.0,154000.0,6690.0,-21977,-1206,4,0,1,3,1,0,3,0,0,0
121600.0,225700.0,9600.0,-15320,-1417,1,0,0,1,1,0,1,0,0,1
161300.0,329400.0,17180.0,-22715,-3628,2,0,3,3,1,0,3,0,1,1
51900.0,115700.0,5910.0,-19683,-654,2,0,3,3,3,0,1,0,0,1
333700.0,1339000.0,70160.0,-11726,-707,2,0,3,0,2,0,2,1,0,1
221400.0,658700.0,29700.0,-12369,-3060,1,0,3,0,2,0,1,1,0,1
110500.0,491900.0,33090.0,-22158,-755,2,0,0,3,1,2,2,0,0,1
273400.0,560900.0,30650.0,-22039,-1890,3,0,3,3,4,0,3,0,0,0
226400.0,800700.0,51760.0,-10310,-3735,5,1,1,3,0,0,2,0,0,0
163400.0,354700.0,23850.0,-13021,-5695,2,0,0,3,1,0,3,1,0,0
164600.0,395500.0,21530.0,-19246,-36,2,0,3,3,1,0,2,0,1,1
225200.0,453700.0,28770.0,-12077,-2897,4,0,1,0,1,0,2,0,0,0
83500.0,156400.0,8350.0,-17981,-1718,2,0,2,0,3,0,2,0,0,1
194300.0,794500.0,43570.0,-12022,-414,1,0,3,3,1,0,3,0,1,1
104900.0,225500.0,14260.0,-22376,-4889,3,0,3,3,1,0,2,0,0,1
136300.0,512000.0,25150.0,-17437,-511,2,0,0,0,3,0,3,0,1,0
