AMT_INCOME_TOTAL,AMT_CREDIT,AMT_ANNUITY,DAYS_BIRTH,DAYS_EMPLOYED,CNT_FAM_MEMBERS,NAME_CONTRACT_TYPE,NAME_INCOME_TYPE,NAME_EDUCATION_TYPE,NAME_FAMILY_STATUS,NAME_HOUSING_TYPE,REGION_RATING_CLIENT,REG_REGION_NOT_WORK_REGION,FLAG_OWN_CAR,FLAG_OWN_REALTY
84420.0,686205.0,41522.0,-8398.0,-404.40000000000003,2.0,0.0,0.0,3.0,1.0,0.0,3.0,0.0,0.0,0.0
90020.0,571455.0,24648.0,-23431.0,-2682.0,1.0,0.0,3.0,0.0,1.0,0.0,2.0,0.0,0.0,1.0
37660.0,268110.0,11375.0,-15875.0,-1790.0,2.0,0.0,2.0,3.0,3.0,0.0,3.0,1.0,0.0,1.0
143150.0,1237275.0,71435.0,-18142.0,-40.0,1.0,0.0,3.0,2.0,1.0,0.0,2.0,0.0,0.0,1.0
81130.0,601155.0,27443.0,-19540.0,-14.4,2.0,0.0,3.0,0.0,2.0,0.0,2.0,1.0,1.0,1.0
172760.0,1292355.0,53183.0,-18976.0,-489.20000000000005,4.0,0.0,1.0,3.0,1.0,0.0,1.0,0.0,0.0,0.0
233729.99999999997,1760265.0,80951.0,-17043.0,-65.60000000000001,3.0,1.0,3.0,3.0,1.0,0.0,3.0,0.0,0.0,1.0
54950.0,386235.0,20176.0,-12031.0,-2653.0,2.0,0.0,3.0,3.0,1.0,0.0,2.0,0.0,0.0,0.0
215110.0,1209465.0,49660.0,-22287.0,-2195.0,2.0,0.0,1.0,0.0,1.0,0.0,1.0,0.0,0.0,0.0
179830.0,1221480.0,65143.0,-10177.0,-1950.0,1.0,1.0,2.0,0.0,1.0,0.0,2.0,0.0,1.0,1.0
50330.0,426060.0,26637.0,-23440.0,-893.2,3.0,0.0,0.0,0.0,1.0,0.0,3.0,0.0,0.0,1.0
116199.99999999999,829575.0,45032.0,-18855.0,-1710.0,4.0,0.0,3.0,3.0,1.0,0.0,3.0,0.0,1.0,1.0
39760.0,194265.0,10725.0,-20636.0,-3523.0,2.0,0.0,3.0,0.0,1.0,0.0,3.0,0.0,1.0,1.0
204260.0,717120.0,39442.0,-16619.0,-1078.0,1.0,0.0,3.0,0.0,1.0,1.0,3.0,0.0,1.0,0.0
68810.0,319140.0,15886.0,-21093.0,-114.0,3.0,0.0,3.0,1.0,1.0,0.0,2.0,0.0,1.0,0.0
52990.0,441990.0,25909.0,-13626.0,-1388.8000000000002,3.0,0.0,3.0,3.0,1.0,0.0,3.0,0.0,0.0,1.0
106890.0,923400.0000000001,50765.0,-21237.0,-2043.2,2.0,0.0,1.0,3.0,1.0,0.0,2.0,1.0,0.0,1.0
42000.0,207765.0,11219.0,-14732.0,-3279.0,2.0,0.0,3.0,3.0,1.0,0.0,3.0,1.0,0.0,1.0
88550.0,545265.0,23777.0,-13294.0,-1286.0,1.0,0.0,3.0,3.0,1.0,0.0,3.0,0.0,0.0,1.0
96880.0,354915.0,16874.0,-16648.0,-2610.8,3.0,1.0,0.0,0.0,1.0,2.0,2.0,0.0,1.0,1.0
74900.0,525555.0,27573.0,-22127.0,-1806.0,3.0,0.0,0.0,3.0,0.0,0.0,3.0,0.0,0.0,1.0
106470.0,448200.00000000006,26338.0,-23082.0,-62.400000000000006,3.0,1.0,1.0,3.0,1.0,0.0,3.0,1.0,0.0,1.0
97160.0,502335.00000000006,30914.0,-17657.0,-660.4000000000001,1.0,0.0,3.0,3.0,3.0,2.0,3.0,0.0,0.0,0.0
93240.0,351540.0,17563.0,-17328.0,-796.8000000000001,3.0,0.0,0.0,0.0,3.0,0.0,3.0,0.0,0.0,0.0
109550.0,945675.0000000001,55367.0,-18312.0,-2071.0,1.0,0.0,3.0,3.0,1.0,0.0,3.0,0.0,0.0,0.0
103180.0,393660.0,22893.0,-20217.0,-171.0,3.0,0.0,2.0,3.0,3.0,0.0,3.0,0.0,1.0,1.0
97440.0,416880.0,19552.0,-10593.0,-435.6,1.0,0.0,1.0,3.0,0.0,0.0,2.0,0.0,0.0,1.0
91630.0,516645.00000000006,24453.0,-10359.0,-3784.0,2.0,1.0,0.0,3.0,1.0,0.0,3.0,0.0,0.0,1.0
143920.0,728190.0,32344.0,-14441.0,-2697.0,2.0,0.0,1.0,3.0,1.0,0.0,2.0,1.0,0.0,1.0
131180.0,673785.0,32188.0,-22631.0,-141.6,3.0,0.0,3.0,0.0,1.0,0.0,3.0,0.0,1.0,1.0
108990.0,614250.0,35048.0,-17819.0,-2297.0,2.0,0.0,1.0,3.0,1.0,0.0,3.0,0.0,0.0,0.0
50820.0,236250.00000000003,11024.0,-14102.0,-21.200000000000003,1.0,0.0,3.0,2.0,1.0,3.0,3.0,0.0,1.0,1.0
205870.0,1651320.0,78117.0,-18486.0,-440.40000000000003,1.0,0.0,3.0,0.0,4.0,0.0,1.0,0.0,1.0,1.0
70490.0,496530.00000000006,28522.0,-18770.0,-499.0,1.0,0.0,3.0,3.0,1.0,0.0,3.0,0.0,0.0,0.0
129289.99999999999,978210.0000000001,46917.0,-20943.0,-825.0,4.0,0.0,0.0,3.0,0.0,0.0,2.0,0.0,0.0,0.0
82880.0,399195.0,18564.0,-20089.0,-1955.0,3.0,0.0,2.0,3.0,0.0,0.0,3.0,0.0,0.0,1.0
80920.0,692415.0,28236.0,-21474.0,-797.6,2.0,1.0,1.0,3.0,1.0,0.0,3.0,0.0,1.0,0.0
84350.0,480735.00000000006,26442.0,-15755.0,-1017.2,2.0,0.0,0.0,3.0,1.0,0.0,1.0,0.0,0.0,1.0
108990.0,886140.0000000001,51688.0,-23437.0,-1179.0,1.0,0.0,3.0,3.0,3.0,0.0,3.0,1.0,0.0,0.0
56140.0,352080.0,14326.0,-17236.0,-1279.0,1.0,0.0,3.0,0.0,1.0,0.0,2.0,0.0,1.0,1.0
173250.0,1247670.0,61425.0,-19486.0,-265.2,3.0,1.0,3.0,0.0,2.0,0.0,3.0,0.0,1.0,0.0
114660.0,729135.0,31421.0,-18747.0,-1032.0,2.0,0.0,0.0,3.0,1.0,0.0,1.0,0.0,1.0,0.0
49630.0,261360.00000000003,11856.0,-19804.0,-30.400000000000002,2.0,0.0,0.0,0.0,1.0,0.0,3.0,0.0,0.0,1.0
174930.0,1428570.0,67899.0,-18336.0,-633.0,2.0,0.0,3.0,3.0,0.0,0.0,2.0,0.0,0.0,0.0
141820.0,1211355.0,63453.0,-19830.0,-950.0,2.0,0.0,3.0,3.0,1.0,0.0,2.0,0.0,0.0,0.0
50680.0,249480.00000000003,11414.0,-22476.0,-1677.0,2.0,0.0,3.0,3.0,1.0,0.0,2.0,0.0,0.0,0.0
82950.0,337365.0,17160.0,-14719.0,-369.20000000000005,1.0,0.0,2.0,0.0,1.0,0.0,3.0,0.0,0.0,1.0
50190.0,216270.0,11089.0,-19704.0,-3855.0,1.0,0.0,0.0,0.0,3.0,0.0,2.0,0.0,0.0,1.0
67900.0,531495.0,24609.0,-23227.0,-3151.0,4.0,0.0,1.0,0.0,1.0,0.0,3.0,1.0,1.0,0.0
115639.99999999999,701730.0,37258.0,-11348.0,-1188.0,1.0,1.0,1.0,3.0,1.0,0.0,3.0,0.0,0.0,1.0
130059.99999999999,602100.0,28327.0,-11478.0,-2120.0,3.0,0.0,1.0,3.0,1.0,0.0,2.0,0.0,0.0,1.0
123059.99999999999,974700.0000000001,61620.0,-20595.0,-2097.0,1.0,0.0,0.0,0.0,3.0,0.0,2.0,0.0,0.0,1.0
151620.0,854820.0,51649.0,-12640.0,-827.0,1.0,1.0,0.0,3.0,1.0,0.0,3.0,0.0,0.0,1.0
349370.0,2160675.0,133445.0,-19075.0,-1962.0,1.0,0.0,0.0,3.0,1.0,0.0,3.0,0.0,0.0,0.0
88130.0,661905.0,32461.0,-11347.0,-372.0,3.0,0.0,0.0,3.0,1.0,1.0,3.0,0.0,0.0,1.0
102340.0,405675.0,26156.0,-13579.0,-5802.0,2.0,0.0,3.0,3.0,1.0,0.0,3.0,0.0,0.0,1.0
93730.0,734805.0,33826.0,-18505.0,-524.4,2.0,0.0,1.0,2.0,1.0,2.0,3.0,0.0,0.0,0.0
109970.0,509760.00000000006,28626.0,-21866.0,-1054.4,1.0,0.0,0.0,3.0,1.0,0.0,3.0,1.0,0.0,1.0
87920.0,506655.00000000006,28197.0,-18253.0,-77.60000000000001,3.0,1.0,3.0,3.0,1.0,0.0,3.0,0.0,0.0,1.0
51310.0,396090.0,18252.0,-14315.0,-1234.4,2.0,0.0,2.0,3.0,1.0,0.0,3.0,0.0,0.0,1.0
194950.0,1066365.0,47476.0,-22687.0,-1356.4,1.0,0.0,3.0,1.0,1.0,0.0,2.0,0.0,1.0,1.0
76160.0,545805.0,23413.0,-11381.0,-922.0,3.0,0.0,0.0,3.0,1.0,0.0,2.0,0.0,0.0,1.0
203420.0,1378755.0,59254.0,-16575.0,-395.0,2.0,0.0,1.0,0.0,3.0,0.0,2.0,0.0,0.0,1.0
179900.0,1093770.0,69446.0,-16940.0,-15.200000000000001,2.0,0.0,1.0,3.0,0.0,0.0,3.0,0.0,1.0,1.0
92470.0,422820.0,23816.0,-14358.0,-1566.8000000000002,1.0,0.0,3.0,3.0,1.0,1.0,2.0,0.0,0.0,0.0
121519.99999999999,636255.0,34320.0,-12187.0,-36.0,4.0,0.0,3.0,3.0,1.0,0.0,3.0,0.0,0.0,0.0
75740.0,441990.0,22269.0,-11223.0,-415.6,1.0,0.0,3.0,0.0,1.0,0.0,2.0,0.0,0.0,1.0
104090.0,506520.00000000006,22477.0,-22616.0,-1814.0,3.0,1.0,0.0,0.0,1.0,0.0,2.0,1.0,0.0,0.0
40950.0,228555.00000000003,12610.0,-18033.0,-134.0,4.0,0.0,3.0,3.0,0.0,0.0,3.0,0.0,0.0,1.0
44730.0,297000.0,18681.0,-18602.0,-792.0,2.0,0.0,3.0,3.0,1.0,0.0,2.0,0.0,1.0,1.0
71120.0,270675.0,14794.0,-16302.0,-972.0,2.0,0.0,3.0,3.0,1.0,0.0,1.0,1.0,0.0,1.0
195370.0,1150605.0,61074.0,-16749.0,-249.60000000000002,2.0,0.0,3.0,3.0,1.0,0.0,1.0,0.0,0.0,1.0
116269.99999999999,572130.0,35828.0,-9139.0,-73.2,1.0,0.0,0.0,3.0,0.0,0.0,3.0,0.0,0.0,1.0
152810.0,689310.0,43862.0,-19113.0,-1340.0,5.0,0.0,3.0,0.0,3.0,0.0,3.0,0.0,0.0,1.0
60059.99999999999,217080.0,9919.0,-13321.0,-2009.0,1.0,1.0,3.0,0.0,3.0,0.0,2.0,0.0,1.0,0.0
155680.0,1279395.0,51831.0,-9565.0,-1138.0,3.0,0.0,3.0,3.0,2.0,0.0,1.0,0.0,0.0,1.0
50260.0,263790.0,11076.0,-12600.0,-1738.0,3.0,0.0,3.0,3.0,1.0,0.0,2.0,0.0,1.0,1.0
70910.0,299970.0,17758.0,-7891.0,-439.6,2.0,0.0,0.0,3.0,1.0,0.0,2.0,0.0,0.0,0.0
233449.99999999997,1992060.0000000002,86541.0,-19444.0,-81.2,2.0,1.0,0.0,3.0,1.0,0.0,3.0,0.0,0.0,1.0
31499.999999999996,153630.0,7072.0,-23308.0,-28.8,1.0,1.0,3.0,3.0,1.0,0.0,3.0,0.0,0.0,1.0
395710.0,2276775.0,93756.0,-16518.0,-962.0,4.0,0.0,0.0,3.0,1.0,0.0,2.0,1.0,1.0,0.0
138250.0,925425.0000000001,44551.0,-9587.0,-846.0,3.0,0.0,3.0,0.0,1.0,0.0,2.0,0.0,1.0,1.0
127539.99999999999,603585.0,29094.0,-16435.0,-288.0,2.0,0.0,0.0,1.0,1.0,0.0,3.0,0.0,0.0,1.0
222950.0,1036530.0000000001,52676.0,-14447.0,-340.40000000000003,2.0,0.0,3.0,3.0,1.0,0.0,2.0,0.0,1.0,1.0
75880.0,426330.0,21762.0,-12608.0,-1446.4,3.0,0.0,1.0,0.0,1.0,0.0,2.0,0.0,0.0,1.0
116479.99999999999,421470.0,23933.0,-7816.0,-496.40000000000003,3.0,1.0,3.0,3.0,1.0,0.0,2.0,1.0,1.0,1.0
94500.0,520830.00000000006,21697.0,-20429.0,-696.0,4.0,0.0,0.0,3.0,3.0,0.0,2.0,0.0,0.0,1.0
85190.0,435510.0,27508.0,-8367.0,-225.0,1.0,0.0,0.0,3.0,0.0,0.0,3.0,0.0,0.0,0.0
81760.0,335070.0,17368.0,-21965.0,-281.0,5.0,0.0,3.0,3.0,0.0,0.0,2.0,1.0,0.0,0.0
137480.0,1051920.0,48100.0,-21651.0,-1553.0,4.0,0.0,3.0,3.0,1.0,1.0,3.0,0.0,0.0,1.0
132860.0,748035.0,46956.0,-9348.0,-188.4,3.0,0.0,3.0,0.0,3.0,0.0,2.0,0.0,0.0,1.0
76370.0,311310.0,16354.0,-16813.0,-5646.0,4.0,0.0,3.0,3.0,1.0,0.0,3.0,0.0,0.0,1.0
79380.0,518400.00000000006,24206.0,-19468.0,-6767.0,4.0,0.0,3.0,0.0,1.0,0.0,3.0,0.0,0.0,1.0
225820.0,1475415.0,85592.0,-12021.0,-5446.0,1.0,0.0,3.0,3.0,1.0,0.0,2.0,0.0,0.0,1.0
123689.99999999999,620055.0,30875.0,-14884.0,-55.0,3.0,0.0,1.0,3.0,1.0,0.0,3.0,0.0,0.0,1.0
87150.0,674460.0,33085.0,-21232.0,-887.0,2.0,0.0,3.0,3.0,1.0,3.0,2.0,1.0,0.0,0.0
151340.0,952425.0000000001,50024.0,-21477.0,-477.0,1.0,0.0,3.0,0.0,1.0,0.0,1.0,0.0,0.0,1.0
55580.0,470070.00000000006,19162.0,-15636.0,-1161.0,2.0,0.0,3.0,3.0,3.0,0.0,3.0,0.0,1.0,1.0
76510.0,363825.0,16172.0,-12384.0,-1595.2,1.0,0.0,0.0,3.0,1.0,0.0,3.0,0.0,0.0,0.0
235479.99999999997,1192050.0,69550.0,-20522.0,-887.6,2.0,0.0,0.0,3.0,1.0,0.0,3.0,1.0,0.0,1.0
397810.0,2954745.0,141778.0,-20354.0,-1598.4,2.0,0.0,1.0,3.0,1.0,0.0,3.0,1.0,0.0,1.0
193270.0,880875.0,54639.0,-22036.0,-5412.0,3.0,0.0,3.0,3.0,1.0,1.0,2.0,0.0,1.0,1.0
55650.0,325485.0,20917.0,-9329.0,-560.8000000000001,2.0,0.0,3.0,3.0,2.0,0.0,3.0,1.0,0.0,1.0
245349.99999999997,1704645.0,90103.0,-18075.0,-2752.0,1.0,0.0,3.0,3.0,3.0,0.0,3.0,0.0,0.0,1.0
78540.0,460620.00000000006,29094.0,-13217.0,-245.0,3.0,0.0,3.0,0.0,2.0,3.0,3.0,0.0,0.0,1.0
138670.0,917190.0000000001,59826.0,-10160.0,-115.60000000000001,1.0,0.0,3.0,3.0,1.0,0.0,2.0,0.0,0.0,1.0
77350.0,385965.0,20280.0,-21301.0,-687.0,3.0,0.0,1.0,3.0,0.0,0.0,2.0,0.0,1.0,1.0
32549.999999999996,187380.0,7982.0,-9566.0,-1020.0,2.0,0.0,1.0,3.0,1.0,0.0,3.0,0.0,1.0,1.0
63699.99999999999,365985.0,23413.0,-21159.0,-1143.2,1.0,0.0,3.0,3.0,1.0,0.0,2.0,0.0,0.0,1.0
137130.0,1010070.0000000001,43212.0,-19554.0,-14.4,3.0,0.0,2.0,0.0,3.0,0.0,2.0,0.0,0.0,0.0
122779.99999999999,505710.00000000006,30342.0,-10373.0,-831.2,2.0,0.0,0.0,3.0,1.0,0.0,2.0,0.0,1.0,1.0
149800.0,1023705.0000000001,54236.0,-18542.0,-37.2,3.0,0.0,1.0,3.0,1.0,0.0,3.0,0.0,0.0,1.0
104090.0,752490.0,36868.0,-11447.0,-248.0,1.0,0.0,0.0,3.0,1.0,0.0,2.0,1.0,1.0,0.0
189210.0,1255365.0,69264.0,-19682.0,-3949.0,2.0,0.0,0.0,3.0,1.0,0.0,2.0,0.0,0.0,1.0
129079.99999999999,992385.0000000001,49062.0,-13657.0,-1930.0,3.0,0.0,1.0,3.0,1.0,3.0,3.0,0.0,0.0,1.0
116409.99999999999,423360.0,17979.0,-15532.0,-4388.0,1.0,0.0,2.0,3.0,0.0,0.0,2.0,1.0,1.0,1.0
49840.0,252045.00000000003,11128.0,-23467.0,-1125.0,1.0,0.0,0.0,3.0,1.0,0.0,2.0,0.0,0.0,1.0
95900.0,575505.0,30966.0,-15069.0,-1282.8000000000002,1.0,0.0,2.0,0.0,1.0,0.0,2.0,0.0,1.0,1.0
55510.0,254610.00000000003,14833.0,-21582.0,-2462.0,3.0,0.0,3.0,3.0,1.0,0.0,3.0,0.0,1.0,1.0
53130.0,201555.0,11232.0,-8247.0,-252.0,2.0,0.0,3.0,3.0,2.0,3.0,3.0,0.0,0.0,1.0
195090.0,1059885.0,55536.0,-12470.0,-357.0,3.0,0.0,3.0,3.0,1.0,0.0,2.0,0.0,0.0,1.0
112840.0,901530.0000000001,50986.0,-23009.0,-4457.0,2.0,0.0,3.0,3.0,1.0,3.0,3.0,0.0,0.0,1.0
109900.0,552150.0,27963.0,-13926.0,-365.6,2.0,0.0,0.0,3.0,3.0,0.0,3.0,1.0,1.0,0.0
226800.0,1500255.0,98111.0,-22458.0,-49.2,2.0,0.0,1.0,0.0,1.0,0.0,3.0,0.0,0.0,1.0
92050.0,711315.0,38584.0,-10552.0,-265.6,2.0,0.0,3.0,0.0,0.0,0.0,2.0,1.0,0.0,1.0
204400.0,899100.0000000001,54002.0,-9107.0,-2532.0,2.0,1.0,3.0,1.0,1.0,0.0,3.0,0.0,1.0,1.0
123339.99999999999,485595.00000000006,22945.0,-20091.0,-1011.0,1.0,0.0,3.0,3.0,2.0,0.0,1.0,0.0,0.0,0.0
170730.0,1151955.0,68666.0,-12973.0,-202.0,2.0,1.0,3.0,3.0,1.0,0.0,3.0,0.0,1.0,1.0
135030.0,1145610.0,72995.0,-14924.0,-328.8,1.0,1.0,3.0,0.0,1.0,0.0,1.0,0.0,0.0,1.0
83020.0,422685.0,19851.0,-10517.0,-2729.0,2.0,0.0,1.0,0.0,1.0,0.0,2.0,0.0,0.0,1.0
165690.0,1233225.0,53053.0,-21672.0,-1573.0,1.0,1.0,1.0,3.0,0.0,0.0,2.0,0.0,0.0,1.0
123759.99999999999,945135.0000000001,56810.0,-14455.0,-26.0,1.0,0.0,1.0,3.0,2.0,3.0,2.0,0.0,1.0,0.0
155190.0,1197045.0,56290.0,-14653.0,-656.0,3.0,0.0,3.0,3.0,1.0,0.0,2.0,0.0,1.0,1.0
484889.99999999994,2934225.0,130559.0,-17863.0,-81.60000000000001,3.0,0.0,0.0,3.0,0.0,0.0,1.0,0.0,0.0,1.0
73220.0,630045.0,40079.0,-16029.0,-324.0,4.0,0.0,3.0,0.0,1.0,0.0,3.0,0.0,1.0,1.0
147980.0,1073655.0,49244.0,-19243.0,-1880.8000000000002,2.0,0.0,3.0,3.0,1.0,0.0,1.0,0.0,0.0,1.0
164500.0,1408455.0,73242.0,-10538.0,-3963.0,2.0,0.0,1.0,3.0,1.0,0.0,2.0,0.0,1.0,0.0
114799.99999999999,816750.0,41860.0,-11557.0,-2821.0,2.0,0.0,1.0,3.0,1.0,0.0,2.0,0.0,0.0,1.0
92330.0,798255.0,37349.0,-18459.0,-122.0,1.0,0.0,0.0,0.0,1.0,0.0,2.0,0.0,1.0,1.0
155120.0,935550.0000000001,48633.0,-10980.0,-236.0,2.0,0.0,0.0,3.0,1.0,3.0,3.0,0.0,1.0,1.0
87500.0,366660.0,22880.0,-21019.0,-1018.0,2.0,0.0,3.0,3.0,0.0,3.0,3.0,0.0,0.0,0.0
46900.0,198180.0,9841.0,-16014.0,-39.6,2.0,0.0,1.0,3.0,1.0,0.0,3.0,0.0,0.0,1.0
51170.0,315630.0,16835.0,-16752.0,-947.0,2.0,0.0,0.0,3.0,1.0,0.0,3.0,1.0,1.0,1.0
133840.0,777330.0,45786.0,-17993.0,-148.4,3.0,0.0,3.0,3.0,3.0,0.0,2.0,0.0,1.0,0.0
56980.0,273915.0,14482.0,-19296.0,-650.0,2.0,0.0,3.0,3.0,1.0,0.0,3.0,0.0,1.0,0.0
56210.0,404730.0,22607.0,-17298.0,-80.80000000000001,3.0,0.0,0.0,3.0,1.0,0.0,3.0,0.0,1.0,0.0
54110.0,451710.00000000006,21203.0,-23620.0,-394.0,4.0,0.0,0.0,3.0,1.0,0.0,2.0,0.0,0.0,0.0
87570.0,748845.0,31473.0,-22823.0,-2077.0,1.0,0.0,0.0,3.0,1.0,2.0,1.0,1.0,0.0,1.0
104720.0,716715.0,43641.0,-16671.0,-3319.6000000000004,4.0,0.0,3.0,0.0,1.0,0.0,3.0,0.0,0.0,0.0
196630.0,1524555.0,80470.0,-18249.0,-711.6,1.0,0.0,3.0,0.0,2.0,0.0,2.0,0.0,0.0,0.0
68530.0,305370.0,18980.0,-15908.0,-2067.0,1.0,0.0,3.0,3.0,4.0,0.0,3.0,0.0,0.0,0.0
72660.0,585360.0,33449.0,-15057.0,-473.20000000000005,5.0,0.0,2.0,3.0,4.0,0.0,3.0,0.0,0.0,1.0
119139.99999999999,662580.0,37921.0,-10500.0,-1090.8,2.0,0.0,1.0,3.0,2.0,0.0,1.0,0.0,0.0,0.0
97860.0,577260.0,34424.0,-14225.0,-917.0,4.0,0.0,3.0,2.0,3.0,0.0,3.0,0.0,1.0,1.0
123899.99999999999,961065.0000000001,62166.0,-14981.0,-5332.0,2.0,0.0,1.0,0.0,1.0,0.0,3.0,0.0,0.0,1.0
70840.0,396495.0,22113.0,-14727.0,-1452.4,1.0,0.0,3.0,3.0,1.0,0.0,2.0,0.0,0.0,1.0
188720.0,747495.0,45903.0,-21217.0,-3486.0,4.0,0.0,3.0,3.0,1.0,0.0,2.0,0.0,1.0,1.0
161490.0,596295.0,25688.0,-22075.0,-479.0,2.0,0.0,3.0,3.0,1.0,0.0,3.0,0.0,0.0,0.0
185850.0,839430.0,49673.0,-18584.0,-311.20000000000005,1.0,0.0,3.0,3.0,3.0,0.0,1.0,0.0,0.0,0.0
186410.0,1147365.0,55042.0,-15915.0,-199.0,1.0,0.0,3.0,3.0,2.0,0.0,3.0,0.0,0.0,1.0
52080.0,191160.0,9685.0,-15244.0,-237.20000000000002,3.0,0.0,3.0,0.0,1.0,0.0,3.0,0.0,0.0,1.0
136150.0,1032210.0000000001,54639.0,-21404.0,-905.0,1.0,0.0,2.0,3.0,1.0,0.0,3.0,0.0,0.0,0.0
140910.0,1082430.0,61204.0,-13172.0,-1806.0,2.0,0.0,1.0,3.0,0.0,0.0,3.0,1.0,0.0,1.0
162120.0,1363230.0,66313.0,-15396.0,-5029.0,2.0,0.0,3.0,3.0,3.0,0.0,3.0,1.0,1.0,1.0
202580.0,920295.0000000001,59423.0,-17275.0,-482.8,4.0,0.0,1.0,3.0,1.0,0.0,3.0,0.0,1.0,1.0
279090.0,1280745.0,68536.0,-8760.0,-1385.0,1.0,0.0,1.0,3.0,4.0,0.0,2.0,0.0,1.0,1.0
85610.0,668925.0,40612.0,-19274.0,-962.4000000000001,2.0,0.0,3.0,3.0,1.0,2.0,2.0,1.0,1.0,1.0
159250.0,1127790.0,63999.0,-17030.0,-224.4,2.0,0.0,0.0,3.0,0.0,0.0,3.0,0.0,0.0,1.0
122359.99999999999,623025.0,39819.0,-12357.0,-244.8,2.0,0.0,0.0,3.0,1.0,0.0,2.0,0.0,1.0,0.0
148820.0,638685.0,38974.0,-18795.0,-1040.0,3.0,0.0,1.0,0.0,1.0,0.0,3.0,0.0,0.0,1.0
39200.0,174015.0,10907.0,-17341.0,-776.0,2.0,0.0,3.0,2.0,1.0,2.0,2.0,1.0,0.0,1.0
306180.0,1122255.0,71006.0,-12019.0,-475.20000000000005,3.0,0.0,0.0,3.0,1.0,0.0,3.0,0.0,0.0,1.0
99120.0,826065.0,49153.0,-19937.0,-223.0,2.0,0.0,1.0,3.0,0.0,0.0,3.0,0.0,1.0,0.0
98560.0,575910.0,36231.0,-17382.0,-458.0,2.0,0.0,3.0,0.0,1.0,0.0,2.0,0.0,1.0,0.0
150570.0,1158435.0,63011.0,-8505.0,-750.0,2.0,0.0,0.0,3.0,0.0,2.0,3.0,0.0,1.0,1.0
82740.0,512460.00000000006,23569.0,-9397.0,-80.0,1.0,0.0,3.0,3.0,3.0,0.0,3.0,0.0,0.0,1.0
195510.0,1310715.0,54860.0,-14104.0,-781.0,3.0,0.0,2.0,3.0,1.0,0.0,2.0,1.0,1.0,1.0
46830.0,231525.00000000003,11453.0,-21391.0,-400.40000000000003,2.0,0.0,3.0,3.0,1.0,0.0,2.0,0.0,0.0,0.0
157290.0,817965.0,35854.0,-10962.0,-489.0,2.0,1.0,3.0,0.0,1.0,0.0,2.0,0.0,1.0,1.0
222740.0,1721115.0,89076.0,-17838.0,-1809.6000000000001,1.0,0.0,1.0,0.0,1.0,0.0,1.0,0.0,1.0,0.0
99470.0,839700.0,40274.0,-10177.0,-1040.8,1.0,0.0,3.0,3.0,1.0,0.0,3.0,1.0,0.0,1.0
64119.99999999999,492750.00000000006,24050.0,-9438.0,-81.60000000000001,2.0,0.0,3.0,3.0,1.0,0.0,3.0,0.0,0.0,1.0
49980.0,362340.0,16991.0,-20430.0,-1026.0,4.0,0.0,1.0,3.0,1.0,0.0,3.0,1.0,1.0,0.0
73220.0,417150.0,25103.0,-14264.0,-2157.0,2.0,0.0,0.0,3.0,1.0,0.0,3.0,0.0,0.0,0.0
92680.0,546615.0,23309.0,-11427.0,-488.0,2.0,0.0,0.0,3.0,1.0,1.0,2.0,0.0,0.0,1.0
100170.0,459405.00000000006,28769.0,-12736.0,-2615.0,1.0,0.0,1.0,3.0,0.0,0.0,2.0,0.0,0.0,1.0
92820.0,687825.0,29783.0,-17728.0,-867.0,1.0,1.0,3.0,0.0,0.0,0.0,3.0,0.0,1.0,1.0
145810.0,568080.0,29913.0,-13763.0,-36.0,3.0,0.0,3.0,3.0,1.0,0.0,3.0,0.0,0.0,0.0
34020.0,266490.0,14157.0,-13762.0,-2435.0,1.0,0.0,3.0,3.0,1.0,0.0,1.0,1.0,0.0,0.0
124179.99999999999,850500.0,49491.0,-20618.0,-1416.4,3.0,0.0,1.0,3.0,1.0,0.0,1.0,0.0,0.0,0.0
58729.99999999999,504225.00000000006,30589.0,-22427.0,-132.4,3.0,1.0,2.0,3.0,1.0,1.0,3.0,0.0,1.0,0.0
153930.0,980640.0000000001,57252.0,-17090.0,-1819.0,3.0,0.0,3.0,3.0,1.0,0.0,2.0,0.0,0.0,0.0
233449.99999999997,1961685.0000000002,99385.0,-8903.0,-2329.0,2.0,0.0,1.0,3.0,1.0,0.0,1.0,0.0,0.0,1.0
214550.0,1001295.0000000001,43394.0,-10637.0,-873.0,5.0,0.0,1.0,3.0,3.0,0.0,3.0,0.0,0.0,1.0
119279.99999999999,957150.0000000001,39585.0,-8638.0,-34.4,1.0,0.0,3.0,3.0,1.0,0.0,3.0,0.0,0.0,1.0
126979.99999999999,557955.0,28145.0,-17580.0,-589.2,2.0,0.0,0.0,3.0,1.0,0.0,2.0,0.0,0.0,0.0
176330.0,1410075.0,59215.0,-23244.0,-1888.0,3.0,0.0,3.0,0.0,0.0,2.0,2.0,0.0,1.0,0.0
130129.99999999999,618570.0,29120.0,-21360.0,-2375.0,5.0,0.0,3.0,3.0,0.0,0.0,2.0,1.0,0.0,1.0
42000.0,254745.00000000003,12805.0,-11538.0,-890.0,1.0,0.0,0.0,0.0,1.0,0.0,3.0,0.0,0.0,1.0
131810.0,727245.0,40456.0,-18540.0,-3602.0,1.0,0.0,3.0,3.0,1.0,0.0,3.0,0.0,0.0,1.0
136570.0,882225.0,46176.0,-17912.0,-95.0,2.0,0.0,3.0,3.0,1.0,0.0,2.0,0.0,1.0,1.0
125439.99999999999,903960.0000000001,49621.0,-9343.0,-288.0,3.0,1.0,0.0,0.0,0.0,0.0,1.0,1.0,0.0,1.0
156450.0,876150.0,48503.0,-11438.0,-28.400000000000002,4.0,1.0,1.0,0.0,4.0,0.0,2.0,1.0,0.0,1.0
77770.0,613980.0,34593.0,-8507.0,-1932.0,1.0,0.0,3.0,3.0,1.0,1.0,2.0,1.0,0.0,0.0
59219.99999999999,506790.00000000006,23309.0,-21140.0,-219.0,4.0,0.0,3.0,3.0,1.0,0.0,2.0,0.0,0.0,0.0
119209.99999999999,486540.00000000006,25129.0,-9075.0,-1000.0,2.0,0.0,3.0,0.0,3.0,0.0,3.0,1.0,1.0,1.0
187600.0,1075005.0,45201.0,-10721.0,-773.2,3.0,1.0,3.0,3.0,1.0,0.0,1.0,0.0,1.0,1.0
184170.0,755325.0,40976.0,-17249.0,-3904.0,2.0,0.0,3.0,0.0,1.0,0.0,2.0,0.0,1.0,1.0
120539.99999999999,538785.0,22633.0,-18789.0,-571.6,2.0,0.0,2.0,3.0,1.0,2.0,3.0,0.0,1.0,1.0
109060.0,643950.0,40573.0,-9375.0,-146.4,2.0,0.0,3.0,3.0,1.0,0.0,2.0,0.0,0.0,1.0
67060.0,459270.00000000006,25987.0,-20586.0,-4196.0,3.0,0.0,0.0,3.0,4.0,0.0,3.0,0.0,0.0,1.0
118929.99999999999,664065.0,28054.0,-12128.0,-1738.0,2.0,0.0,3.0,2.0,1.0,0.0,2.0,1.0,0.0,1.0
108430.0,459675.00000000006,19955.0,-23340.0,-1325.0,3.0,0.0,3.0,3.0,1.0,3.0,3.0,0.0,0.0,1.0
206990.0,1568025.0,76063.0,-16675.0,-77.60000000000001,2.0,0.0,3.0,3.0,3.0,0.0,2.0,0.0,1.0,1.0
53130.0,341280.0,14040.0,-12953.0,-570.0,2.0,0.0,3.0,3.0,3.0,0.0,3.0,0.0,0.0,1.0
126559.99999999999,921510.0000000001,48048.0,-16415.0,-119.60000000000001,2.0,0.0,0.0,3.0,1.0,0.0,3.0,1.0,0.0,1.0
80220.0,598860.0,37609.0,-11639.0,-395.6,2.0,0.0,3.0,1.0,1.0,0.0,3.0,0.0,0.0,1.0
82950.0,624645.0,33111.0,-19383.0,-578.0,1.0,0.0,3.0,0.0,1.0,0.0,3.0,0.0,1.0,0.0
61319.99999999999,446175.00000000006,18356.0,-18531.0,-2324.0,2.0,1.0,3.0,0.0,1.0,0.0,2.0,0.0,0.0,1.0
56140.0,223695.00000000003,10348.0,-13040.0,-2903.0,5.0,0.0,3.0,3.0,1.0,0.0,2.0,0.0,1.0,0.0
143570.0,792720.0,34229.0,-14774.0,-490.0,2.0,0.0,1.0,3.0,1.0,0.0,2.0,1.0,0.0,1.0
199710.0,1400625.0,56862.0,-19426.0,-2915.0,2.0,0.0,2.0,3.0,1.0,3.0,3.0,0.0,0.0,1.0
86660.0,573750.0,26468.0,-15676.0,-1296.0,2.0,0.0,0.0,3.0,3.0,0.0,2.0,0.0,0.0,1.0
50120.0,335340.0,17888.0,-16931.0,-294.8,1.0,1.0,1.0,0.0,1.0,1.0,3.0,0.0,0.0,1.0
221410.0,1912815.0000000002,81107.0,-12248.0,-230.0,2.0,1.0,3.0,3.0,1.0,0.0,3.0,1.0,1.0,0.0
66220.0,489240.00000000006,24674.0,-18033.0,-1445.2,2.0,0.0,3.0,3.0,1.0,0.0,2.0,0.0,0.0,0.0
81340.0,431595.0,22230.0,-15147.0,-2654.0,2.0,1.0,3.0,0.0,1.0,0.0,3.0,0.0,0.0,0.0
115429.99999999999,700380.0,30459.0,-12096.0,-652.8000000000001,1.0,0.0,3.0,3.0,1.0,3.0,3.0,1.0,1.0,0.0
62789.99999999999,223965.00000000003,9347.0,-9765.0,-1782.0,1.0,0.0,3.0,3.0,0.0,0.0,3.0,0.0,0.0,1.0
118789.99999999999,1001700.0000000001,52260.0,-14596.0,-1527.0,2.0,0.0,1.0,3.0,1.0,0.0,3.0,1.0,1.0,1.0
56210.0,362880.0,21736.0,-10765.0,-1328.0,2.0,0.0,0.0,3.0,0.0,0.0,2.0,1.0,1.0,0.0
82250.0,462915.00000000006,26819.0,-20691.0,-1550.0,2.0,0.0,2.0,3.0,1.0,0.0,2.0,1.0,0.0,1.0
74130.0,318600.0,14521.0,-8346.0,-524.0,2.0,0.0,0.0,3.0,3.0,0.0,3.0,0.0,0.0,0.0
70000.0,360990.0,15210.0,-11330.0,-2882.0,5.0,0.0,1.0,3.0,0.0,0.0,3.0,0.0,0.0,1.0
129219.99999999999,568890.0,26910.0,-21373.0,-1135.6000000000001,1.0,1.0,3.0,3.0,1.0,0.0,2.0,0.0,0.0,1.0
99260.0,778680.0,47931.0,-14898.0,-2034.0,4.0,0.0,1.0,3.0,1.0,0.0,3.0,1.0,1.0,0.0
81340.0,402705.0,17316.0,-13849.0,-756.8000000000001,1.0,0.0,3.0,3.0,1.0,0.0,3.0,0.0,0.0,1.0
87360.0,394740.0,20969.0,-8599.0,-212.4,2.0,0.0,3.0,2.0,4.0,0.0,2.0,0.0,0.0,0.0
106540.0,775305.0,36153.0,-10048.0,-3025.0,1.0,0.0,1.0,0.0,1.0,0.0,3.0,0.0,0.0,1.0
213360.0,1448415.0,70161.0,-12338.0,-749.2,2.0,0.0,0.0,3.0,1.0,0.0,1.0,0.0,0.0,1.0
88130.0,517860.00000000006,33748.0,-19426.0,-281.0,2.0,0.0,0.0,3.0,1.0,0.0,3.0,0.0,1.0,1.0
156660.0,1020195.0000000001,57772.0,-12452.0,-297.0,2.0,0.0,3.0,0.0,1.0,0.0,3.0,0.0,1.0,1.0
111440.0,960255.0000000001,43966.0,-21676.0,-36.0,2.0,0.0,3.0,0.0,1.0,0.0,2.0,0.0,0.0,0.0
144410.0,932445.0000000001,57382.0,-23533.0,-3021.2000000000003,3.0,0.0,0.0,3.0,1.0,0.0,2.0,1.0,0.0,1.0
160370.0,733860.0,33176.0,-19151.0,-383.6,1.0,0.0,1.0,3.0,1.0,0.0,2.0,1.0,1.0,1.0
107100.0,515430.00000000006,27365.0,-13050.0,-1261.0,2.0,0.0,0.0,3.0,1.0,0.0,3.0,0.0,1.0,1.0
145460.0,506115.00000000006,25636.0,-20629.0,-2148.0,2.0,0.0,3.0,3.0,1.0,0.0,2.0,0.0,0.0,1.0
128589.99999999999,613980.0,27261.0,-16281.0,-5768.0,2.0,0.0,0.0,3.0,1.0,0.0,3.0,0.0,1.0,1.0
153650.0,1224585.0,66261.0,-17603.0,-3219.0,2.0,0.0,3.0,0.0,2.0,0.0,2.0,0.0,1.0,0.0
83160.0,485730.00000000006,31239.0,-12963.0,-1742.0,2.0,0.0,3.0,3.0,1.0,0.0,2.0,0.0,0.0,0.0
118229.99999999999,480195.00000000006,21177.0,-14560.0,-506.40000000000003,2.0,0.0,0.0,3.0,1.0,0.0,2.0,0.0,0.0,1.0
69930.0,523665.00000000006,31616.0,-21747.0,-100.4,2.0,0.0,1.0,0.0,1.0,0.0,2.0,0.0,1.0,1.0
68530.0,270945.0,12454.0,-13565.0,-2147.0,4.0,1.0,3.0,0.0,1.0,2.0,1.0,0.0,1.0,1.0
183960.0,930960.0000000001,39494.0,-12186.0,-849.2,2.0,0.0,3.0,3.0,1.0,0.0,3.0,0.0,0.0,1.0
246609.99999999997,900315.0000000001,52494.0,-14814.0,-66.8,5.0,0.0,3.0,3.0,1.0,3.0,3.0,0.0,1.0,1.0
148120.0,1122255.0,56251.0,-12283.0,-1168.0,3.0,0.0,1.0,3.0,1.0,0.0,3.0,1.0,0.0,0.0
129709.99999999999,886950.0000000001,54665.0,-19625.0,-5442.0,2.0,0.0,0.0,3.0,1.0,0.0,1.0,0.0,0.0,1.0
93660.0,496665.00000000006,20566.0,-10005.0,-569.0,3.0,0.0,1.0,3.0,3.0,0.0,3.0,0.0,0.0,1.0
58939.99999999999,287010.0,15327.0,-22234.0,-2514.0,2.0,0.0,3.0,3.0,1.0,1.0,2.0,1.0,1.0,0.0
81060.0,325620.0,18408.0,-10267.0,-638.0,1.0,1.0,2.0,3.0,4.0,3.0,3.0,0.0,1.0,1.0
69790.0,293895.0,14989.0,-9547.0,-549.0,2.0,0.0,1.0,3.0,3.0,0.0,3.0,0.0,0.0,1.0
116129.99999999999,864945.0,42601.0,-12668.0,-3082.0,1.0,1.0,2.0,3.0,1.0,0.0,2.0,0.0,0.0,1.0
297710.0,1209060.0,59553.0,-22014.0,-619.2,5.0,0.0,0.0,3.0,1.0,0.0,3.0,0.0,0.0,0.0
197330.0,1513350.0,61906.0,-11378.0,-1313.0,2.0,0.0,0.0,3.0,1.0,0.0,3.0,0.0,0.0,0.0
63979.99999999999,539865.0,29692.0,-21518.0,-2090.0,1.0,0.0,2.0,3.0,4.0,0.0,2.0,0.0,1.0,0.0
67130.0,243405.00000000003,10075.0,-21258.0,-2393.0,2.0,0.0,3.0,3.0,1.0,0.0,3.0,0.0,0.0,1.0
82460.0,433080.0,24674.0,-11727.0,-5152.0,1.0,0.0,3.0,3.0,1.0,0.0,1.0,0.0,0.0,1.0
218050.0,1334610.0,54340.0,-21580.0,-2241.0,2.0,0.0,1.0,3.0,1.0,0.0,1.0,0.0,1.0,0.0
59499.99999999999,507195.00000000006,26572.0,-19234.0,-104.80000000000001,1.0,1.0,1.0,3.0,0.0,0.0,3.0,1.0,0.0,0.0
43890.0,189945.0,7696.0,-13612.0,-685.2,5.0,0.0,0.0,3.0,1.0,0.0,3.0,0.0,1.0,1.0
41580.0,218970.0,14157.0,-19767.0,-5043.0,2.0,0.0,3.0,3.0,1.0,2.0,3.0,0.0,0.0,0.0
74410.0,308745.0,15444.0,-9558.0,-194.0,2.0,0.0,1.0,3.0,3.0,2.0,3.0,1.0,1.0,0.0
177380.0,1239975.0,56693.0,-16704.0,-4891.0,2.0,0.0,1.0,3.0,1.0,0.0,2.0,0.0,1.0,1.0
95480.0,702810.0,39767.0,-12737.0,-870.0,1.0,0.0,3.0,3.0,1.0,0.0,1.0,0.0,1.0,1.0
65519.99999999999,510570.00000000006,23413.0,-16747.0,-248.0,2.0,0.0,3.0,3.0,1.0,0.0,2.0,0.0,0.0,1.0
195300.0,779490.0,50284.0,-20485.0,-291.0,1.0,0.0,3.0,3.0,3.0,0.0,2.0,0.0,1.0,0.0
54460.0,431730.0,24063.0,-23283.0,-278.0,5.0,0.0,0.0,0.0,1.0,1.0,2.0,0.0,0.0,0.0
154140.0,594810.0,24622.0,-11032.0,-1344.0,3.0,0.0,0.0,3.0,1.0,0.0,1.0,0.0,1.0,1.0
149660.0,685665.0,28119.0,-20945.0,-758.0,2.0,1.0,1.0,3.0,1.0,0.0,3.0,1.0,1.0,0.0
210070.0,765720.0,46072.0,-13640.0,-2284.0,3.0,0.0,3.0,3.0,3.0,0.0,3.0,0.0,1.0,1.0
72800.0,372600.0,23803.0,-19482.0,-506.0,2.0,0.0,3.0,0.0,3.0,0.0,2.0,0.0,1.0,1.0
182140.0,1222020.0,58123.0,-18649.0,-873.6,1.0,0.0,3.0,3.0,0.0,0.0,3.0,0.0,1.0,1.0
71330.0,618300.0,25064.0,-9123.0,-1019.2,3.0,0.0,3.0,3.0,1.0,1.0,1.0,0.0,1.0,1.0
119769.99999999999,597375.0,25480.0,-19157.0,-449.20000000000005,2.0,0.0,3.0,3.0,1.0,0.0,3.0,0.0,0.0,1.0
152390.0,669600.0,42341.0,-8044.0,-713.0,3.0,0.0,1.0,3.0,1.0,0.0,2.0,1.0,1.0,0.0
62789.99999999999,409455.0,22802.0,-19373.0,-362.40000000000003,1.0,0.0,1.0,3.0,3.0,0.0,3.0,0.0,0.0,0.0
98910.0,402840.0,21021.0,-14540.0,-637.0,2.0,0.0,3.0,3.0,0.0,0.0,3.0,0.0,1.0,1.0
70980.0,517455.00000000006,24310.0,-9812.0,-484.0,1.0,0.0,3.0,3.0,1.0,1.0,2.0,0.0,0.0,1.0
96040.0,771120.0,49673.0,-17837.0,-2775.2000000000003,1.0,0.0,3.0,3.0,1.0,0.0,2.0,0.0,0.0,0.0
197330.0,1646730.0,92456.0,-13785.0,-36.0,2.0,0.0,3.0,3.0,0.0,0.0,2.0,0.0,0.0,1.0
144410.0,784080.0,36673.0,-12828.0,-138.8,2.0,0.0,1.0,3.0,1.0,0.0,3.0,0.0,0.0,0.0
73780.0,571320.0,37050.0,-22154.0,-460.0,4.0,1.0,1.0,3.0,1.0,2.0,3.0,0.0,1.0,1.0
53970.0,312390.0,18135.0,-14955.0,-611.0,2.0,0.0,3.0,3.0,1.0,3.0,3.0,1.0,1.0,1.0
171290.0,1161945.0,66066.0,-8598.0,-717.6,2.0,0.0,1.0,3.0,4.0,0.0,2.0,1.0,0.0,1.0
124599.99999999999,1002105.0000000001,41145.0,-15765.0,-982.4000000000001,2.0,1.0,3.0,3.0,1.0,0.0,3.0,1.0,0.0,1.0
42000.0,286200.0,14235.0,-21667.0,-1719.0,2.0,0.0,0.0,0.0,3.0,0.0,3.0,1.0,1.0,1.0
211820.0,741825.0,35061.0,-20951.0,-8418.0,3.0,0.0,0.0,0.0,1.0,0.0,2.0,1.0,1.0,1.0
119979.99999999999,890595.0000000001,43290.0,-21758.0,-631.2,5.0,0.0,3.0,3.0,3.0,3.0,3.0,1.0,0.0,0.0
52850.0,389745.0,19565.0,-12239.0,-1105.0,4.0,0.0,0.0,0.0,1.0,0.0,3.0,0.0,0.0,1.0
59989.99999999999,249345.00000000003,14859.0,-9227.0,-405.6,2.0,0.0,3.0,3.0,4.0,0.0,2.0,1.0,1.0,1.0
36330.0,244620.00000000003,10439.0,-17158.0,-1152.8,4.0,0.0,3.0,3.0,1.0,0.0,3.0,0.0,0.0,1.0
91840.0,455895.00000000006,21268.0,-17945.0,-70.0,2.0,0.0,3.0,3.0,0.0,0.0,2.0,0.0,1.0,0.0
80010.0,550530.0,35555.0,-11517.0,-679.0,1.0,0.0,3.0,0.0,3.0,0.0,3.0,0.0,0.0,0.0
78190.0,645300.0,35672.0,-18764.0,-3606.0,2.0,0.0,3.0,3.0,1.0,0.0,3.0,0.0,1.0,1.0
140490.0,691605.0,43875.0,-8403.0,-1829.0,2.0,0.0,1.0,3.0,1.0,0.0,3.0,0.0,0.0,1.0
48580.0,413235.0,24310.0,-20226.0,-1381.0,2.0,0.0,0.0,0.0,1.0,0.0,3.0,0.0,0.0,1.0
97650.0,351000.0,22035.0,-17769.0,-693.0,2.0,0.0,0.0,3.0,0.0,0.0,3.0,0.0,0.0,1.0
94850.0,775980.0,34554.0,-18859.0,-256.0,2.0,0.0,1.0,3.0,0.0,0.0,3.0,0.0,0.0,1.0
79310.0,399195.0,24063.0,-23692.0,-2816.0,4.0,0.0,0.0,3.0,1.0,0.0,3.0,0.0,1.0,1.0
55790.0,473580.00000000006,20176.0,-17143.0,-1134.0,3.0,0.0,0.0,3.0,4.0,0.0,3.0,0.0,0.0,1.0
48020.0,213030.0,12974.0,-23062.0,-1850.0,1.0,0.0,0.0,3.0,4.0,0.0,3.0,0.0,1.0,0.0
40390.0,307665.0,17121.0,-22110.0,-17.2,1.0,0.0,1.0,3.0,3.0,0.0,2.0,0.0,0.0,1.0
80290.0,541890.0,31304.0,-22277.0,-1245.2,4.0,0.0,3.0,3.0,2.0,0.0,2.0,0.0,0.0,0.0
184800.0,1160730.0,59735.0,-13093.0,-1442.0,2.0,1.0,3.0,3.0,4.0,0.0,3.0,1.0,0.0,1.0
265230.0,2253555.0,95329.0,-15606.0,-4304.0,2.0,0.0,3.0,0.0,2.0,0.0,3.0,0.0,0.0,1.0
122639.99999999999,904500.0000000001,39247.0,-18785.0,-972.0,2.0,0.0,1.0,1.0,1.0,1.0,3.0,0.0,1.0,0.0
105770.0,400410.0,19357.0,-14185.0,-3483.0,3.0,0.0,0.0,0.0,3.0,0.0,3.0,0.0,0.0,1.0
186690.0,980640.0000000001,61672.0,-14267.0,-730.8000000000001,2.0,0.0,3.0,3.0,1.0,0.0,3.0,0.0,0.0,1.0
44170.0,324135.0,15210.0,-20120.0,-150.4,3.0,0.0,3.0,0.0,1.0,0.0,2.0,0.0,1.0,1.0
176190.0,1295325.0,74295.0,-14234.0,-123.60000000000001,2.0,0.0,3.0,3.0,1.0,0.0,3.0,1.0,1.0,1.0
187600.0,1269945.0,64948.0,-16427.0,-927.0,2.0,0.0,3.0,3.0,4.0,0.0,1.0,0.0,0.0,0.0
143010.0,945540.0000000001,39403.0,-15249.0,-463.0,2.0,0.0,1.0,3.0,1.0,0.0,3.0,0.0,0.0,1.0
182210.0,1190160.0,54847.0,-14134.0,-305.0,3.0,0.0,1.0,0.0,1.0,0.0,2.0,0.0,1.0,1.0
112280.0,583200.0,29731.0,-15864.0,-143.20000000000002,2.0,1.0,0.0,0.0,3.0,0.0,2.0,0.0,0.0,1.0
50260.0,240435.00000000003,10699.0,-11045.0,-1237.0,1.0,0.0,3.0,0.0,1.0,2.0,3.0,0.0,0.0,1.0
157080.0,1225395.0,55783.0,-17249.0,-1321.0,2.0,0.0,1.0,3.0,0.0,0.0,2.0,0.0,0.0,1.0
95690.0,393795.0,23023.0,-11511.0,-87.0,2.0,0.0,1.0,3.0,1.0,0.0,2.0,0.0,1.0,1.0
156240.0,692010.0,37349.0,-9548.0,-615.0,2.0,0.0,3.0,3.0,2.0,0.0,2.0,0.0,0.0,1.0
62159.99999999999,378945.0,21099.0,-19685.0,-158.0,2.0,0.0,3.0,3.0,3.0,0.0,2.0,0.0,0.0,0.0
159390.0,993195.0000000001,46371.0,-22453.0,-204.0,2.0,0.0,2.0,3.0,1.0,0.0,2.0,0.0,0.0,1.0
128799.99999999999,484785.00000000006,30342.0,-10668.0,-394.40000000000003,5.0,0.0,1.0,3.0,1.0,0.0,1.0,0.0,1.0,1.0
163520.0,620325.0,30173.0,-22585.0,-1893.0,2.0,0.0,3.0,3.0,1.0,0.0,2.0,1.0,0.0,1.0
150500.0,1158165.0,57161.0,-17301.0,-354.8,2.0,0.0,1.0,3.0,3.0,0.0,3.0,0.0,0.0,1.0
61529.99999999999,385155.0,24674.0,-11486.0,-126.80000000000001,4.0,0.0,2.0,3.0,1.0,0.0,3.0,0.0,0.0,0.0
132580.0,610335.0,39221.0,-15552.0,-157.20000000000002,2.0,0.0,2.0,0.0,0.0,0.0,2.0,0.0,1.0,1.0
76580.0,556335.0,28301.0,-14083.0,-103.2,2.0,0.0,3.0,3.0,1.0,0.0,1.0,1.0,0.0,1.0
223300.0,1759050.0,77532.0,-14125.0,-74.0,2.0,0.0,0.0,3.0,0.0,1.0,3.0,0.0,0.0,1.0
78260.0,530280.0,33969.0,-16081.0,-1805.0,2.0,0.0,0.0,3.0,0.0,0.0,2.0,0.0,1.0,1.0
129569.99999999999,825525.0,48438.0,-15612.0,-2217.0,2.0,0.0,1.0,3.0,1.0,0.0,2.0,0.0,0.0,1.0
224560.0,1737720.0,94614.0,-19757.0,-49.6,2.0,0.0,2.0,3.0,4.0,0.0,2.0,1.0,1.0,1.0
135030.0,771930.0,34164.0,-15678.0,-280.0,1.0,0.0,1.0,3.0,1.0,0.0,2.0,0.0,0.0,1.0
88550.0,761670.0,41574.0,-15554.0,-1839.0,1.0,0.0,1.0,3.0,1.0,0.0,3.0,0.0,1.0,1.0
92750.0,728055.0,30186.0,-19284.0,-19.200000000000003,2.0,0.0,3.0,3.0,1.0,0.0,3.0,0.0,1.0,1.0
277760.0,2148930.0,101777.0,-8636.0,-1876.0,2.0,0.0,3.0,0.0,1.0,1.0,3.0,1.0,0.0,1.0
83020.0,709155.0,42419.0,-15179.0,-95.60000000000001,2.0,0.0,0.0,3.0,3.0,0.0,3.0,0.0,0.0,1.0
59359.99999999999,430110.0,27820.0,-9287.0,-1121.0,2.0,0.0,0.0,3.0,1.0,0.0,1.0,0.0,0.0,0.0
48580.0,266085.0,12428.0,-16782.0,-275.0,2.0,0.0,3.0,0.0,1.0,0.0,3.0,0.0,0.0,1.0
141750.0,845775.0,47398.0,-19278.0,-2160.8,2.0,0.0,2.0,0.0,1.0,0.0,3.0,1.0,0.0,1.0
109130.0,839295.0,50856.0,-21912.0,-1004.4000000000001,1.0,0.0,3.0,1.0,1.0,0.0,3.0,0.0,0.0,1.0
86940.0,635715.0,30537.0,-19856.0,-986.0,3.0,0.0,3.0,3.0,1.0,0.0,3.0,0.0,0.0,1.0
93870.0,574155.0,25649.0,-8020.0,-1446.0,1.0,1.0,2.0,3.0,1.0,0.0,2.0,0.0,1.0,0.0
274050.0,1697625.0,69472.0,-21794.0,-5723.0,4.0,1.0,3.0,3.0,4.0,0.0,3.0,0.0,1.0,1.0
79240.0,434970.0,24141.0,-18981.0,-3106.0,2.0,0.0,3.0,0.0,1.0,0.0,1.0,1.0,1.0,0.0
68250.0,534735.0,25883.0,-21580.0,-715.6,3.0,0.0,3.0,0.0,1.0,0.0,1.0,0.0,0.0,1.0
215880.0,1676295.0,76284.0,-17000.0,-617.2,3.0,0.0,3.0,3.0,1.0,0.0,3.0,0.0,0.0,1.0
43750.0,222075.00000000003,9997.0,-22383.0,-820.0,2.0,0.0,1.0,3.0,1.0,0.0,3.0,0.0,0.0,1.0
73010.0,257175.00000000003,12857.0,-14612.0,-217.20000000000002,2.0,0.0,0.0,0.0,1.0,0.0,2.0,0.0,0.0,1.0
53410.0,278910.0,14677.0,-22135.0,-495.0,2.0,0.0,3.0,3.0,1.0,0.0,3.0,0.0,1.0,1.0
315210.0,2384370.0,97734.0,-12800.0,-1383.0,1.0,1.0,3.0,3.0,1.0,0.0,2.0,1.0,0.0,1.0
76020.0,456975.00000000006,27989.0,-19138.0,-251.0,3.0,0.0,0.0,0.0,4.0,0.0,2.0,1.0,1.0,1.0
108080.0,603720.0,33930.0,-18478.0,-451.20000000000005,2.0,1.0,3.0,3.0,2.0,0.0,3.0,1.0,1.0,1.0
73850.0,329670.0,18525.0,-19900.0,-1467.0,1.0,0.0,3.0,3.0,3.0,0.0,3.0,0.0,0.0,1.0
32059.999999999996,238275.00000000003,15418.0,-12869.0,-534.0,2.0,0.0,0.0,0.0,1.0,2.0,2.0,0.0,0.0,0.0
132230.0,898560.0000000001,45916.0,-23032.0,-6185.0,1.0,0.0,3.0,3.0,1.0,0.0,3.0,0.0,0.0,1.0
120539.99999999999,906120.0000000001,51129.0,-16542.0,-232.0,3.0,0.0,3.0,3.0,3.0,0.0,2.0,0.0,0.0,0.0
44100.0,298485.0,18733.0,-21538.0,-183.60000000000002,2.0,0.0,3.0,0.0,1.0,0.0,2.0,0.0,1.0,0.0
66430.0,242595.00000000003,15262.0,-21528.0,-1118.0,2.0,0.0,3.0,3.0,1.0,0.0,3.0,0.0,0.0,1.0
146860.0,987660.0000000001,42692.0,-14039.0,-760.0,2.0,0.0,3.0,3.0,1.0,0.0,3.0,1.0,1.0,1.0
170520.0,1416150.0,60554.0,-23607.0,-884.4000000000001,3.0,0.0,1.0,3.0,1.0,0.0,3.0,0.0,0.0,1.0
66080.0,520425.00000000006,26559.0,-19115.0,-323.20000000000005,1.0,0.0,3.0,1.0,1.0,0.0,2.0,1.0,0.0,0.0
118859.99999999999,547965.0,25688.0,-21994.0,-1150.0,2.0,0.0,3.0,3.0,0.0,0.0,2.0,0.0,0.0,1.0
70070.0,447120.00000000006,28795.0,-22857.0,-560.8000000000001,2.0,0.0,3.0,3.0,1.0,3.0,1.0,0.0,0.0,1.0
73080.0,395415.0,17251.0,-12648.0,-436.8,1.0,0.0,3.0,0.0,1.0,0.0,3.0,0.0,0.0,1.0
210420.0,1651590.0,93847.0,-17994.0,-706.0,2.0,0.0,3.0,3.0,4.0,0.0,2.0,0.0,1.0,1.0
90510.0,644355.0,31850.0,-12846.0,-358.8,2.0,1.0,3.0,0.0,1.0,0.0,2.0,0.0,0.0,1.0
281470.0,2421765.0,133848.0,-20873.0,-847.6,1.0,1.0,1.0,3.0,0.0,0.0,3.0,0.0,0.0,0.0
99960.0,533925.0,26884.0,-22293.0,-3159.0,2.0,0.0,3.0,3.0,1.0,0.0,3.0,1.0,0.0,1.0
74830.0,613170.0,34645.0,-23020.0,-25.6,2.0,0.0,3.0,3.0,1.0,0.0,3.0,0.0,0.0,1.0
212520.0,1650240.0,68614.0,-14628.0,-2173.0,2.0,0.0,3.0,3.0,1.0,0.0,3.0,0.0,0.0,0.0
90930.0,747630.0,33943.0,-17189.0,-468.40000000000003,3.0,0.0,1.0,3.0,1.0,0.0,2.0,0.0,1.0,1.0
230229.99999999997,978480.0000000001,44967.0,-22308.0,-1373.2,2.0,0.0,0.0,3.0,2.0,0.0,3.0,1.0,0.0,0.0
64539.99999999999,418230.0,21788.0,-17006.0,-1152.0,2.0,0.0,1.0,3.0,1.0,0.0,3.0,1.0,0.0,1.0
220920.0,1760670.0,96525.0,-9368.0,-2793.0,3.0,0.0,1.0,3.0,3.0,0.0,3.0,0.0,1.0,0.0
93590.0,620730.0,35555.0,-22555.0,-823.0,3.0,0.0,0.0,0.0,1.0,0.0,3.0,0.0,0.0,0.0
103810.0,761130.0,34749.0,-12481.0,-534.0,1.0,0.0,0.0,3.0,1.0,3.0,3.0,0.0,1.0,1.0
411460.0,2700135.0,120471.0,-12119.0,-5544.0,3.0,0.0,3.0,0.0,1.0,3.0,2.0,0.0,0.0,1.0
123829.99999999999,818640.0,52871.0,-22204.0,-437.6,1.0,0.0,2.0,3.0,4.0,0.0,3.0,0.0,0.0,1.0
113260.0,491670.00000000006,24713.0,-9315.0,-880.8000000000001,3.0,0.0,1.0,3.0,0.0,0.0,2.0,0.0,1.0,1.0
130549.99999999999,967410.0000000001,52143.0,-14257.0,-3165.0,1.0,0.0,3.0,3.0,3.0,0.0,3.0,0.0,0.0,1.0
146860.0,1249425.0,79599.0,-14930.0,-832.0,3.0,1.0,3.0,3.0,1.0,0.0,2.0,0.0,1.0,0.0
148260.0,610605.0,28080.0,-10811.0,-335.0,1.0,0.0,1.0,3.0,3.0,2.0,3.0,0.0,0.0,0.0
170380.0,772605.0,32656.0,-18057.0,-1233.0,4.0,0.0,0.0,3.0,1.0,0.0,1.0,1.0,0.0,1.0
61879.99999999999,276210.0,14261.0,-10474.0,-170.8,3.0,0.0,0.0,3.0,1.0,0.0,3.0,0.0,0.0,0.0
104860.0,469665.00000000006,26936.0,-17847.0,-798.0,1.0,1.0,3.0,3.0,1.0,0.0,3.0,1.0,0.0,1.0
144620.0,1115640.0,68692.0,-9239.0,-563.6,1.0,0.0,0.0,3.0,1.0,0.0,2.0,0.0,0.0,1.0
79520.0,587115.0,27235.0,-14133.0,-1567.0,1.0,0.0,3.0,3.0,1.0,0.0,2.0,0.0,0.0,0.0
104090.0,380700.0,18005.0,-14555.0,-504.0,2.0,0.0,0.0,3.0,3.0,0.0,2.0,1.0,0.0,1.0
93800.0,691470.0,42263.0,-19750.0,-978.0,1.0,1.0,3.0,0.0,0.0,0.0,3.0,0.0,0.0,1.0
104020.0,408915.0,23517.0,-8221.0,-1646.0,2.0,0.0,3.0,3.0,0.0,0.0,3.0,1.0,1.0,1.0
119769.99999999999,493290.00000000006,29575.0,-21860.0,-1171.0,1.0,0.0,0.0,3.0,1.0,0.0,2.0,0.0,0.0,0.0
109270.0,711720.0,41067.0,-18938.0,-135.6,2.0,0.0,3.0,3.0,1.0,0.0,3.0,0.0,0.0,1.0
134890.0,580635.0,35711.0,-11018.0,-2381.0,4.0,0.0,0.0,3.0,3.0,0.0,2.0,0.0,0.0,0.0
230019.99999999997,1973295.0000000002,116870.0,-8231.0,-1514.0,4.0,0.0,0.0,1.0,3.0,0.0,2.0,0.0,1.0,1.0
125439.99999999999,823905.0,46046.0,-12448.0,-285.0,1.0,1.0,3.0,0.0,3.0,0.0,3.0,0.0,0.0,1.0
149940.0,542025.0,24245.0,-21139.0,-1906.0,2.0,0.0,0.0,0.0,1.0,0.0,3.0,0.0,0.0,0.0
78750.0,627615.0,27378.0,-22131.0,-842.0,2.0,0.0,3.0,3.0,1.0,0.0,2.0,0.0,0.0,0.0
364070.0,2654640.0,127413.0,-18403.0,-604.0,1.0,0.0,1.0,3.0,1.0,0.0,1.0,0.0,1.0,0.0
80710.0,691200.0,37960.0,-17844.0,-186.4,2.0,0.0,0.0,3.0,0.0,0.0,2.0,0.0,0.0,0.0
200480.0,1376595.0,86671.0,-20834.0,-2152.0,2.0,0.0,1.0,3.0,4.0,0.0,3.0,1.0,0.0,1.0
117459.99999999999,552420.0,23530.0,-15889.0,-198.8,4.0,0.0,1.0,3.0,1.0,0.0,3.0,1.0,0.0,1.0
69020.0,253260.00000000003,12766.0,-19232.0,-977.2,1.0,0.0,3.0,3.0,1.0,0.0,2.0,1.0,1.0,1.0
112350.0,799065.0,49088.0,-22741.0,-4263.0,3.0,0.0,0.0,3.0,1.0,0.0,3.0,0.0,0.0,1.0
124809.99999999999,433350.0,18018.0,-22853.0,-785.0,2.0,0.0,1.0,3.0,1.0,0.0,3.0,0.0,0.0,1.0
206360.0,898560.0000000001,58708.0,-18010.0,-437.0,2.0,1.0,0.0,3.0,1.0,0.0,3.0,0.0,0.0,0.0
196490.0,1612440.0,88192.0,-11547.0,-2865.0,1.0,0.0,3.0,0.0,4.0,0.0,2.0,0.0,1.0,1.0
56490.0,248400.00000000003,13169.0,-13230.0,-2063.0,3.0,0.0,0.0,3.0,1.0,0.0,2.0,0.0,0.0,1.0
123689.99999999999,457515.00000000006,29211.0,-12001.0,-172.0,5.0,0.0,1.0,0.0,3.0,0.0,3.0,1.0,1.0,1.0
118579.99999999999,412290.0,25753.0,-22687.0,-422.40000000000003,2.0,0.0,3.0,3.0,1.0,0.0,1.0,0.0,1.0,1.0
148190.0,916785.0000000001,51571.0,-22668.0,-36.0,2.0,0.0,0.0,3.0,1.0,1.0,3.0,0.0,1.0,1.0
49140.0,364905.0,17277.0,-17831.0,-519.0,2.0,0.0,3.0,0.0,0.0,0.0,2.0,0.0,0.0,0.0
63909.99999999999,271080.0,16250.0,-7816.0,-1241.0,1.0,0.0,1.0,3.0,3.0,0.0,3.0,0.0,0.0,1.0
141190.0,1119150.0,57707.0,-14060.0,-1898.0,2.0,0.0,3.0,3.0,1.0,0.0,2.0,0.0,0.0,1.0
67340.0,351945.0,19851.0,-18298.0,-144.4,4.0,0.0,1.0,3.0,1.0,0.0,2.0,0.0,0.0,1.0
76790.0,470880.00000000006,23790.0,-22944.0,-913.0,1.0,0.0,3.0,0.0,1.0,0.0,3.0,1.0,0.0,0.0
66850.0,281205.0,16458.0,-18128.0,-2315.2000000000003,2.0,1.0,1.0,2.0,1.0,0.0,2.0,0.0,0.0,1.0
63279.99999999999,259740.00000000003,11765.0,-10143.0,-689.0,2.0,0.0,3.0,3.0,0.0,0.0,2.0,1.0,0.0,1.0
31499.999999999996,258525.00000000003,14690.0,-17079.0,-455.0,1.0,0.0,3.0,3.0,3.0,0.0,2.0,0.0,0.0,1.0
61809.99999999999,473715.00000000006,26286.0,-8768.0,-1844.0,1.0,1.0,3.0,0.0,3.0,0.0,2.0,0.0,0.0,1.0
67900.0,526500.0,28340.0,-22231.0,-388.8,3.0,0.0,0.0,0.0,1.0,0.0,2.0,0.0,0.0,1.0
115359.99999999999,429840.0,19214.0,-21606.0,-833.6,2.0,0.0,3.0,3.0,3.0,0.0,2.0,0.0,0.0,0.0
52150.0,183600.0,8190.0,-13776.0,-565.6,1.0,0.0,0.0,3.0,1.0,0.0,2.0,0.0,1.0,1.0
54740.0,327105.0,13585.0,-8775.0,-883.0,2.0,1.0,1.0,0.0,1.0,0.0,3.0,0.0,1.0,0.0
60339.99999999999,269325.0,16107.0,-16615.0,-6538.0,4.0,0.0,2.0,3.0,1.0,0.0,1.0,0.0,0.0,1.0
52570.0,186705.0,12077.0,-11820.0,-314.0,2.0,0.0,3.0,1.0,3.0,0.0,3.0,0.0,0.0,0.0
63349.99999999999,386505.0,18577.0,-8085.0,-519.6,2.0,0.0,0.0,3.0,1.0,0.0,1.0,0.0,0.0,0.0
77840.0,434025.0,18798.0,-21780.0,-1022.0,5.0,0.0,3.0,3.0,3.0,0.0,3.0,1.0,0.0,1.0
97930.0,517455.00000000006,27690.0,-20941.0,-268.8,1.0,0.0,0.0,3.0,1.0,0.0,3.0,0.0,1.0,1.0
158480.0,661905.0,40092.0,-10173.0,-2252.0,2.0,0.0,3.0,3.0,1.0,0.0,3.0,0.0,0.0,1.0
239119.99999999997,1971135.0000000002,111774.0,-17470.0,-207.0,2.0,0.0,1.0,3.0,1.0,0.0,2.0,0.0,1.0,1.0
81550.0,686475.0,41301.0,-7819.0,-498.0,2.0,0.0,3.0,3.0,1.0,0.0,1.0,0.0,0.0,0.0
148260.0,1200690.0,76934.0,-10591.0,-909.6,4.0,0.0,0.0,0.0,3.0,0.0,3.0,0.0,1.0,0.0
153090.0,552150.0,32734.0,-11524.0,-4249.0,1.0,0.0,1.0,3.0,1.0,0.0,2.0,1.0,1.0,1.0
134400.0,723465.0,34086.0,-18834.0,-431.6,2.0,0.0,0.0,3.0,1.0,0.0,3.0,1.0,1.0,0.0
48650.0,261900.00000000003,10777.0,-17851.0,-1174.8,1.0,1.0,3.0,3.0,1.0,0.0,2.0,0.0,0.0,0.0
138110.0,689850.0,31733.0,-19251.0,-70.0,1.0,0.0,3.0,3.0,0.0,0.0,2.0,0.0,0.0,0.0
198100.0,1089315.0,67431.0,-9007.0,-2433.0,5.0,0.0,0.0,3.0,1.0,0.0,3.0,0.0,0.0,0.0
66570.0,336015.0,20644.0,-22312.0,-456.0,1.0,0.0,0.0,3.0,1.0,3.0,1.0,1.0,0.0,0.0
67760.0,342225.0,15119.0,-8830.0,-953.0,3.0,0.0,3.0,3.0,1.0,0.0,2.0,0.0,0.0,0.0
120609.99999999999,909495.0000000001,48997.0,-7977.0,-117.2,4.0,0.0,1.0,0.0,1.0,0.0,2.0,0.0,0.0,1.0
237859.99999999997,1576935.0,91572.0,-16988.0,-180.4,1.0,0.0,2.0,3.0,3.0,0.0,3.0,0.0,0.0,1.0
120399.99999999999,693090.0,42484.0,-18260.0,-250.0,5.0,0.0,3.0,3.0,1.0,0.0,1.0,0.0,1.0,0.0
130269.99999999999,862245.0,45149.0,-13773.0,-264.0,2.0,0.0,3.0,1.0,1.0,0.0,2.0,0.0,0.0,1.0
92610.0,786510.0,35659.0,-13308.0,-2762.0,2.0,0.0,0.0,3.0,1.0,0.0,2.0,0.0,1.0,1.0
135940.0,854550.0,52234.0,-9939.0,-286.0,2.0,0.0,3.0,3.0,1.0,0.0,3.0,0.0,1.0,0.0
75250.0,389340.0,21957.0,-15798.0,-231.60000000000002,2.0,0.0,1.0,0.0,0.0,0.0,2.0,1.0,1.0,0.0
152110.0,972945.0000000001,63115.0,-19701.0,-1547.0,2.0,0.0,3.0,3.0,1.0,0.0,3.0,0.0,0.0,1.0
142310.0,945000.0000000001,60541.0,-10863.0,-983.2,1.0,0.0,3.0,3.0,0.0,3.0,3.0,0.0,0.0,0.0
100170.0,868050.0,42055.0,-12481.0,-382.0,3.0,0.0,1.0,0.0,1.0,0.0,2.0,0.0,1.0,1.0
31499.999999999996,233820.00000000003,11258.0,-21600.0,-950.8000000000001,2.0,0.0,3.0,3.0,0.0,2.0,2.0,0.0,0.0,1.0
360360.0,2384640.0,133003.0,-18979.0,-3784.4,3.0,0.0,0.0,1.0,1.0,0.0,1.0,0.0,0.0,1.0
73010.0,607770.0,36491.0,-10733.0,-313.20000000000005,1.0,0.0,0.0,3.0,1.0,3.0,3.0,0.0,1.0,1.0
104720.0,589275.0,30030.0,-13900.0,-1018.0,1.0,0.0,3.0,3.0,0.0,0.0,3.0,1.0,0.0,1.0
84070.0,411480.0,26026.0,-23723.0,-1153.0,2.0,0.0,3.0,3.0,2.0,0.0,2.0,0.0,0.0,0.0
31499.999999999996,157005.0,9685.0,-11336.0,-3904.0,1.0,0.0,1.0,3.0,1.0,0.0,1.0,0.0,0.0,0.0
97090.0,579825.0,37765.0,-11487.0,-3179.0,3.0,1.0,1.0,3.0,1.0,0.0,3.0,0.0,0.0,1.0
104790.0,487755.00000000006,29874.0,-21349.0,-89.60000000000001,2.0,0.0,3.0,3.0,1.0,0.0,2.0,0.0,0.0,1.0
77770.0,663390.0,27989.0,-11390.0,-101.60000000000001,2.0,0.0,3.0,3.0,2.0,0.0,2.0,0.0,1.0,1.0
102200.0,756000.0,37895.0,-17597.0,-7538.0,2.0,0.0,1.0,3.0,1.0,0.0,3.0,0.0,1.0,0.0
121799.99999999999,520155.00000000006,27989.0,-14990.0,-1123.6000000000001,2.0,0.0,3.0,3.0,1.0,3.0,2.0,1.0,0.0,1.0
121239.99999999999,1005750.0000000001,64506.0,-14466.0,-2226.0,1.0,0.0,1.0,3.0,3.0,0.0,3.0,0.0,0.0,0.0
62229.99999999999,270135.0,12298.0,-12395.0,-966.4000000000001,3.0,0.0,3.0,0.0,2.0,0.0,3.0,0.0,1.0,0.0
70700.0,588870.0,31369.0,-19205.0,-2870.0,3.0,0.0,3.0,3.0,1.0,0.0,1.0,0.0,1.0,1.0
93520.0,661230.0,27456.0,-11938.0,-184.8,3.0,0.0,0.0,3.0,3.0,0.0,2.0,0.0,0.0,1.0
105280.0,807975.0,37622.0,-13118.0,-2749.0,3.0,1.0,2.0,3.0,1.0,0.0,2.0,1.0,1.0,1.0
99120.0,416475.0,23738.0,-23736.0,-1125.0,5.0,1.0,3.0,3.0,3.0,0.0,2.0,1.0,0.0,1.0
191170.0,669330.0,34151.0,-8904.0,-1232.0,1.0,0.0,0.0,3.0,1.0,0.0,2.0,0.0,0.0,1.0
113470.0,839025.0,37323.0,-16644.0,-300.40000000000003,1.0,0.0,3.0,0.0,1.0,0.0,2.0,0.0,0.0,1.0
63839.99999999999,226935.00000000003,10387.0,-19937.0,-1460.0,1.0,0.0,0.0,2.0,4.0,0.0,2.0,0.0,1.0,1.0
95060.0,342090.0,21125.0,-18841.0,-2627.0,3.0,0.0,3.0,3.0,1.0,0.0,2.0,0.0,0.0,1.0
153020.0,1024785.0000000001,51090.0,-22658.0,-3055.0,5.0,0.0,3.0,3.0,1.0,0.0,3.0,0.0,0.0,1.0
31499.999999999996,160920.0,6942.0,-14966.0,-1528.0,1.0,0.0,3.0,0.0,1.0,0.0,2.0,0.0,1.0,0.0
206220.0,1675620.0,94107.0,-9584.0,-1048.0,2.0,1.0,3.0,3.0,0.0,0.0,2.0,0.0,0.0,1.0
54600.0,260145.00000000003,13481.0,-15292.0,-1920.0,2.0,0.0,3.0,3.0,1.0,0.0,3.0,0.0,0.0,0.0
62369.99999999999,310635.0,16679.0,-21106.0,-1300.0,3.0,0.0,3.0,0.0,1.0,0.0,2.0,0.0,0.0,0.0
68320.0,430110.0,24401.0,-12024.0,-890.0,2.0,0.0,3.0,3.0,1.0,0.0,2.0,0.0,0.0,1.0
72800.0,420660.0,24882.0,-16536.0,-1049.0,1.0,0.0,3.0,1.0,1.0,0.0,2.0,0.0,1.0,1.0
111230.0,546210.0,24466.0,-10398.0,-1003.2,4.0,0.0,2.0,0.0,4.0,0.0,3.0,0.0,0.0,1.0
82600.0,577935.0,26559.0,-23044.0,-597.6,3.0,1.0,1.0,0.0,1.0,0.0,3.0,0.0,1.0,0.0
71610.0,394605.0,19292.0,-20717.0,-2540.0,1.0,1.0,2.0,3.0,1.0,0.0,3.0,1.0,1.0,0.0
115779.99999999999,623970.0,26585.0,-15552.0,-3049.0,2.0,0.0,2.0,3.0,1.0,0.0,3.0,0.0,0.0,0.0
177800.0,945000.0000000001,57733.0,-22662.0,-4939.0,3.0,0.0,3.0,3.0,0.0,0.0,2.0,0.0,0.0,0.0
287560.0,1265355.0,69368.0,-11614.0,-1061.0,2.0,0.0,3.0,3.0,1.0,0.0,2.0,0.0,1.0,1.0
167510.0,666090.0,29133.0,-9177.0,-698.8000000000001,2.0,0.0,0.0,0.0,0.0,0.0,2.0,0.0,0.0,0.0
42490.0,304290.0,14183.0,-22149.0,-266.8,3.0,0.0,0.0,3.0,0.0,0.0,2.0,0.0,0.0,0.0
138950.0,549585.0,26494.0,-16245.0,-1948.0,1.0,0.0,1.0,0.0,1.0,0.0,2.0,0.0,0.0,1.0
128029.99999999999,1052730.0,58877.0,-9699.0,-652.0,1.0,0.0,3.0,3.0,3.0,0.0,3.0,0.0,0.0,1.0
105980.0,530415.0,31148.0,-13368.0,-556.0,2.0,0.0,3.0,3.0,1.0,0.0,3.0,0.0,0.0,1.0
185150.0,1303290.0,64831.0,-9912.0,-26.8,3.0,0.0,1.0,3.0,0.0,0.0,2.0,0.0,0.0,1.0
101640.0,863865.0,41093.0,-11845.0,-2015.0,3.0,0.0,0.0,3.0,1.0,3.0,3.0,0.0,1.0,1.0
176540.0,827685.0,46462.0,-13649.0,-2637.0,1.0,0.0,0.0,3.0,1.0,0.0,2.0,0.0,1.0,1.0
85820.0,460350.00000000006,23348.0,-8457.0,-406.0,1.0,0.0,3.0,0.0,0.0,0.0,3.0,0.0,1.0,1.0
256969.99999999997,1477035.0,75036.0,-14346.0,-686.0,5.0,0.0,3.0,0.0,1.0,0.0,2.0,0.0,0.0,1.0
125999.99999999999,586575.0,30290.0,-21412.0,-316.0,3.0,0.0,3.0,3.0,3.0,0.0,2.0,0.0,0.0,1.0
156170.0,929205.0000000001,57083.0,-14336.0,-1412.0,2.0,0.0,3.0,3.0,4.0,0.0,2.0,0.0,0.0,0.0
122639.99999999999,954045.0000000001,43160.0,-17728.0,-7704.0,2.0,0.0,1.0,3.0,3.0,0.0,3.0,0.0,0.0,1.0
65940.0,392850.0,22269.0,-7791.0,-424.8,2.0,0.0,3.0,0.0,3.0,0.0,2.0,0.0,1.0,1.0
32619.999999999996,129465.00000000001,6227.0,-18695.0,-1779.0,3.0,0.0,3.0,0.0,1.0,1.0,2.0,0.0,1.0,1.0
173810.0,1242135.0,69966.0,-22498.0,-1784.0,2.0,0.0,0.0,3.0,1.0,0.0,1.0,1.0,0.0,1.0
39970.0,179145.0,9386.0,-16735.0,-1392.0,2.0,0.0,2.0,3.0,1.0,0.0,3.0,1.0,0.0,1.0
154910.0,801630.0,49062.0,-10803.0,-1036.0,2.0,0.0,3.0,3.0,1.0,0.0,3.0,0.0,1.0,1.0
108990.0,616950.0,34203.0,-8862.0,-2287.0,2.0,0.0,3.0,3.0,0.0,0.0,3.0,0.0,0.0,1.0
91280.0,561060.0,26520.0,-17256.0,-391.0,2.0,0.0,0.0,3.0,1.0,0.0,3.0,0.0,0.0,0.0
168280.0,913680.0000000001,55705.0,-19855.0,-1618.0,2.0,0.0,0.0,3.0,1.0,0.0,2.0,0.0,0.0,1.0
231349.99999999997,887085.0000000001,40755.0,-19778.0,-1800.0,2.0,0.0,3.0,3.0,1.0,0.0,3.0,0.0,0.0,1.0
70140.0,383940.0,24336.0,-18091.0,-1141.6000000000001,3.0,0.0,2.0,3.0,1.0,0.0,2.0,0.0,0.0,1.0
83510.0,348300.0,21203.0,-21356.0,-1926.0,2.0,0.0,0.0,3.0,1.0,0.0,2.0,1.0,0.0,1.0
203420.0,1717200.0,84227.0,-13154.0,-1173.2,1.0,0.0,1.0,3.0,1.0,0.0,2.0,0.0,1.0,1.0
67620.0,376920.0,17212.0,-13164.0,-4785.0,1.0,0.0,0.0,3.0,1.0,0.0,2.0,0.0,0.0,0.0
175210.0,621675.0,37713.0,-10333.0,-1000.0,3.0,0.0,3.0,3.0,1.0,0.0,3.0,0.0,1.0,1.0
128799.99999999999,1078650.0,59111.0,-22283.0,-86.80000000000001,1.0,0.0,3.0,3.0,1.0,0.0,3.0,0.0,0.0,1.0
88830.0,542835.0,34385.0,-10964.0,-4389.0,1.0,0.0,1.0,3.0,1.0,0.0,3.0,0.0,1.0,1.0
87150.0,442395.00000000006,21190.0,-18600.0,-449.20000000000005,1.0,0.0,1.0,3.0,3.0,0.0,3.0,0.0,1.0,1.0
70840.0,289710.0,16094.0,-16298.0,-3062.0,2.0,0.0,3.0,0.0,1.0,2.0,3.0,0.0,0.0,0.0
91980.0,462375.00000000006,23166.0,-14384.0,-1607.0,1.0,0.0,3.0,3.0,1.0,0.0,2.0,0.0,0.0,0.0
174160.0,1469745.0,81835.0,-23650.0,-218.0,2.0,0.0,1.0,3.0,1.0,0.0,3.0,0.0,1.0,0.0
59499.99999999999,403245.0,19474.0,-22442.0,-435.0,1.0,0.0,0.0,3.0,1.0,0.0,2.0,1.0,0.0,1.0
173810.0,998460.0000000001,60684.0,-8553.0,-1979.0,2.0,0.0,3.0,3.0,0.0,0.0,3.0,0.0,0.0,0.0
127819.99999999999,1076895.0,56433.0,-12642.0,-443.20000000000005,2.0,0.0,3.0,0.0,1.0,0.0,2.0,1.0,0.0,1.0
66430.0,370575.0,23738.0,-7804.0,-289.6,1.0,0.0,0.0,3.0,3.0,0.0,2.0,0.0,0.0,1.0
346220.0,1628235.0,103610.0,-8301.0,-723.0,3.0,1.0,1.0,0.0,1.0,0.0,3.0,0.0,1.0,0.0
50960.0,309555.0,19630.0,-13711.0,-4514.0,3.0,0.0,0.0,3.0,0.0,3.0,3.0,0.0,0.0,0.0
68460.0,541620.0,27807.0,-11562.0,-3812.0,2.0,0.0,1.0,3.0,1.0,0.0,2.0,0.0,1.0,0.0
85610.0,439155.0,19669.0,-17234.0,-5663.0,2.0,1.0,1.0,0.0,1.0,0.0,3.0,0.0,0.0,1.0
93240.0,474795.00000000006,20189.0,-17323.0,-704.0,2.0,0.0,0.0,0.0,1.0,0.0,2.0,0.0,0.0,0.0
144200.0,680535.0,30095.0,-22496.0,-3390.0,2.0,0.0,3.0,3.0,1.0,0.0,3.0,0.0,0.0,1.0
124739.99999999999,1044225.0000000001,55250.0,-21627.0,-458.0,1.0,0.0,3.0,3.0,1.0,0.0,3.0,0.0,1.0,1.0
109760.0,758565.0,42224.0,-18495.0,-243.0,2.0,0.0,3.0,3.0,2.0,0.0,3.0,0.0,1.0,1.0
99400.0,554445.0,24271.0,-18019.0,-696.0,1.0,0.0,3.0,3.0,1.0,0.0,3.0,1.0,0.0,1.0
125929.99999999999,1060020.0,62673.0,-8373.0,-1798.0,3.0,0.0,2.0,3.0,1.0,0.0,2.0,0.0,0.0,1.0
45920.0,334665.0,20774.0,-18043.0,-96.0,4.0,0.0,3.0,3.0,1.0,0.0,3.0,1.0,0.0,0.0
175840.0,1064745.0,64870.0,-22869.0,-4816.0,1.0,1.0,0.0,3.0,3.0,0.0,3.0,0.0,0.0,0.0
137130.0,889245.0000000001,38415.0,-17676.0,-625.0,3.0,1.0,3.0,3.0,4.0,0.0,2.0,0.0,0.0,1.0
184940.0,1033965.0000000001,46059.0,-13060.0,-152.4,1.0,0.0,3.0,3.0,1.0,0.0,3.0,0.0,0.0,1.0
52430.0,441720.0,21294.0,-9607.0,-729.0,2.0,0.0,3.0,3.0,1.0,0.0,3.0,0.0,0.0,1.0
70210.0,296190.0,17069.0,-21711.0,-56.0,5.0,0.0,0.0,2.0,1.0,0.0,2.0,1.0,0.0,1.0
178640.0,1014390.0000000001,47723.0,-11533.0,-512.8000000000001,2.0,0.0,2.0,3.0,1.0,1.0,2.0,0.0,0.0,1.0
51380.0,417960.0,23660.0,-12460.0,-43.6,2.0,0.0,3.0,0.0,1.0,0.0,3.0,0.0,0.0,1.0
234219.99999999997,1704510.0,76063.0,-15616.0,-1323.0,4.0,0.0,3.0,3.0,1.0,0.0,2.0,1.0,1.0,1.0
79870.0,392040.0,16276.0,-9197.0,-823.0,2.0,0.0,3.0,3.0,1.0,3.0,3.0,0.0,0.0,1.0
194530.0,801495.0,33033.0,-15928.0,-192.0,1.0,0.0,0.0,3.0,4.0,0.0,2.0,1.0,0.0,1.0
96250.0,785430.0,39312.0,-14534.0,-1367.0,1.0,0.0,0.0,3.0,2.0,0.0,3.0,0.0,1.0,0.0
142240.0,922185.0000000001,50557.0,-9710.0,-2622.0,2.0,0.0,0.0,3.0,3.0,0.0,2.0,0.0,0.0,1.0
67410.0,390015.0,24973.0,-11559.0,-117.0,5.0,0.0,3.0,0.0,1.0,0.0,3.0,0.0,0.0,0.0
151060.0,898965.0000000001,42614.0,-12575.0,-679.0,3.0,0.0,3.0,2.0,1.0,0.0,2.0,0.0,0.0,1.0
63909.99999999999,364095.0,19344.0,-10949.0,-3881.0,3.0,0.0,1.0,3.0,4.0,0.0,3.0,1.0,0.0,1.0
49070.0,302265.0,13533.0,-11946.0,-3629.0,3.0,0.0,3.0,3.0,1.0,3.0,3.0,0.0,1.0,1.0
40740.0,181035.0,9984.0,-19512.0,-601.2,1.0,0.0,3.0,3.0,1.0,0.0,3.0,0.0,1.0,1.0
65379.99999999999,275940.0,17888.0,-10026.0,-85.60000000000001,1.0,1.0,3.0,3.0,1.0,0.0,3.0,0.0,1.0,1.0
76790.0,514215.00000000006,28522.0,-8023.0,-1449.0,4.0,0.0,3.0,0.0,1.0,0.0,3.0,0.0,1.0,0.0
44940.0,306855.0,15821.0,-9619.0,-1502.0,2.0,0.0,3.0,3.0,1.0,0.0,2.0,0.0,0.0,1.0
93170.0,721440.0,33384.0,-14135.0,-433.0,2.0,0.0,3.0,3.0,1.0,2.0,3.0,0.0,0.0,1.0
110530.0,495990.00000000006,20982.0,-17925.0,-395.6,2.0,0.0,1.0,3.0,1.0,0.0,2.0,1.0,0.0,0.0
75600.0,495315.00000000006,27404.0,-13165.0,-783.6,2.0,0.0,0.0,0.0,1.0,3.0,3.0,0.0,0.0,0.0
174790.0,1355535.0,77246.0,-20000.0,-1466.4,5.0,1.0,2.0,3.0,1.0,0.0,3.0,1.0,0.0,1.0
53410.0,221940.00000000003,12740.0,-10630.0,-427.20000000000005,2.0,0.0,3.0,3.0,1.0,0.0,1.0,0.0,0.0,1.0
558040.0,4050000.0000000005,246844.0,-22587.0,-596.0,4.0,0.0,0.0,3.0,1.0,0.0,2.0,0.0,1.0,0.0
162750.0,889785.0000000001,54704.0,-7826.0,-188.4,2.0,0.0,3.0,3.0,0.0,0.0,3.0,0.0,0.0,1.0
103950.0,654750.0,41691.0,-9077.0,-2503.0,4.0,0.0,3.0,3.0,0.0,0.0,2.0,0.0,0.0,0.0
112280.0,622755.0,38922.0,-22640.0,-153.0,2.0,0.0,0.0,3.0,3.0,0.0,2.0,0.0,0.0,0.0
43120.0,292140.0,12311.0,-14992.0,-421.6,1.0,0.0,3.0,3.0,0.0,0.0,2.0,1.0,0.0,1.0
259699.99999999997,1237005.0,59553.0,-9755.0,-3181.0,2.0,0.0,3.0,3.0,1.0,2.0,3.0,0.0,0.0,1.0
182070.0,970380.0000000001,46891.0,-23579.0,-514.0,4.0,0.0,1.0,3.0,3.0,0.0,2.0,0.0,0.0,0.0
89670.0,414585.0,25467.0,-7869.0,-518.0,2.0,0.0,3.0,3.0,1.0,0.0,1.0,0.0,0.0,0.0
206080.0,1363500.0,66989.0,-20565.0,-4270.0,1.0,0.0,3.0,3.0,1.0,0.0,1.0,0.0,1.0,1.0
116969.99999999999,899100.0000000001,43641.0,-15592.0,-1164.0,1.0,0.0,0.0,3.0,1.0,0.0,1.0,0.0,0.0,1.0
139090.0,641790.0,35399.0,-8045.0,-111.0,1.0,0.0,0.0,3.0,1.0,0.0,3.0,0.0,0.0,1.0
142590.0,935685.0000000001,55003.0,-10592.0,-520.8000000000001,2.0,0.0,0.0,3.0,0.0,1.0,3.0,0.0,0.0,0.0
31499.999999999996,138105.0,5642.0,-8724.0,-2150.0,1.0,0.0,1.0,3.0,3.0,0.0,1.0,0.0,0.0,1.0
162330.0,1179360.0,53378.0,-11865.0,-937.0,3.0,0.0,3.0,3.0,0.0,0.0,2.0,0.0,0.0,1.0
68670.0,253395.00000000003,15275.0,-19456.0,-688.8000000000001,2.0,0.0,0.0,3.0,1.0,0.0,2.0,1.0,1.0,1.0
48020.0,318195.0,15821.0,-17890.0,-3204.0,4.0,0.0,0.0,0.0,0.0,0.0,2.0,0.0,1.0,0.0
149310.0,1114425.0,53950.0,-15287.0,-256.0,2.0,0.0,3.0,3.0,1.0,0.0,1.0,0.0,0.0,1.0
68530.0,312660.0,16367.0,-12223.0,-584.0,4.0,0.0,3.0,1.0,1.0,3.0,3.0,0.0,0.0,0.0
129219.99999999999,910845.0000000001,48464.0,-21480.0,-341.6,1.0,0.0,3.0,3.0,1.0,0.0,3.0,0.0,0.0,1.0
170590.0,1381725.0,61854.0,-15748.0,-874.0,1.0,1.0,3.0,1.0,0.0,3.0,3.0,0.0,0.0,0.0
101990.0,525825.0,28548.0,-16000.0,-447.20000000000005,3.0,0.0,3.0,3.0,1.0,0.0,2.0,0.0,0.0,1.0
124529.99999999999,697545.0,31395.0,-12684.0,-397.20000000000005,1.0,0.0,1.0,3.0,1.0,0.0,2.0,0.0,0.0,0.0
140420.0,743580.0,41119.0,-22411.0,-1419.2,1.0,0.0,0.0,3.0,1.0,0.0,3.0,1.0,0.0,1.0
84840.0,646785.0,39533.0,-17439.0,-221.20000000000002,2.0,0.0,3.0,0.0,1.0,0.0,3.0,0.0,0.0,1.0
110740.0,398925.0,20917.0,-10932.0,-40.0,3.0,0.0,3.0,0.0,1.0,0.0,3.0,0.0,1.0,1.0
128939.99999999999,482220.00000000006,25844.0,-17003.0,-950.4000000000001,3.0,1.0,3.0,3.0,1.0,0.0,2.0,0.0,1.0,0.0
154210.0,639225.0,37089.0,-12652.0,-200.0,1.0,0.0,3.0,3.0,1.0,0.0,3.0,0.0,1.0,0.0
39620.0,158760.0,7410.0,-11703.0,-334.40000000000003,3.0,0.0,0.0,0.0,1.0,0.0,2.0,0.0,1.0,1.0
130129.99999999999,675540.0,43979.0,-11507.0,-1972.8000000000002,4.0,0.0,3.0,3.0,1.0,0.0,2.0,0.0,1.0,1.0
83160.0,691605.0,28522.0,-11687.0,-1825.0,2.0,0.0,0.0,3.0,4.0,0.0,2.0,0.0,0.0,1.0
100170.0,785970.0,39039.0,-18031.0,-1087.0,3.0,0.0,3.0,3.0,3.0,0.0,2.0,0.0,1.0,1.0
136850.0,608850.0,39650.0,-9156.0,-385.0,2.0,1.0,1.0,3.0,2.0,0.0,3.0,0.0,0.0,0.0
84770.0,549585.0,26793.0,-9510.0,-247.20000000000002,2.0,0.0,1.0,3.0,2.0,0.0,2.0,0.0,0.0,1.0
181790.0,1059210.0,66391.0,-7952.0,-550.8000000000001,1.0,0.0,3.0,3.0,1.0,0.0,3.0,0.0,1.0,1.0
97370.0,844155.0,46150.0,-19609.0,-360.0,2.0,0.0,0.0,0.0,0.0,0.0,2.0,0.0,0.0,1.0
85750.0,307260.0,13390.0,-9689.0,-748.4000000000001,5.0,0.0,0.0,3.0,2.0,0.0,3.0,0.0,1.0,1.0
154140.0,924885.0000000001,40885.0,-11737.0,-716.0,2.0,0.0,1.0,0.0,3.0,0.0,2.0,1.0,0.0,1.0
45290.0,286605.0,17563.0,-10185.0,-550.8000000000001,4.0,0.0,0.0,3.0,2.0,0.0,3.0,1.0,0.0,1.0
357000.0,1579905.0,94887.0,-16593.0,-294.8,2.0,0.0,3.0,0.0,1.0,0.0,2.0,0.0,1.0,1.0
85260.0,707535.0,39546.0,-17025.0,-712.4000000000001,1.0,0.0,3.0,3.0,3.0,0.0,3.0,0.0,0.0,1.0
127259.99999999999,751410.0,31005.0,-16894.0,-738.0,2.0,0.0,3.0,1.0,1.0,0.0,3.0,0.0,1.0,1.0
150640.0,619650.0,25844.0,-8958.0,-905.2,3.0,0.0,3.0,0.0,1.0,0.0,1.0,1.0,0.0,1.0
67550.0,238005.00000000003,14170.0,-11413.0,-107.2,2.0,0.0,3.0,3.0,1.0,0.0,3.0,0.0,0.0,0.0
125859.99999999999,530280.0,23257.0,-21546.0,-202.0,2.0,0.0,1.0,0.0,1.0,1.0,2.0,0.0,0.0,1.0
102480.0,367200.0,15093.0,-22073.0,-773.0,2.0,0.0,3.0,0.0,3.0,0.0,2.0,0.0,1.0,0.0
150500.0,949185.0000000001,48126.0,-18084.0,-238.8,2.0,0.0,3.0,0.0,1.0,0.0,2.0,0.0,0.0,0.0
62859.99999999999,492615.00000000006,20540.0,-19033.0,-1527.0,2.0,0.0,0.0,3.0,1.0,0.0,3.0,0.0,1.0,0.0
162890.0,1294380.0,69901.0,-13067.0,-913.0,4.0,0.0,3.0,3.0,4.0,0.0,2.0,0.0,0.0,0.0
170380.0,952155.0000000001,53651.0,-13828.0,-295.2,2.0,0.0,1.0,3.0,1.0,0.0,2.0,0.0,1.0,1.0
112140.0,704970.0,31915.0,-8919.0,-548.0,2.0,0.0,1.0,3.0,0.0,0.0,3.0,0.0,0.0,0.0
67550.0,296865.0,19032.0,-13567.0,-1321.0,3.0,0.0,3.0,3.0,1.0,0.0,2.0,0.0,1.0,0.0
95970.0,349920.0,17940.0,-18220.0,-183.20000000000002,2.0,0.0,1.0,0.0,1.0,1.0,1.0,1.0,0.0,1.0
133840.0,1153575.0,60268.0,-21471.0,-1286.8000000000002,2.0,0.0,3.0,3.0,2.0,0.0,2.0,0.0,1.0,0.0
86940.0,426600.0,18070.0,-12005.0,-2349.0,4.0,0.0,3.0,3.0,1.0,0.0,2.0,0.0,1.0,1.0
135730.0,840915.0,46215.0,-20658.0,-3994.0,1.0,0.0,1.0,3.0,0.0,0.0,3.0,0.0,0.0,1.0
151690.0,620595.0,38116.0,-16920.0,-91.2,1.0,0.0,3.0,3.0,2.0,0.0,3.0,0.0,0.0,0.0
117599.99999999999,893160.0000000001,45214.0,-12563.0,-123.2,4.0,0.0,0.0,0.0,1.0,0.0,3.0,0.0,1.0,1.0
48580.0,194805.0,11700.0,-9696.0,-1248.8000000000002,2.0,0.0,0.0,3.0,1.0,0.0,3.0,0.0,0.0,1.0
101150.0,440235.0,22360.0,-16149.0,-1607.0,2.0,0.0,1.0,0.0,1.0,0.0,1.0,0.0,0.0,1.0
108920.0,810405.0,52195.0,-20051.0,-1750.0,2.0,0.0,0.0,3.0,1.0,0.0,3.0,0.0,1.0,0.0
187670.0,657315.0,40742.0,-16887.0,-1084.8,2.0,1.0,1.0,3.0,3.0,0.0,3.0,0.0,1.0,1.0
129289.99999999999,546480.0,27703.0,-21766.0,-1464.0,2.0,0.0,3.0,3.0,1.0,0.0,3.0,0.0,1.0,1.0
138040.0,1040175.0000000001,62023.0,-10221.0,-3646.0,2.0,0.0,0.0,3.0,1.0,0.0,1.0,0.0,0.0,1.0
85260.0,543780.0,22490.0,-20562.0,-240.4,1.0,0.0,0.0,3.0,1.0,0.0,2.0,0.0,1.0,1.0
49000.0,190755.0,11206.0,-7808.0,-493.6,2.0,0.0,0.0,0.0,1.0,0.0,2.0,1.0,0.0,0.0
81480.0,598050.0,32526.0,-21248.0,-12488.0,3.0,0.0,3.0,3.0,3.0,0.0,2.0,0.0,0.0,1.0
63489.99999999999,397305.0,25922.0,-17275.0,-154.0,1.0,0.0,3.0,3.0,1.0,0.0,2.0,0.0,0.0,1.0
145460.0,623295.0,32799.0,-9426.0,-1067.0,2.0,0.0,3.0,0.0,1.0,1.0,2.0,1.0,0.0,0.0
67900.0,345735.0,14079.0,-9018.0,-2443.0,2.0,1.0,0.0,0.0,1.0,2.0,3.0,0.0,0.0,1.0
51590.0,199260.0,13000.0,-22899.0,-604.4,1.0,0.0,3.0,3.0,1.0,2.0,3.0,1.0,0.0,1.0
115919.99999999999,476415.00000000006,30602.0,-13183.0,-320.0,2.0,0.0,3.0,3.0,1.0,0.0,2.0,0.0,0.0,1.0
75600.0,268380.0,16991.0,-12987.0,-3974.0,1.0,0.0,0.0,3.0,0.0,0.0,2.0,0.0,0.0,0.0
108430.0,532035.0,22334.0,-21300.0,-1837.2,2.0,0.0,3.0,0.0,1.0,0.0,3.0,0.0,0.0,0.0
62579.99999999999,370305.0,19838.0,-15677.0,-775.6,2.0,0.0,0.0,3.0,0.0,0.0,3.0,1.0,1.0,0.0
231979.99999999997,1917675.0000000002,112060.0,-22804.0,-21.6,1.0,0.0,3.0,3.0,0.0,1.0,2.0,0.0,1.0,0.0
53550.0,380970.0,21073.0,-21697.0,-551.2,2.0,0.0,2.0,2.0,3.0,0.0,3.0,0.0,0.0,0.0
133700.0,591165.0,25753.0,-22111.0,-1002.8000000000001,2.0,1.0,1.0,3.0,2.0,0.0,2.0,1.0,0.0,1.0
184380.0,1434105.0,76739.0,-16843.0,-28.400000000000002,2.0,0.0,3.0,3.0,1.0,0.0,2.0,0.0,0.0,1.0
90020.0,706725.0,37401.0,-18428.0,-335.20000000000005,2.0,0.0,0.0,0.0,1.0,0.0,2.0,1.0,0.0,1.0
31499.999999999996,253665.00000000003,15704.0,-21991.0,-1408.0,2.0,0.0,3.0,3.0,1.0,0.0,2.0,0.0,0.0,1.0
82950.0,379350.0,22971.0,-13952.0,-184.0,2.0,0.0,3.0,0.0,1.0,0.0,3.0,0.0,1.0,1.0
124669.99999999999,813915.0,43693.0,-13046.0,-1120.0,2.0,0.0,3.0,3.0,1.0,0.0,2.0,0.0,0.0,1.0
138460.0,1180980.0,50362.0,-21385.0,-3876.0,1.0,0.0,3.0,3.0,0.0,0.0,3.0,0.0,0.0,1.0
137550.0,629505.0,41054.0,-16182.0,-89.0,2.0,0.0,1.0,3.0,1.0,0.0,2.0,0.0,0.0,1.0
101640.0,810405.0,50856.0,-20397.0,-412.0,2.0,0.0,2.0,3.0,1.0,0.0,2.0,0.0,0.0,0.0
100590.0,826470.0,37648.0,-18307.0,-1087.2,2.0,0.0,0.0,3.0,1.0,0.0,2.0,0.0,1.0,1.0
74970.0,440235.0,20215.0,-14402.0,-775.0,2.0,0.0,0.0,0.0,1.0,0.0,3.0,0.0,1.0,1.0
134190.0,1129545.0,53326.0,-8314.0,-245.0,1.0,0.0,0.0,0.0,1.0,0.0,1.0,0.0,1.0,1.0
81830.0,560790.0,32110.0,-20506.0,-1992.0,4.0,0.0,3.0,3.0,3.0,0.0,3.0,0.0,0.0,0.0
171570.0,833760.0,41834.0,-10119.0,-3545.0,5.0,0.0,1.0,0.0,2.0,0.0,3.0,0.0,1.0,0.0
116619.99999999999,406890.0,16731.0,-22244.0,-1468.8000000000002,5.0,0.0,3.0,3.0,1.0,0.0,2.0,0.0,0.0,0.0
78680.0,663255.0,39351.0,-15852.0,-711.2,4.0,0.0,3.0,0.0,0.0,0.0,2.0,0.0,0.0,1.0
57120.0,351810.0,16237.0,-16803.0,-1615.2,1.0,0.0,3.0,1.0,3.0,2.0,3.0,1.0,1.0,1.0
62579.99999999999,328050.0,18382.0,-21572.0,-2611.0,1.0,0.0,3.0,3.0,1.0,0.0,2.0,0.0,1.0,1.0
96180.0,339525.0,22113.0,-16520.0,-36.0,2.0,0.0,0.0,3.0,4.0,0.0,1.0,0.0,1.0,1.0
53480.0,366660.0,20410.0,-14250.0,-1514.8000000000002,2.0,1.0,1.0,3.0,1.0,0.0,2.0,0.0,0.0,0.0
219100.0,1481220.0,76622.0,-10288.0,-1911.0,1.0,0.0,0.0,3.0,3.0,0.0,2.0,0.0,0.0,0.0
50680.0,248535.00000000003,13377.0,-20148.0,-1329.0,3.0,0.0,0.0,0.0,1.0,0.0,3.0,0.0,1.0,1.0
183680.0,673380.0,27846.0,-21281.0,-1508.4,2.0,0.0,3.0,3.0,1.0,0.0,3.0,0.0,0.0,0.0
91000.0,318600.0,18642.0,-12882.0,-791.2,1.0,0.0,0.0,0.0,1.0,0.0,2.0,0.0,1.0,1.0
48580.0,231390.00000000003,14833.0,-18073.0,-447.6,2.0,0.0,1.0,3.0,3.0,3.0,3.0,0.0,0.0,0.0
31499.999999999996,137025.0,7670.0,-11417.0,-98.0,4.0,0.0,3.0,3.0,1.0,0.0,3.0,1.0,1.0,1.0
66220.0,330345.0,16926.0,-17116.0,-196.4,1.0,0.0,3.0,3.0,3.0,0.0,2.0,0.0,0.0,0.0
138460.0,609660.0,33007.0,-10944.0,-336.40000000000003,2.0,0.0,0.0,3.0,3.0,1.0,3.0,0.0,1.0,0.0
265300.0,1906875.0000000002,95433.0,-12286.0,-229.60000000000002,3.0,0.0,0.0,3.0,0.0,0.0,3.0,1.0,0.0,1.0
91140.0,671895.0,38623.0,-16335.0,-790.0,5.0,0.0,1.0,3.0,1.0,0.0,3.0,1.0,1.0,1.0
73780.0,637335.0,31044.0,-15722.0,-2463.0,4.0,1.0,3.0,2.0,1.0,0.0,3.0,0.0,0.0,0.0
97720.0,637065.0,36686.0,-18041.0,-70.4,4.0,0.0,3.0,3.0,1.0,3.0,2.0,1.0,0.0,1.0
92470.0,417555.0,24102.0,-10706.0,-665.0,1.0,0.0,3.0,3.0,3.0,0.0,3.0,0.0,0.0,0.0
70280.0,577260.0,27027.0,-15320.0,-2314.0,4.0,0.0,3.0,3.0,1.0,0.0,3.0,0.0,0.0,1.0
161770.0,1253340.0,53196.0,-20956.0,-640.0,1.0,0.0,1.0,3.0,3.0,0.0,2.0,0.0,1.0,1.0
64959.99999999999,467910.00000000006,28899.0,-10317.0,-925.2,4.0,0.0,3.0,3.0,1.0,0.0,3.0,0.0,1.0,1.0
32199.999999999996,215460.0,10413.0,-21626.0,-185.60000000000002,2.0,0.0,3.0,0.0,1.0,0.0,3.0,0.0,1.0,1.0
84210.0,590760.0,29588.0,-16503.0,-1370.0,2.0,0.0,3.0,3.0,1.0,0.0,1.0,0.0,0.0,1.0
80010.0,334395.0,14781.0,-10387.0,-2414.0,3.0,1.0,3.0,3.0,0.0,0.0,3.0,0.0,1.0,0.0
80850.0,510030.00000000006,20774.0,-14354.0,-1847.0,2.0,1.0,3.0,1.0,1.0,0.0,2.0,0.0,1.0,1.0
108430.0,786240.0,32656.0,-10507.0,-69.2,2.0,0.0,1.0,3.0,1.0,0.0,3.0,0.0,0.0,1.0
49490.0,179685.0,9945.0,-11318.0,-1236.8000000000002,2.0,0.0,0.0,3.0,1.0,0.0,2.0,0.0,1.0,1.0
36890.0,213975.0,13598.0,-19060.0,-44.0,3.0,0.0,1.0,2.0,1.0,0.0,3.0,1.0,0.0,0.0
84140.0,575235.0,34281.0,-11040.0,-2172.0,3.0,0.0,3.0,0.0,1.0,0.0,2.0,0.0,1.0,1.0
86170.0,671220.0,39533.0,-20618.0,-1809.0,2.0,0.0,3.0,3.0,4.0,1.0,2.0,0.0,1.0,1.0
52850.0,259335.00000000003,15600.0,-17734.0,-2562.0,2.0,0.0,1.0,3.0,3.0,0.0,1.0,0.0,1.0,1.0
58659.99999999999,467235.00000000006,22906.0,-18592.0,-972.0,1.0,0.0,3.0,3.0,1.0,0.0,3.0,1.0,0.0,1.0
46200.0,203850.0,11934.0,-11986.0,-3125.0,2.0,0.0,3.0,0.0,1.0,0.0,3.0,0.0,1.0,1.0
62929.99999999999,528660.0,28418.0,-9607.0,-1213.2,3.0,1.0,3.0,3.0,1.0,0.0,3.0,0.0,0.0,0.0
314720.0,2314980.0,127153.0,-8884.0,-923.6,4.0,0.0,0.0,3.0,3.0,0.0,2.0,0.0,0.0,0.0
110180.0,689310.0,29250.0,-22960.0,-3446.0,1.0,0.0,3.0,3.0,3.0,0.0,2.0,0.0,0.0,1.0
104230.0,797580.0,34580.0,-11499.0,-350.0,3.0,0.0,3.0,3.0,4.0,3.0,3.0,1.0,1.0,1.0
67200.0,260145.00000000003,12675.0,-18361.0,-209.20000000000002,2.0,0.0,2.0,3.0,3.0,0.0,3.0,1.0,0.0,1.0
59219.99999999999,342495.0,15132.0,-17896.0,-1709.2,5.0,0.0,3.0,3.0,1.0,0.0,2.0,0.0,0.0,1.0
165410.0,809055.0,34034.0,-21871.0,-109.0,3.0,1.0,3.0,0.0,1.0,2.0,3.0,0.0,0.0,0.0
75950.0,432405.0,23660.0,-16733.0,-312.8,4.0,0.0,2.0,3.0,1.0,0.0,2.0,0.0,0.0,0.0
78960.0,643815.0,28821.0,-10583.0,-3737.0,2.0,1.0,3.0,3.0,1.0,0.0,2.0,0.0,0.0,0.0
60759.99999999999,358020.0,18980.0,-19247.0,-834.8000000000001,1.0,0.0,3.0,3.0,1.0,0.0,2.0,0.0,1.0,1.0
116129.99999999999,811890.0,35776.0,-18552.0,-629.0,2.0,0.0,3.0,0.0,1.0,0.0,3.0,0.0,0.0,1.0
215460.0,1585980.0,65780.0,-19955.0,-3262.0,1.0,0.0,1.0,1.0,3.0,0.0,3.0,0.0,0.0,0.0
122289.99999999999,850230.0,51051.0,-20781.0,-15.600000000000001,2.0,0.0,1.0,0.0,4.0,0.0,2.0,0.0,1.0,1.0
269150.0,1517265.0,66976.0,-13717.0,-48.800000000000004,1.0,1.0,1.0,3.0,1.0,0.0,3.0,0.0,0.0,0.0
126209.99999999999,792990.0,38350.0,-13425.0,-1047.6000000000001,1.0,0.0,3.0,3.0,1.0,0.0,2.0,0.0,0.0,0.0
169960.0,590085.0,28314.0,-16841.0,-702.8000000000001,2.0,0.0,1.0,0.0,3.0,0.0,2.0,0.0,1.0,0.0
146510.0,1144665.0,51077.0,-10429.0,-3254.0,2.0,0.0,3.0,3.0,1.0,0.0,3.0,0.0,1.0,1.0
85470.0,500850.00000000006,25649.0,-13669.0,-69.60000000000001,2.0,0.0,2.0,3.0,1.0,0.0,3.0,1.0,1.0,1.0
48720.0,263385.0,13234.0,-16080.0,-1239.0,2.0,0.0,2.0,3.0,3.0,0.0,3.0,0.0,0.0,0.0
104090.0,701865.0,43706.0,-17876.0,-2713.2000000000003,1.0,0.0,3.0,0.0,1.0,0.0,3.0,0.0,0.0,0.0
225330.0,1124550.0,48230.0,-20706.0,-117.0,1.0,0.0,0.0,3.0,3.0,0.0,2.0,0.0,0.0,0.0
82390.0,600750.0,35906.0,-21024.0,-58.0,2.0,0.0,3.0,3.0,3.0,0.0,3.0,0.0,0.0,0.0
134400.0,785565.0,35035.0,-22412.0,-2132.0,1.0,0.0,0.0,3.0,1.0,3.0,2.0,0.0,1.0,1.0
135240.0,606285.0,29146.0,-11431.0,-1787.0,2.0,0.0,3.0,3.0,3.0,0.0,2.0,0.0,1.0,1.0
84980.0,298080.0,18213.0,-8654.0,-215.0,1.0,0.0,3.0,3.0,3.0,0.0,3.0,0.0,0.0,1.0
58589.99999999999,445635.00000000006,22841.0,-8318.0,-313.20000000000005,2.0,1.0,3.0,0.0,3.0,3.0,2.0,0.0,1.0,1.0
100100.0,839025.0,53495.0,-12763.0,-1497.0,3.0,0.0,1.0,3.0,1.0,0.0,3.0,0.0,1.0,1.0
168910.0,1235655.0,72345.0,-8520.0,-1946.0,2.0,0.0,3.0,3.0,1.0,0.0,3.0,0.0,0.0,0.0
115919.99999999999,778815.0,49712.0,-18276.0,-369.0,2.0,0.0,1.0,3.0,1.0,0.0,3.0,0.0,0.0,0.0
75320.0,310770.0,14859.0,-12697.0,-14.4,1.0,0.0,3.0,3.0,1.0,0.0,3.0,0.0,0.0,0.0
125649.99999999999,577665.0,33124.0,-9024.0,-1696.0,2.0,0.0,3.0,3.0,1.0,0.0,3.0,0.0,0.0,0.0
159460.0,1265625.0,75244.0,-12912.0,-515.0,2.0,0.0,3.0,3.0,1.0,0.0,3.0,0.0,1.0,1.0
78400.0,399195.0,20202.0,-21644.0,-742.8000000000001,2.0,0.0,1.0,3.0,0.0,0.0,2.0,0.0,0.0,1.0
227150.0,1802655.0000000002,94172.0,-10913.0,-412.40000000000003,2.0,1.0,2.0,3.0,1.0,0.0,2.0,0.0,0.0,1.0
124949.99999999999,746550.0,47047.0,-18499.0,-2682.0,4.0,0.0,2.0,3.0,4.0,0.0,2.0,0.0,1.0,1.0
183890.0,1023435.0000000001,50193.0,-8105.0,-1476.0,2.0,0.0,1.0,3.0,1.0,0.0,3.0,0.0,1.0,1.0
133490.0,772200.0,48152.0,-17850.0,-2012.0,2.0,0.0,3.0,0.0,1.0,0.0,2.0,0.0,0.0,1.0
70140.0,256635.00000000003,14001.0,-13734.0,-533.2,4.0,0.0,1.0,3.0,1.0,0.0,3.0,0.0,0.0,1.0
180600.0,998595.0000000001,58695.0,-8096.0,-210.0,2.0,0.0,3.0,3.0,1.0,0.0,3.0,0.0,1.0,1.0
150290.0,1156140.0,64558.0,-15830.0,-72.4,2.0,0.0,2.0,3.0,1.0,3.0,3.0,1.0,1.0,1.0
49770.0,232740.00000000003,14755.0,-15862.0,-3500.0,1.0,0.0,3.0,0.0,4.0,0.0,1.0,1.0,0.0,0.0
160440.0,558225.0,24180.0,-12682.0,-1544.0,3.0,1.0,3.0,3.0,2.0,0.0,2.0,0.0,0.0,1.0
101150.0,562410.0,25298.0,-9300.0,-984.0,2.0,0.0,3.0,3.0,3.0,0.0,3.0,0.0,1.0,1.0
210910.0,933390.0000000001,57993.0,-21061.0,-3909.0,4.0,1.0,3.0,2.0,1.0,0.0,3.0,0.0,1.0,1.0
99470.0,603990.0,27131.0,-20890.0,-589.0,2.0,0.0,3.0,3.0,3.0,0.0,2.0,0.0,0.0,1.0
182560.0,876960.0,39546.0,-18180.0,-891.2,1.0,0.0,3.0,3.0,1.0,0.0,3.0,0.0,0.0,1.0
127119.99999999999,458055.00000000006,27495.0,-23277.0,-2604.0,2.0,0.0,0.0,3.0,4.0,0.0,2.0,0.0,0.0,0.0
202090.0,844965.0,43030.0,-18862.0,-60.0,3.0,0.0,0.0,3.0,2.0,0.0,2.0,0.0,0.0,1.0
86870.0,319950.0,16666.0,-8481.0,-756.0,5.0,1.0,0.0,3.0,4.0,0.0,2.0,0.0,0.0,1.0
84770.0,610065.0,29614.0,-11668.0,-3408.0,2.0,0.0,2.0,3.0,1.0,3.0,3.0,0.0,1.0,1.0
48090.0,222885.00000000003,12259.0,-17536.0,-780.0,1.0,0.0,0.0,3.0,0.0,0.0,2.0,0.0,0.0,1.0
141330.0,603720.0,37323.0,-20203.0,-2867.0,5.0,0.0,3.0,3.0,3.0,0.0,3.0,0.0,0.0,1.0
35000.0,260820.00000000003,13013.0,-8158.0,-633.6,4.0,0.0,1.0,3.0,1.0,0.0,1.0,1.0,1.0,1.0
76860.0,623970.0,39026.0,-11892.0,-36.0,2.0,0.0,3.0,3.0,1.0,3.0,2.0,0.0,0.0,0.0
96180.0,811080.0,45383.0,-16306.0,-945.0,2.0,0.0,3.0,0.0,4.0,0.0,3.0,0.0,0.0,1.0
65239.99999999999,528120.0,33345.0,-21717.0,-267.6,2.0,0.0,0.0,3.0,1.0,0.0,3.0,1.0,1.0,0.0
147630.0,893295.0000000001,46995.0,-20641.0,-6165.0,4.0,0.0,1.0,3.0,1.0,1.0,3.0,0.0,0.0,0.0
65730.0,489645.00000000006,20332.0,-17044.0,-233.60000000000002,1.0,1.0,3.0,3.0,1.0,0.0,2.0,0.0,1.0,1.0
75950.0,346815.0,22347.0,-19914.0,-734.0,4.0,1.0,1.0,2.0,1.0,0.0,3.0,0.0,1.0,1.0
242689.99999999997,1277370.0,72787.0,-21200.0,-2711.0,2.0,0.0,3.0,0.0,3.0,0.0,3.0,0.0,0.0,1.0
193760.0,1325025.0,63193.0,-14475.0,-5552.0,2.0,0.0,3.0,3.0,1.0,0.0,3.0,1.0,0.0,1.0
94920.0,795960.0,43719.0,-21832.0,-34.4,1.0,0.0,1.0,3.0,1.0,0.0,2.0,0.0,0.0,0.0
105140.0,659475.0,34983.0,-15618.0,-2812.0,2.0,0.0,3.0,3.0,1.0,0.0,3.0,1.0,0.0,0.0
59219.99999999999,308610.0,17147.0,-14033.0,-199.0,4.0,0.0,3.0,0.0,3.0,0.0,3.0,0.0,1.0,1.0
92610.0,586035.0,38337.0,-21305.0,-1595.2,2.0,0.0,3.0,3.0,0.0,0.0,3.0,0.0,0.0,1.0
49980.0,204660.0,8437.0,-21706.0,-380.8,2.0,0.0,3.0,3.0,4.0,0.0,3.0,0.0,0.0,0.0
220500.0,1033155.0000000001,60359.0,-16919.0,-2075.0,2.0,0.0,1.0,3.0,1.0,0.0,3.0,1.0,0.0,1.0
36400.0,128385.00000000001,5304.0,-12089.0,-2175.0,2.0,0.0,3.0,3.0,1.0,3.0,3.0,1.0,1.0,1.0
180180.0,1373220.0,72007.0,-14274.0,-5011.0,2.0,0.0,0.0,3.0,0.0,0.0,3.0,0.0,1.0,1.0
157640.0,612630.0,31460.0,-17804.0,-461.0,2.0,0.0,3.0,3.0,1.0,0.0,3.0,0.0,0.0,1.0
78540.0,512055.00000000006,24752.0,-20677.0,-1492.0,2.0,0.0,0.0,3.0,1.0,0.0,2.0,0.0,1.0,1.0
66920.0,334395.0,17576.0,-23318.0,-911.6,5.0,0.0,0.0,3.0,1.0,0.0,3.0,0.0,0.0,1.0
86030.0,538650.0,32825.0,-17166.0,-249.20000000000002,2.0,0.0,3.0,2.0,1.0,0.0,2.0,1.0,1.0,0.0
107660.0,478035.00000000006,23933.0,-15652.0,-279.6,2.0,0.0,3.0,3.0,1.0,0.0,2.0,0.0,0.0,1.0
87780.0,631800.0,36218.0,-9546.0,-730.0,2.0,0.0,1.0,0.0,1.0,0.0,3.0,1.0,0.0,1.0
199010.0,902610.0000000001,53105.0,-19216.0,-613.2,1.0,0.0,3.0,3.0,1.0,0.0,2.0,0.0,0.0,0.0
103110.0,685395.0,44395.0,-9598.0,-3023.0,2.0,0.0,0.0,3.0,3.0,0.0,3.0,0.0,0.0,1.0
59079.99999999999,207900.0,12350.0,-10240.0,-1445.0,1.0,0.0,0.0,3.0,3.0,0.0,2.0,0.0,0.0,1.0
47600.0,170910.0,10764.0,-14374.0,-441.0,2.0,0.0,1.0,3.0,4.0,1.0,3.0,0.0,0.0,1.0
74200.0,610605.0,31447.0,-17121.0,-939.6,2.0,0.0,3.0,3.0,1.0,0.0,3.0,0.0,0.0,0.0
99820.0,589950.0,24518.0,-18203.0,-8986.0,2.0,0.0,2.0,3.0,1.0,0.0,3.0,1.0,1.0,1.0
142940.0,1215000.0,51779.0,-19228.0,-342.0,4.0,0.0,3.0,0.0,1.0,0.0,2.0,0.0,0.0,0.0
147630.0,854145.0,40924.0,-13407.0,-1772.0,3.0,0.0,3.0,3.0,1.0,0.0,2.0,0.0,0.0,1.0
87430.0,493290.00000000006,26091.0,-17019.0,-599.6,2.0,0.0,3.0,3.0,1.0,0.0,3.0,0.0,0.0,1.0
145950.0,1248615.0,80821.0,-12226.0,-2260.4,1.0,0.0,3.0,3.0,1.0,0.0,1.0,1.0,1.0,1.0
98070.0,572130.0,35828.0,-9041.0,-374.0,3.0,0.0,0.0,3.0,0.0,0.0,2.0,0.0,0.0,1.0
187530.0,1125630.0,50960.0,-14050.0,-1501.6000000000001,3.0,0.0,3.0,0.0,1.0,0.0,3.0,1.0,1.0,1.0
135310.0,637065.0,32669.0,-19831.0,-907.2,4.0,1.0,1.0,3.0,3.0,0.0,3.0,0.0,0.0,0.0
110740.0,673380.0,41210.0,-11797.0,-572.0,3.0,0.0,3.0,3.0,1.0,0.0,2.0,0.0,0.0,1.0
107590.0,757620.0,42848.0,-8603.0,-978.0,1.0,0.0,1.0,0.0,1.0,0.0,2.0,0.0,1.0,1.0
116479.99999999999,499095.00000000006,22646.0,-21145.0,-36.0,2.0,0.0,3.0,3.0,2.0,0.0,2.0,0.0,0.0,1.0
83370.0,718335.0,30849.0,-21422.0,-3083.0,1.0,0.0,3.0,0.0,1.0,0.0,3.0,0.0,0.0,0.0
130059.99999999999,478035.00000000006,23322.0,-12912.0,-1665.0,2.0,0.0,0.0,3.0,1.0,0.0,3.0,0.0,0.0,0.0
82250.0,678105.0,41938.0,-12147.0,-118.0,3.0,0.0,3.0,3.0,1.0,0.0,3.0,0.0,0.0,1.0
106540.0,509625.00000000006,25727.0,-15715.0,-75.60000000000001,2.0,1.0,1.0,3.0,1.0,0.0,2.0,0.0,0.0,1.0
144970.0,844020.0,39182.0,-22921.0,-1519.2,3.0,0.0,3.0,3.0,1.0,0.0,1.0,1.0,0.0,1.0
77140.0,472095.00000000006,27859.0,-15669.0,-1751.0,1.0,0.0,3.0,3.0,2.0,0.0,3.0,1.0,0.0,1.0
58939.99999999999,393930.0,24700.0,-8085.0,-963.0,2.0,0.0,1.0,3.0,3.0,0.0,2.0,0.0,0.0,1.0
64329.99999999999,359100.0,21879.0,-13894.0,-575.0,2.0,0.0,3.0,0.0,1.0,0.0,2.0,1.0,0.0,1.0
103670.0,642060.0,29328.0,-10687.0,-4112.0,3.0,0.0,3.0,0.0,4.0,0.0,3.0,1.0,0.0,1.0
107870.0,920295.0000000001,39598.0,-8397.0,-111.0,2.0,1.0,3.0,0.0,1.0,0.0,2.0,0.0,1.0,0.0
77560.0,476550.00000000006,19357.0,-23714.0,-484.8,1.0,0.0,1.0,0.0,1.0,0.0,3.0,0.0,0.0,1.0
251299.99999999997,1810620.0000000002,75374.0,-23188.0,-3738.0,1.0,1.0,3.0,3.0,3.0,2.0,3.0,0.0,0.0,1.0
49350.0,183330.0,9594.0,-16570.0,-426.0,1.0,0.0,3.0,0.0,1.0,0.0,2.0,0.0,0.0,1.0
48650.0,336555.0,17108.0,-12646.0,-1668.0,2.0,0.0,2.0,3.0,1.0,0.0,2.0,1.0,0.0,0.0
61739.99999999999,478710.00000000006,22698.0,-23463.0,-2816.8,2.0,0.0,3.0,0.0,3.0,0.0,3.0,0.0,0.0,0.0
66080.0,470610.00000000006,20527.0,-10334.0,-1748.0,4.0,0.0,0.0,3.0,1.0,0.0,3.0,0.0,0.0,0.0
173180.0,1074060.0,57174.0,-10263.0,-3689.0,3.0,0.0,3.0,3.0,2.0,0.0,2.0,0.0,0.0,1.0
84280.0,623025.0,28132.0,-14655.0,-973.0,3.0,0.0,0.0,3.0,1.0,0.0,3.0,0.0,0.0,1.0
71960.0,512190.00000000006,24453.0,-17208.0,-1998.0,3.0,0.0,3.0,3.0,2.0,0.0,3.0,1.0,0.0,0.0
31499.999999999996,240975.00000000003,12038.0,-17719.0,-3973.0,2.0,0.0,3.0,3.0,3.0,3.0,2.0,0.0,0.0,1.0
84980.0,598860.0,29822.0,-8877.0,-2303.0,1.0,0.0,3.0,0.0,1.0,0.0,3.0,1.0,0.0,1.0
282730.0,1168155.0,74464.0,-14278.0,-745.6,2.0,1.0,3.0,3.0,3.0,0.0,3.0,0.0,0.0,0.0
102970.0,716175.0,35542.0,-18269.0,-288.0,1.0,0.0,3.0,0.0,0.0,0.0,2.0,0.0,1.0,1.0
215810.0,1034640.0000000001,46046.0,-18404.0,-828.0,1.0,0.0,3.0,3.0,1.0,0.0,3.0,0.0,0.0,1.0
248849.99999999997,1187055.0,75699.0,-8750.0,-864.0,1.0,0.0,1.0,3.0,4.0,0.0,2.0,0.0,1.0,1.0
120679.99999999999,829980.0,41288.0,-12490.0,-600.0,5.0,0.0,3.0,0.0,1.0,0.0,3.0,0.0,1.0,1.0
255849.99999999997,1099035.0,59839.0,-15003.0,-1497.0,2.0,0.0,1.0,3.0,2.0,0.0,3.0,0.0,0.0,0.0
161420.0,853875.0,36569.0,-15442.0,-623.0,2.0,0.0,2.0,0.0,1.0,3.0,2.0,0.0,1.0,1.0
74970.0,582795.0,29848.0,-8910.0,-2336.0,1.0,0.0,3.0,1.0,1.0,0.0,2.0,1.0,1.0,0.0
223650.0,1784835.0000000002,78143.0,-19146.0,-564.8000000000001,3.0,1.0,3.0,0.0,1.0,0.0,3.0,0.0,0.0,1.0
81060.0,356535.0,18720.0,-22175.0,-2524.0,1.0,0.0,3.0,3.0,1.0,0.0,2.0,1.0,0.0,1.0
135870.0,1089180.0,64480.0,-13723.0,-630.0,2.0,0.0,0.0,3.0,1.0,0.0,2.0,0.0,0.0,0.0
85820.0,468450.00000000006,23777.0,-23582.0,-938.4000000000001,2.0,0.0,3.0,3.0,1.0,1.0,2.0,1.0,1.0,1.0
85960.0,423495.0,23166.0,-15776.0,-263.0,2.0,0.0,3.0,0.0,1.0,0.0,3.0,1.0,0.0,0.0
93240.0,342765.0,19630.0,-12301.0,-453.0,1.0,0.0,3.0,3.0,4.0,0.0,3.0,0.0,0.0,1.0
67830.0,572400.0,30108.0,-17486.0,-4207.0,2.0,0.0,3.0,0.0,1.0,0.0,3.0,0.0,1.0,1.0
48930.0,272295.0,17251.0,-22687.0,-459.0,3.0,1.0,3.0,0.0,1.0,0.0,3.0,0.0,0.0,1.0
57190.0,478170.00000000006,29211.0,-11520.0,-168.8,2.0,0.0,0.0,3.0,1.0,0.0,3.0,0.0,1.0,1.0
124599.99999999999,433485.0,26039.0,-20447.0,-438.0,2.0,0.0,3.0,0.0,1.0,0.0,2.0,1.0,1.0,0.0
195860.0,1694115.0,93639.0,-21852.0,-50.400000000000006,2.0,0.0,1.0,3.0,0.0,0.0,1.0,0.0,0.0,1.0
70140.0,277290.0,15899.0,-12513.0,-1383.0,2.0,0.0,3.0,3.0,1.0,0.0,2.0,0.0,1.0,0.0
59849.99999999999,253800.00000000003,13858.0,-13679.0,-125.2,1.0,0.0,0.0,3.0,3.0,0.0,3.0,0.0,0.0,1.0
45990.0,318735.0,16471.0,-14771.0,-290.40000000000003,2.0,0.0,3.0,3.0,3.0,0.0,1.0,0.0,1.0,0.0
151340.0,1164915.0,54899.0,-9022.0,-978.8000000000001,2.0,0.0,3.0,0.0,1.0,0.0,2.0,0.0,1.0,1.0
86170.0,731430.0,30940.0,-13882.0,-4885.0,2.0,0.0,3.0,2.0,1.0,3.0,3.0,0.0,0.0,1.0
155470.0,945540.0000000001,61880.0,-11849.0,-47.0,1.0,0.0,3.0,3.0,1.0,0.0,3.0,0.0,0.0,0.0
108220.0,845235.0,44811.0,-8337.0,-704.8000000000001,2.0,0.0,0.0,0.0,1.0,2.0,1.0,0.0,0.0,1.0
67550.0,401625.0,17407.0,-8746.0,-286.40000000000003,4.0,0.0,1.0,0.0,1.0,0.0,2.0,0.0,1.0,1.0
103810.0,564300.0,25181.0,-22336.0,-4215.0,3.0,0.0,3.0,3.0,1.0,0.0,1.0,0.0,0.0,1.0
69090.0,425655.0,25402.0,-15126.0,-259.0,2.0,0.0,1.0,3.0,1.0,0.0,3.0,0.0,1.0,1.0
224770.0,1204065.0,77168.0,-8428.0,-109.2,4.0,0.0,0.0,0.0,0.0,1.0,3.0,1.0,0.0,1.0
148890.0,684990.0,30589.0,-11651.0,-3424.0,2.0,0.0,0.0,0.0,1.0,0.0,2.0,0.0,1.0,1.0
37590.0,287415.0,11713.0,-19364.0,-933.2,2.0,0.0,0.0,3.0,3.0,0.0,2.0,0.0,1.0,0.0
123899.99999999999,850905.0,49725.0,-14182.0,-26.400000000000002,2.0,0.0,1.0,0.0,1.0,2.0,2.0,0.0,0.0,1.0
93030.0,610470.0,29640.0,-10063.0,-2780.0,1.0,0.0,3.0,3.0,1.0,0.0,1.0,0.0,0.0,0.0
56630.0,434025.0,27274.0,-16287.0,-1986.0,2.0,0.0,0.0,3.0,1.0,0.0,2.0,1.0,1.0,1.0
85260.0,712800.0,32591.0,-15804.0,-304.0,3.0,0.0,3.0,3.0,2.0,0.0,2.0,1.0,0.0,1.0
169820.0,1246185.0,52195.0,-13939.0,-59.6,3.0,0.0,3.0,3.0,1.0,0.0,3.0,0.0,1.0,1.0
139230.0,726030.0,30472.0,-12466.0,-1655.0,2.0,0.0,1.0,0.0,2.0,0.0,2.0,0.0,0.0,1.0
74760.0,291330.0,16588.0,-22744.0,-2958.0,3.0,0.0,3.0,0.0,1.0,0.0,2.0,0.0,0.0,0.0
79660.0,663390.0,27703.0,-12706.0,-255.20000000000002,3.0,0.0,1.0,0.0,1.0,0.0,2.0,0.0,0.0,1.0
63979.99999999999,427275.0,27859.0,-20598.0,-1939.0,1.0,1.0,3.0,0.0,2.0,0.0,3.0,0.0,0.0,1.0
31499.999999999996,218160.0,9399.0,-21814.0,-183.20000000000002,2.0,0.0,0.0,3.0,1.0,0.0,2.0,0.0,1.0,0.0
315490.0,2068470.0000000002,88075.0,-11306.0,-141.0,4.0,0.0,0.0,3.0,1.0,0.0,3.0,0.0,1.0,1.0
85890.0,605340.0,35516.0,-16776.0,-1437.6000000000001,3.0,0.0,3.0,3.0,3.0,0.0,3.0,0.0,1.0,1.0
90230.0,586575.0,31499.0,-17818.0,-1788.0,2.0,0.0,3.0,3.0,1.0,0.0,2.0,0.0,0.0,0.0
55300.0,360450.0,18122.0,-19692.0,-114.4,1.0,0.0,3.0,0.0,1.0,0.0,2.0,1.0,0.0,0.0
118089.99999999999,773280.0,39793.0,-8050.0,-1098.0,3.0,0.0,3.0,3.0,2.0,0.0,3.0,0.0,0.0,0.0
88340.0,334125.0,16133.0,-10383.0,-736.0,2.0,0.0,1.0,0.0,1.0,0.0,1.0,1.0,0.0,0.0
146860.0,1092690.0,50349.0,-20767.0,-1189.0,4.0,0.0,0.0,3.0,1.0,3.0,3.0,0.0,0.0,1.0
112280.0,796365.0,40547.0,-21155.0,-654.8000000000001,2.0,0.0,1.0,0.0,1.0,2.0,3.0,0.0,1.0,1.0
51520.0,322380.0,15847.0,-16988.0,-1484.0,2.0,1.0,3.0,3.0,1.0,3.0,2.0,0.0,1.0,1.0
114030.0,664875.0,28886.0,-17091.0,-362.40000000000003,1.0,0.0,1.0,0.0,1.0,3.0,2.0,0.0,0.0,0.0
131180.0,619785.0,28769.0,-17097.0,-186.0,2.0,0.0,3.0,3.0,1.0,0.0,2.0,0.0,0.0,1.0
39970.0,237465.00000000003,10803.0,-20621.0,-38.800000000000004,2.0,0.0,3.0,3.0,1.0,0.0,2.0,0.0,0.0,0.0
147210.0,797715.0,50596.0,-9295.0,-1088.0,2.0,0.0,3.0,0.0,1.0,0.0,2.0,0.0,0.0,1.0
59989.99999999999,336960.0,19565.0,-14009.0,-590.0,4.0,1.0,0.0,3.0,3.0,0.0,3.0,0.0,0.0,0.0
351610.0,1946295.0000000002,114244.0,-19079.0,-708.0,2.0,0.0,3.0,3.0,0.0,0.0,2.0,0.0,0.0,1.0
99470.0,663525.0,36010.0,-9376.0,-2801.0,2.0,0.0,0.0,3.0,3.0,0.0,3.0,0.0,0.0,0.0
202160.0,1011150.0000000001,43511.0,-11831.0,-113.60000000000001,2.0,0.0,3.0,0.0,1.0,0.0,2.0,0.0,1.0,1.0
123969.99999999999,859275.0,47710.0,-14545.0,-543.0,2.0,1.0,3.0,3.0,1.0,0.0,1.0,0.0,1.0,1.0
60759.99999999999,428085.0,27846.0,-22941.0,-1882.0,3.0,0.0,3.0,3.0,1.0,0.0,2.0,0.0,1.0,1.0
76090.0,623700.0,28587.0,-10377.0,-411.0,2.0,0.0,3.0,0.0,1.0,0.0,3.0,0.0,0.0,1.0
243879.99999999997,966465.0000000001,44967.0,-22923.0,-3192.0,2.0,0.0,3.0,3.0,1.0,0.0,3.0,0.0,0.0,1.0
93800.0,512190.00000000006,25311.0,-14761.0,-36.0,5.0,0.0,1.0,3.0,1.0,0.0,3.0,0.0,0.0,1.0
89040.0,485595.00000000006,31109.0,-17460.0,-5103.0,3.0,0.0,3.0,3.0,1.0,0.0,2.0,0.0,0.0,0.0
229529.99999999997,1876230.0000000002,88634.0,-17017.0,-521.2,3.0,0.0,1.0,3.0,1.0,0.0,3.0,0.0,0.0,1.0
138670.0,672165.0,39234.0,-18765.0,-21.6,2.0,0.0,0.0,3.0,1.0,0.0,1.0,0.0,1.0,1.0
108710.0,388800.0,21294.0,-13955.0,-940.0,2.0,0.0,0.0,2.0,1.0,0.0,2.0,0.0,0.0,0.0
149940.0,1240650.0,71864.0,-20672.0,-266.0,2.0,0.0,3.0,3.0,3.0,0.0,3.0,0.0,1.0,0.0
115499.99999999999,879255.0,57343.0,-15516.0,-1574.0,2.0,0.0,0.0,1.0,0.0,0.0,3.0,1.0,1.0,1.0
119209.99999999999,932310.0000000001,46280.0,-13991.0,-59.2,2.0,0.0,0.0,0.0,3.0,0.0,3.0,0.0,0.0,1.0
169540.0,949860.0000000001,47554.0,-7967.0,-323.0,2.0,1.0,0.0,0.0,1.0,0.0,3.0,0.0,0.0,1.0
69160.0,530955.0,23569.0,-16309.0,-1947.0,1.0,0.0,3.0,3.0,0.0,0.0,2.0,0.0,0.0,0.0
173250.0,634230.0,28483.0,-11546.0,-747.2,3.0,0.0,3.0,3.0,0.0,0.0,3.0,1.0,1.0,0.0
80430.0,394335.0,24622.0,-10539.0,-208.0,1.0,0.0,3.0,3.0,1.0,0.0,3.0,0.0,1.0,1.0
68530.0,451170.00000000006,19929.0,-11011.0,-745.0,3.0,0.0,3.0,3.0,1.0,0.0,2.0,0.0,1.0,1.0
129849.99999999999,744390.0,48191.0,-9602.0,-1733.0,3.0,1.0,3.0,3.0,0.0,0.0,1.0,1.0,1.0,0.0
194740.0,1014930.0000000001,46059.0,-7977.0,-263.2,4.0,0.0,3.0,2.0,3.0,0.0,2.0,0.0,1.0,0.0
89670.0,711720.0,30719.0,-16202.0,-47.6,1.0,0.0,3.0,0.0,3.0,0.0,2.0,0.0,1.0,0.0
116339.99999999999,660285.0,39403.0,-17559.0,-852.0,4.0,0.0,1.0,3.0,3.0,0.0,2.0,0.0,1.0,0.0
132790.0,502470.00000000006,32604.0,-12536.0,-565.0,2.0,0.0,0.0,3.0,1.0,0.0,1.0,0.0,1.0,1.0
219240.0,841995.0,40196.0,-17860.0,-182.0,1.0,0.0,3.0,0.0,3.0,0.0,2.0,0.0,0.0,0.0
57190.0,430785.0,19019.0,-13089.0,-1194.8,4.0,1.0,3.0,3.0,0.0,0.0,3.0,0.0,0.0,0.0
127679.99999999999,574695.0,30745.0,-16261.0,-372.0,1.0,0.0,1.0,3.0,1.0,0.0,3.0,1.0,0.0,1.0
187180.0,1204875.0,62296.0,-13332.0,-219.20000000000002,1.0,0.0,3.0,0.0,4.0,0.0,2.0,0.0,1.0,1.0
70210.0,426195.0,17979.0,-10632.0,-461.0,2.0,0.0,2.0,3.0,1.0,3.0,2.0,0.0,1.0,1.0
135380.0,1153305.0,48165.0,-9788.0,-127.60000000000001,2.0,0.0,3.0,3.0,1.0,0.0,2.0,0.0,0.0,0.0
82600.0,390150.0,17901.0,-10608.0,-755.2,3.0,0.0,3.0,3.0,1.0,0.0,2.0,0.0,0.0,0.0
42140.0,231525.00000000003,11193.0,-22515.0,-172.8,1.0,0.0,3.0,3.0,0.0,0.0,3.0,1.0,0.0,1.0
99540.0,461025.00000000006,19058.0,-21801.0,-2989.0,2.0,0.0,3.0,0.0,1.0,3.0,1.0,1.0,0.0,0.0
106400.0,409725.0,25597.0,-7712.0,-1138.0,3.0,0.0,3.0,3.0,4.0,0.0,2.0,0.0,0.0,1.0
258929.99999999997,1932660.0000000002,111033.0,-20377.0,-153.0,2.0,1.0,3.0,3.0,1.0,0.0,2.0,0.0,1.0,0.0
64399.99999999999,507600.00000000006,26416.0,-18317.0,-198.8,3.0,0.0,3.0,3.0,1.0,0.0,3.0,0.0,0.0,0.0
50680.0,423900.0,23387.0,-9518.0,-2197.0,4.0,0.0,3.0,1.0,1.0,0.0,3.0,1.0,0.0,1.0
52990.0,319950.0,17472.0,-20227.0,-106.80000000000001,4.0,0.0,3.0,0.0,3.0,0.0,1.0,1.0,0.0,1.0
113960.0,433620.0,22230.0,-12020.0,-1575.6000000000001,4.0,0.0,3.0,0.0,1.0,0.0,3.0,0.0,0.0,1.0
63559.99999999999,535140.0,30420.0,-14276.0,-4054.0,2.0,0.0,0.0,0.0,1.0,0.0,2.0,0.0,0.0,1.0
115779.99999999999,651105.0,30888.0,-22469.0,-697.6,2.0,0.0,3.0,3.0,3.0,0.0,1.0,1.0,1.0,1.0
239469.99999999997,1997055.0000000002,113139.0,-19742.0,-197.60000000000002,1.0,1.0,0.0,3.0,3.0,0.0,2.0,0.0,0.0,1.0
61669.99999999999,451305.00000000006,20644.0,-9960.0,-594.4,3.0,0.0,3.0,3.0,2.0,0.0,3.0,0.0,1.0,1.0
89530.0,615870.0,32591.0,-15061.0,-103.60000000000001,1.0,1.0,3.0,0.0,1.0,0.0,3.0,1.0,1.0,0.0
145460.0,712665.0,30836.0,-14383.0,-118.80000000000001,2.0,0.0,0.0,3.0,1.0,0.0,2.0,0.0,0.0,1.0
90580.0,638145.0,38064.0,-13008.0,-781.0,4.0,0.0,1.0,3.0,3.0,0.0,3.0,1.0,0.0,0.0
86520.0,525420.0,31616.0,-9269.0,-2694.0,1.0,0.0,1.0,0.0,1.0,2.0,3.0,0.0,1.0,0.0
141190.0,1006155.0000000001,41860.0,-14358.0,-323.0,3.0,0.0,0.0,0.0,1.0,0.0,2.0,0.0,0.0,1.0
301770.0,1934145.0000000002,95472.0,-9128.0,-2553.0,2.0,0.0,2.0,3.0,1.0,0.0,2.0,0.0,1.0,0.0
122149.99999999999,562680.0,32903.0,-8844.0,-482.8,1.0,0.0,1.0,0.0,2.0,0.0,2.0,0.0,0.0,1.0
93730.0,555255.0,24362.0,-23188.0,-1732.0,3.0,0.0,3.0,3.0,1.0,0.0,2.0,0.0,0.0,0.0
110600.0,491400.00000000006,30563.0,-13858.0,-278.0,2.0,0.0,3.0,3.0,1.0,0.0,2.0,0.0,1.0,1.0
51030.0,336690.0,14612.0,-16730.0,-796.0,2.0,0.0,0.0,1.0,0.0,0.0,3.0,1.0,0.0,1.0
109690.0,434160.0,19903.0,-19182.0,-2865.2000000000003,3.0,0.0,3.0,3.0,3.0,1.0,3.0,0.0,1.0,1.0
81690.0,454275.00000000006,18434.0,-22037.0,-792.0,2.0,0.0,3.0,3.0,3.0,0.0,3.0,1.0,1.0,1.0
91000.0,620190.0,32136.0,-18308.0,-260.0,2.0,0.0,3.0,3.0,1.0,0.0,2.0,0.0,1.0,1.0
46970.0,339390.0,16900.0,-18129.0,-987.0,2.0,0.0,0.0,0.0,1.0,0.0,2.0,0.0,0.0,1.0
92470.0,360585.0,23543.0,-17285.0,-5816.0,5.0,0.0,3.0,0.0,1.0,0.0,3.0,0.0,1.0,1.0
93240.0,646380.0,31577.0,-9432.0,-182.8,4.0,0.0,0.0,0.0,0.0,0.0,3.0,0.0,0.0,1.0
75320.0,514215.00000000006,32812.0,-9154.0,-149.0,2.0,0.0,3.0,0.0,1.0,0.0,3.0,1.0,0.0,1.0
79380.0,387990.0,20449.0,-7959.0,-617.0,3.0,0.0,1.0,3.0,1.0,0.0,3.0,0.0,0.0,1.0
67130.0,314280.0,16120.0,-8921.0,-78.4,1.0,0.0,3.0,3.0,1.0,0.0,2.0,0.0,0.0,1.0
69720.0,549585.0,28119.0,-16990.0,-728.0,1.0,1.0,0.0,1.0,1.0,0.0,1.0,0.0,1.0,0.0
71610.0,589410.0,28912.0,-21354.0,-4712.0,1.0,0.0,2.0,0.0,1.0,0.0,3.0,0.0,1.0,1.0
418320.0,2373030.0,141336.0,-21097.0,-108.0,2.0,0.0,3.0,3.0,1.0,0.0,2.0,0.0,0.0,1.0
97370.0,825255.0,44005.0,-22282.0,-3045.0,1.0,0.0,3.0,3.0,1.0,0.0,3.0,1.0,1.0,0.0
163800.0,1160190.0,67938.0,-22100.0,-1543.0,1.0,0.0,0.0,0.0,1.0,0.0,1.0,0.0,0.0,1.0
52850.0,188460.0,10231.0,-19619.0,-712.0,1.0,0.0,0.0,3.0,1.0,0.0,3.0,0.0,0.0,0.0
179760.0,1506735.0,78273.0,-18304.0,-2006.0,1.0,0.0,3.0,0.0,1.0,0.0,2.0,0.0,0.0,1.0
123199.99999999999,483165.00000000006,24115.0,-18152.0,-459.0,1.0,0.0,2.0,1.0,1.0,1.0,2.0,0.0,0.0,1.0
93870.0,408510.0,17277.0,-8151.0,-1304.0,2.0,0.0,0.0,0.0,1.0,0.0,1.0,0.0,0.0,1.0
100520.0,673245.0,32591.0,-18088.0,-14.4,1.0,0.0,3.0,3.0,1.0,0.0,3.0,1.0,0.0,1.0
171430.0,898290.0000000001,47138.0,-10308.0,-16.8,3.0,0.0,1.0,3.0,1.0,0.0,2.0,1.0,1.0,1.0
97370.0,796635.0,42354.0,-15737.0,-2317.0,1.0,0.0,3.0,0.0,0.0,0.0,2.0,0.0,1.0,1.0
54250.0,243135.00000000003,13078.0,-11929.0,-4529.0,4.0,1.0,3.0,3.0,1.0,0.0,2.0,0.0,1.0,1.0
118999.99999999999,581985.0,36556.0,-16420.0,-403.0,5.0,0.0,3.0,3.0,3.0,0.0,2.0,1.0,0.0,0.0
68250.0,463590.00000000006,26260.0,-18478.0,-1462.4,1.0,0.0,0.0,0.0,3.0,0.0,3.0,0.0,0.0,1.0
76370.0,309150.0,15574.0,-18592.0,-328.40000000000003,4.0,1.0,3.0,0.0,3.0,0.0,1.0,0.0,0.0,0.0
58449.99999999999,371925.0,17628.0,-21384.0,-1308.4,2.0,0.0,3.0,1.0,1.0,0.0,3.0,0.0,1.0,1.0
48510.0,410265.0,20215.0,-11314.0,-752.0,2.0,1.0,3.0,0.0,1.0,3.0,2.0,0.0,0.0,0.0
112420.0,747495.0,38168.0,-7853.0,-70.4,5.0,0.0,2.0,3.0,1.0,0.0,2.0,0.0,0.0,1.0
134680.0,765990.0,32994.0,-22346.0,-982.0,2.0,0.0,3.0,0.0,3.0,0.0,3.0,0.0,0.0,1.0
70770.0,555525.0,26039.0,-20348.0,-74.4,1.0,0.0,3.0,3.0,1.0,0.0,1.0,0.0,0.0,0.0
127119.99999999999,625860.0,32903.0,-9830.0,-2807.0,3.0,0.0,0.0,3.0,1.0,0.0,2.0,0.0,0.0,0.0
99960.0,656910.0,29640.0,-22982.0,-767.0,3.0,0.0,3.0,0.0,1.0,0.0,3.0,0.0,0.0,0.0
113260.0,688770.0,34138.0,-18728.0,-583.0,3.0,0.0,3.0,3.0,1.0,0.0,2.0,0.0,1.0,1.0
43120.0,278370.0,13949.0,-17611.0,-187.60000000000002,3.0,0.0,3.0,1.0,4.0,0.0,2.0,0.0,1.0,1.0
70210.0,543510.0,34983.0,-18622.0,-190.4,3.0,0.0,0.0,3.0,2.0,0.0,2.0,0.0,0.0,0.0
106820.0,899640.0000000001,47736.0,-15862.0,-218.8,1.0,0.0,0.0,3.0,1.0,0.0,1.0,1.0,0.0,1.0
53900.0,190755.0,12285.0,-8956.0,-1019.0,1.0,0.0,3.0,3.0,4.0,0.0,2.0,1.0,0.0,1.0
140770.0,1109295.0,67652.0,-10387.0,-3794.0,1.0,0.0,0.0,3.0,1.0,0.0,3.0,0.0,1.0,1.0
169470.0,1312470.0,66846.0,-22092.0,-7521.0,4.0,0.0,3.0,0.0,1.0,0.0,3.0,0.0,0.0,1.0
225120.0,1444230.0,89037.0,-17120.0,-193.0,2.0,1.0,3.0,0.0,4.0,0.0,3.0,1.0,0.0,1.0
31779.999999999996,196020.0,8684.0,-9305.0,-103.0,3.0,0.0,0.0,3.0,3.0,0.0,1.0,0.0,0.0,0.0
89530.0,362205.0,20761.0,-16369.0,-225.60000000000002,4.0,1.0,3.0,3.0,1.0,0.0,1.0,0.0,0.0,1.0
61179.99999999999,507465.00000000006,26104.0,-13433.0,-159.0,3.0,0.0,3.0,3.0,1.0,0.0,3.0,0.0,0.0,1.0
76090.0,536490.0,22607.0,-8556.0,-176.0,3.0,0.0,3.0,3.0,3.0,0.0,3.0,0.0,0.0,1.0
101290.0,738585.0,30134.0,-22818.0,-433.20000000000005,2.0,0.0,3.0,3.0,1.0,0.0,2.0,0.0,1.0,1.0
112280.0,514620.00000000006,32903.0,-14109.0,-1638.0,2.0,0.0,0.0,3.0,1.0,1.0,3.0,0.0,1.0,0.0
120679.99999999999,781110.0,47021.0,-12405.0,-2285.2000000000003,1.0,0.0,1.0,3.0,1.0,0.0,3.0,0.0,0.0,1.0
201040.0,1448280.0,91728.0,-14209.0,-224.0,2.0,0.0,3.0,3.0,1.0,2.0,3.0,1.0,1.0,0.0
967889.9999999999,4050000.0000000005,173849.0,-10304.0,-2509.0,2.0,0.0,3.0,0.0,1.0,0.0,3.0,0.0,0.0,0.0
110670.0,796635.0,36595.0,-23670.0,-498.0,1.0,0.0,1.0,2.0,1.0,0.0,2.0,0.0,0.0,1.0
170940.0,1032480.0000000001,55224.0,-11105.0,-2491.0,1.0,0.0,3.0,3.0,1.0,0.0,3.0,0.0,0.0,1.0
95620.0,385560.0,25207.0,-12305.0,-1900.8000000000002,2.0,0.0,0.0,3.0,1.0,0.0,3.0,0.0,1.0,1.0
103530.0,847530.0,54639.0,-20077.0,-1651.2,2.0,0.0,3.0,0.0,1.0,0.0,1.0,0.0,0.0,0.0
202790.0,940410.0000000001,40768.0,-8950.0,-342.8,2.0,1.0,3.0,3.0,0.0,0.0,3.0,0.0,0.0,0.0
66220.0,530685.0,31187.0,-19248.0,-382.8,2.0,0.0,3.0,3.0,1.0,0.0,2.0,0.0,0.0,1.0
67690.0,289035.0,16796.0,-11388.0,-1003.0,2.0,0.0,3.0,3.0,0.0,0.0,3.0,0.0,0.0,0.0
174860.0,1269540.0,51389.0,-19978.0,-74.4,3.0,1.0,0.0,3.0,1.0,0.0,3.0,0.0,0.0,0.0
116479.99999999999,958500.0000000001,47970.0,-21597.0,-1084.0,1.0,0.0,3.0,0.0,1.0,0.0,2.0,0.0,0.0,1.0
93240.0,714825.0,29419.0,-16634.0,-354.0,2.0,0.0,3.0,3.0,1.0,0.0,3.0,0.0,0.0,1.0
45920.0,218295.0,13078.0,-20669.0,-3369.0,1.0,0.0,1.0,3.0,1.0,0.0,2.0,1.0,0.0,0.0
103180.0,363015.0,18876.0,-10617.0,-2697.0,3.0,0.0,2.0,3.0,1.0,0.0,3.0,0.0,0.0,1.0
108150.0,510705.00000000006,21554.0,-17301.0,-317.0,1.0,0.0,0.0,3.0,1.0,0.0,3.0,0.0,1.0,1.0
104650.0,444555.00000000006,28197.0,-19695.0,-2316.4,2.0,0.0,3.0,0.0,1.0,0.0,2.0,0.0,0.0,0.0
260049.99999999997,1271025.0,78845.0,-14393.0,-1770.0,1.0,1.0,1.0,3.0,1.0,0.0,3.0,0.0,1.0,1.0
94080.0,464940.00000000006,23088.0,-10219.0,-729.2,4.0,0.0,0.0,3.0,1.0,0.0,2.0,0.0,0.0,1.0
69650.0,405270.0,22854.0,-21711.0,-540.0,3.0,0.0,1.0,0.0,1.0,0.0,3.0,0.0,0.0,1.0
153370.0,789210.0,45409.0,-15589.0,-641.6,3.0,0.0,3.0,3.0,1.0,0.0,1.0,0.0,0.0,0.0
103320.0,410940.0,25285.0,-15234.0,-425.0,2.0,0.0,3.0,3.0,1.0,0.0,3.0,0.0,0.0,1.0
221550.0,1110915.0,69485.0,-8672.0,-445.0,2.0,0.0,0.0,0.0,0.0,1.0,2.0,1.0,0.0,1.0
128589.99999999999,1045710.0000000001,43043.0,-8321.0,-199.20000000000002,2.0,0.0,1.0,3.0,3.0,0.0,3.0,1.0,1.0,1.0
272440.0,1124280.0,71032.0,-14200.0,-4294.0,5.0,0.0,3.0,0.0,1.0,1.0,2.0,0.0,0.0,1.0
267190.0,1205955.0,51480.0,-10085.0,-1238.4,2.0,0.0,3.0,0.0,1.0,0.0,3.0,0.0,1.0,0.0
31709.999999999996,135675.0,7618.0,-23473.0,-760.4000000000001,2.0,0.0,0.0,3.0,1.0,0.0,3.0,0.0,0.0,0.0
59149.99999999999,486135.00000000006,24063.0,-20491.0,-304.0,1.0,0.0,3.0,3.0,1.0,0.0,2.0,1.0,0.0,0.0
183050.0,1046115.0000000001,56667.0,-10143.0,-2266.0,4.0,0.0,1.0,3.0,1.0,0.0,3.0,0.0,1.0,1.0
222320.0,1638495.0,86645.0,-10361.0,-2448.0,4.0,0.0,3.0,0.0,1.0,0.0,3.0,0.0,0.0,1.0
139160.0,890325.0000000001,54912.0,-21210.0,-1981.0,2.0,0.0,3.0,3.0,0.0,0.0,2.0,0.0,0.0,1.0
146790.0,541620.0,29523.0,-21229.0,-430.40000000000003,1.0,0.0,1.0,0.0,3.0,0.0,3.0,0.0,1.0,1.0
277900.0,1099035.0,66053.0,-13045.0,-6470.0,3.0,0.0,1.0,3.0,3.0,0.0,2.0,0.0,0.0,1.0
112910.0,772605.0,39390.0,-7692.0,-1117.0,2.0,0.0,0.0,0.0,1.0,0.0,3.0,0.0,0.0,1.0
58939.99999999999,206820.0,9490.0,-19394.0,-1160.0,2.0,0.0,0.0,1.0,1.0,0.0,3.0,0.0,0.0,1.0
86870.0,532575.0,28301.0,-20483.0,-793.6,1.0,0.0,0.0,3.0,1.0,0.0,2.0,1.0,0.0,1.0
151970.0,986580.0000000001,63726.0,-21175.0,-924.0,3.0,0.0,0.0,3.0,1.0,2.0,3.0,1.0,1.0,0.0
107310.0,423765.0,17862.0,-11303.0,-79.2,2.0,0.0,3.0,3.0,4.0,0.0,3.0,0.0,1.0,1.0
140140.0,1210140.0,74425.0,-16454.0,-824.8000000000001,2.0,0.0,0.0,0.0,1.0,1.0,3.0,0.0,0.0,1.0
56700.0,371250.0,21359.0,-11477.0,-2243.0,2.0,0.0,3.0,3.0,1.0,0.0,3.0,0.0,0.0,1.0
49560.0,391500.0,18291.0,-12900.0,-897.2,1.0,0.0,1.0,3.0,1.0,0.0,3.0,0.0,0.0,0.0
62859.99999999999,233415.00000000003,12467.0,-11736.0,-2082.0,3.0,0.0,3.0,3.0,3.0,0.0,2.0,0.0,1.0,1.0
137690.0,794070.0,37232.0,-13702.0,-1874.0,2.0,0.0,0.0,3.0,1.0,0.0,3.0,0.0,1.0,0.0
72240.0,504495.00000000006,29614.0,-14356.0,-14.4,1.0,0.0,0.0,0.0,1.0,0.0,2.0,0.0,0.0,1.0
95620.0,739665.0,32617.0,-8308.0,-778.0,3.0,0.0,3.0,0.0,1.0,0.0,2.0,0.0,0.0,0.0
82180.0,287820.0,14365.0,-14985.0,-1344.0,3.0,0.0,3.0,2.0,1.0,0.0,2.0,1.0,1.0,1.0
32059.999999999996,196290.0,11661.0,-11200.0,-3357.0,2.0,1.0,0.0,3.0,1.0,0.0,3.0,0.0,0.0,1.0
38010.0,256635.00000000003,12662.0,-13299.0,-2098.0,1.0,1.0,1.0,3.0,1.0,0.0,2.0,1.0,1.0,1.0
66780.0,380025.0,21385.0,-21203.0,-149.0,2.0,0.0,3.0,3.0,1.0,0.0,2.0,0.0,1.0,1.0
106820.0,385155.0,18486.0,-18725.0,-600.0,2.0,0.0,0.0,3.0,0.0,0.0,3.0,0.0,1.0,0.0
131880.0,1110510.0,48308.0,-13540.0,-6620.0,1.0,0.0,1.0,3.0,1.0,0.0,3.0,0.0,1.0,1.0
88410.0,413640.0,22139.0,-8386.0,-604.0,3.0,0.0,3.0,3.0,1.0,0.0,2.0,1.0,0.0,1.0
123969.99999999999,1062315.0,44044.0,-16750.0,-1527.0,1.0,0.0,2.0,3.0,1.0,0.0,3.0,0.0,0.0,0.0
141470.0,940680.0000000001,48529.0,-20179.0,-709.6,1.0,0.0,3.0,0.0,2.0,0.0,3.0,1.0,1.0,1.0
45500.0,282285.0,12272.0,-14507.0,-1452.0,2.0,0.0,3.0,0.0,1.0,0.0,3.0,1.0,0.0,1.0
216230.0,1623105.0,72631.0,-20984.0,-302.0,5.0,0.0,3.0,3.0,1.0,0.0,1.0,1.0,1.0,1.0
60409.99999999999,476280.00000000006,30264.0,-10070.0,-1382.4,4.0,0.0,3.0,0.0,1.0,0.0,3.0,0.0,1.0,1.0
102480.0,554985.0,27404.0,-11304.0,-817.0,2.0,0.0,0.0,3.0,1.0,0.0,2.0,1.0,1.0,1.0
57399.99999999999,212220.0,13832.0,-19084.0,-1403.0,2.0,0.0,3.0,3.0,1.0,0.0,2.0,0.0,1.0,1.0
121519.99999999999,884385.0,42601.0,-16347.0,-1022.4000000000001,2.0,0.0,0.0,3.0,1.0,0.0,2.0,1.0,0.0,1.0
93940.0,378270.0,21736.0,-10379.0,-1390.0,4.0,0.0,2.0,0.0,3.0,0.0,2.0,0.0,0.0,0.0
91070.0,630990.0,27612.0,-17119.0,-5761.0,2.0,0.0,3.0,3.0,1.0,0.0,3.0,0.0,0.0,0.0
162400.0,837405.0,45565.0,-18806.0,-441.20000000000005,2.0,0.0,2.0,0.0,1.0,1.0,3.0,0.0,0.0,1.0
199220.0,1630665.0,83122.0,-8066.0,-704.0,1.0,0.0,1.0,3.0,4.0,0.0,3.0,0.0,0.0,1.0
68950.0,352755.0,17719.0,-22779.0,-1675.6000000000001,2.0,0.0,1.0,3.0,0.0,0.0,3.0,0.0,1.0,1.0
62439.99999999999,239355.00000000003,11050.0,-20117.0,-3208.0,2.0,0.0,1.0,0.0,1.0,0.0,1.0,0.0,0.0,0.0
87500.0,577935.0,31577.0,-22469.0,-534.0,2.0,0.0,3.0,3.0,4.0,0.0,2.0,1.0,0.0,1.0
215460.0,1492695.0,86437.0,-9540.0,-1045.0,1.0,1.0,0.0,1.0,1.0,3.0,2.0,1.0,0.0,0.0
259699.99999999997,1099710.0,45448.0,-23647.0,-1543.0,4.0,0.0,0.0,3.0,2.0,0.0,2.0,1.0,0.0,1.0
187110.0,770040.0,35243.0,-9276.0,-2701.0,1.0,0.0,3.0,3.0,1.0,1.0,3.0,0.0,1.0,0.0
168910.0,1018170.0000000001,60138.0,-10480.0,-1675.0,4.0,0.0,0.0,0.0,1.0,0.0,3.0,0.0,1.0,1.0
64609.99999999999,327240.0,19760.0,-20119.0,-506.0,2.0,1.0,3.0,0.0,3.0,0.0,2.0,1.0,0.0,1.0
89530.0,541890.0,26533.0,-13604.0,-1304.0,2.0,0.0,3.0,3.0,1.0,2.0,3.0,1.0,1.0,0.0
64609.99999999999,326025.0,16523.0,-23257.0,-1253.2,4.0,1.0,3.0,3.0,3.0,0.0,1.0,0.0,0.0,0.0
80290.0,424305.0,19942.0,-9760.0,-2614.0,1.0,0.0,0.0,3.0,3.0,2.0,2.0,0.0,1.0,1.0
50680.0,371655.0,22256.0,-11758.0,-14.4,1.0,0.0,3.0,0.0,3.0,0.0,3.0,0.0,0.0,1.0
63629.99999999999,520290.00000000006,24479.0,-9783.0,-1078.0,4.0,0.0,3.0,3.0,3.0,0.0,2.0,0.0,0.0,1.0
78190.0,414045.0,18083.0,-19791.0,-741.2,2.0,0.0,3.0,3.0,1.0,0.0,3.0,0.0,1.0,1.0
80640.0,602505.0,35789.0,-22906.0,-692.0,2.0,0.0,0.0,3.0,1.0,0.0,3.0,0.0,1.0,1.0
134750.0,892890.0000000001,44863.0,-20556.0,-303.2,1.0,0.0,3.0,3.0,1.0,0.0,3.0,0.0,0.0,0.0
78330.0,322650.0,16887.0,-8293.0,-1719.0,4.0,0.0,3.0,0.0,1.0,0.0,3.0,0.0,0.0,1.0
52640.0,191025.0,11973.0,-15901.0,-517.2,2.0,0.0,3.0,3.0,1.0,0.0,2.0,0.0,1.0,1.0
98700.0,846180.0,37232.0,-15884.0,-587.6,4.0,0.0,2.0,3.0,1.0,0.0,3.0,0.0,1.0,1.0
186270.0,1406025.0,57408.0,-20542.0,-1552.0,3.0,0.0,3.0,0.0,1.0,0.0,1.0,0.0,0.0,0.0
178780.0,1295595.0,77883.0,-9260.0,-1731.0,1.0,0.0,3.0,1.0,1.0,0.0,3.0,0.0,0.0,0.0
341040.0,1943055.0000000002,92755.0,-20485.0,-321.6,3.0,0.0,3.0,3.0,3.0,0.0,2.0,0.0,1.0,0.0
75320.0,292545.0,12090.0,-9695.0,-2414.0,2.0,1.0,3.0,3.0,0.0,0.0,2.0,0.0,1.0,0.0
38500.0,176175.0,9386.0,-15782.0,-3037.0,4.0,0.0,3.0,0.0,1.0,0.0,3.0,0.0,0.0,1.0
171850.0,1182735.0,58578.0,-8065.0,-125.0,4.0,0.0,3.0,3.0,1.0,0.0,3.0,1.0,1.0,1.0
59219.99999999999,209115.0,12220.0,-17373.0,-273.6,2.0,0.0,3.0,3.0,0.0,0.0,3.0,0.0,0.0,0.0
73360.0,590220.0,29302.0,-11844.0,-911.2,4.0,0.0,3.0,3.0,1.0,0.0,2.0,1.0,0.0,1.0
175280.0,837945.0,44161.0,-8720.0,-2146.0,1.0,0.0,3.0,3.0,1.0,0.0,2.0,0.0,0.0,1.0
49000.0,312390.0,19708.0,-10196.0,-216.0,3.0,0.0,0.0,0.0,1.0,0.0,3.0,0.0,0.0,1.0
44660.0,250155.00000000003,12597.0,-16724.0,-1192.0,2.0,0.0,0.0,3.0,1.0,0.0,3.0,0.0,0.0,1.0
93310.0,597375.0,34645.0,-11362.0,-870.0,2.0,0.0,1.0,0.0,1.0,0.0,1.0,0.0,1.0,0.0
60829.99999999999,335475.0,20488.0,-14948.0,-2622.0,1.0,0.0,1.0,0.0,1.0,0.0,1.0,0.0,0.0,1.0
67760.0,439290.0,21580.0,-18444.0,-139.0,1.0,0.0,3.0,3.0,1.0,0.0,2.0,0.0,0.0,1.0
132440.0,541755.0,26806.0,-9195.0,-461.0,2.0,0.0,3.0,3.0,3.0,0.0,3.0,0.0,1.0,0.0
397320.0,1859220.0000000002,110201.0,-22938.0,-87.60000000000001,1.0,0.0,2.0,3.0,2.0,0.0,2.0,0.0,0.0,0.0
159880.0,1255905.0,73749.0,-23581.0,-190.0,5.0,0.0,0.0,3.0,2.0,0.0,2.0,0.0,0.0,1.0
94010.0,422010.0,20072.0,-9660.0,-2389.0,1.0,0.0,2.0,0.0,1.0,0.0,3.0,0.0,0.0,1.0
58379.99999999999,454140.00000000006,28145.0,-22606.0,-423.0,4.0,0.0,3.0,1.0,3.0,0.0,2.0,0.0,1.0,1.0
228200.0,1811565.0000000002,101023.0,-8505.0,-721.0,2.0,1.0,3.0,3.0,1.0,0.0,2.0,1.0,1.0,0.0
122359.99999999999,972945.0000000001,51389.0,-20545.0,-1335.0,1.0,0.0,1.0,0.0,3.0,0.0,3.0,1.0,0.0,0.0
72170.0,610605.0,30082.0,-17165.0,-2598.0,3.0,0.0,3.0,3.0,1.0,0.0,3.0,1.0,1.0,1.0
71400.0,615195.0,25922.0,-21771.0,-2183.0,2.0,0.0,2.0,3.0,3.0,2.0,3.0,0.0,1.0,0.0
39760.0,283635.0,11557.0,-16334.0,-1334.0,1.0,0.0,3.0,3.0,3.0,0.0,3.0,0.0,1.0,0.0
74620.0,598590.0,28340.0,-8811.0,-2236.0,1.0,0.0,0.0,0.0,1.0,0.0,3.0,0.0,0.0,1.0
84980.0,549180.0,27066.0,-16618.0,-343.0,2.0,0.0,3.0,3.0,1.0,0.0,3.0,1.0,0.0,1.0
52220.0,429300.0,26078.0,-14575.0,-732.8000000000001,1.0,0.0,1.0,0.0,1.0,3.0,2.0,0.0,0.0,1.0
194600.0,1420875.0,83291.0,-8573.0,-175.20000000000002,3.0,0.0,3.0,0.0,1.0,1.0,3.0,0.0,1.0,1.0
93100.0,761130.0,40547.0,-11806.0,-92.4,2.0,1.0,3.0,3.0,2.0,0.0,2.0,0.0,1.0,1.0
81830.0,429165.0,18590.0,-11603.0,-420.8,3.0,0.0,3.0,0.0,1.0,0.0,2.0,0.0,0.0,0.0
58729.99999999999,499905.00000000006,25103.0,-17702.0,-597.2,1.0,1.0,1.0,0.0,1.0,0.0,2.0,0.0,0.0,1.0
73220.0,297810.0,15158.0,-22030.0,-14.4,2.0,0.0,3.0,3.0,1.0,0.0,2.0,0.0,0.0,0.0
128449.99999999999,806220.0,43992.0,-16182.0,-103.60000000000001,3.0,0.0,3.0,0.0,0.0,0.0,2.0,0.0,0.0,1.0
121869.99999999999,552150.0,29328.0,-8706.0,-14.4,2.0,1.0,3.0,3.0,4.0,0.0,2.0,0.0,0.0,1.0
109130.0,461430.00000000006,29367.0,-11543.0,-2478.0,1.0,0.0,3.0,3.0,4.0,0.0,3.0,0.0,1.0,0.0
167230.0,990090.0000000001,40976.0,-8677.0,-1853.0,4.0,0.0,0.0,3.0,1.0,0.0,1.0,0.0,0.0,1.0
126699.99999999999,463185.00000000006,20540.0,-10871.0,-1510.8000000000002,2.0,0.0,3.0,3.0,1.0,2.0,3.0,0.0,1.0,1.0
141750.0,775035.0,45058.0,-10462.0,-3888.0,3.0,1.0,3.0,3.0,1.0,0.0,3.0,0.0,0.0,1.0
139650.0,1120635.0,46592.0,-21618.0,-208.8,2.0,0.0,0.0,0.0,4.0,0.0,1.0,0.0,1.0,1.0
236249.99999999997,1448955.0,66235.0,-16956.0,-1232.0,2.0,0.0,3.0,0.0,1.0,0.0,3.0,1.0,0.0,1.0
269710.0,1539270.0,65819.0,-10978.0,-357.0,3.0,1.0,1.0,3.0,3.0,0.0,3.0,0.0,0.0,1.0
96880.0,709290.0,43849.0,-9903.0,-1124.4,1.0,0.0,3.0,3.0,1.0,0.0,2.0,0.0,1.0,1.0
78960.0,534465.0,24141.0,-20956.0,-1703.0,4.0,0.0,3.0,3.0,1.0,0.0,2.0,0.0,0.0,1.0
83160.0,490860.00000000006,21554.0,-9078.0,-2504.0,2.0,0.0,3.0,0.0,1.0,0.0,2.0,0.0,0.0,1.0
82950.0,614790.0,31291.0,-18303.0,-142.0,1.0,0.0,0.0,1.0,1.0,0.0,3.0,0.0,0.0,1.0
41930.0,333315.0,18564.0,-23191.0,-4593.0,1.0,0.0,3.0,0.0,1.0,0.0,2.0,0.0,0.0,1.0
45990.0,367470.0,15678.0,-15375.0,-1657.0,2.0,0.0,1.0,0.0,3.0,0.0,3.0,0.0,1.0,0.0
81760.0,708480.0,45019.0,-13443.0,-974.4000000000001,2.0,0.0,3.0,3.0,1.0,0.0,2.0,0.0,0.0,1.0
158060.0,1099440.0,64779.0,-13728.0,-5844.0,3.0,0.0,3.0,3.0,3.0,0.0,2.0,0.0,1.0,1.0
97020.0,390690.0,21632.0,-12831.0,-36.4,1.0,0.0,1.0,0.0,1.0,0.0,3.0,1.0,1.0,1.0
113050.0,462645.00000000006,21671.0,-21156.0,-2658.0,3.0,0.0,3.0,3.0,1.0,0.0,1.0,0.0,1.0,1.0
66150.0,407295.0,22724.0,-7733.0,-1158.0,3.0,0.0,1.0,3.0,1.0,0.0,3.0,0.0,0.0,0.0
161350.0,1186920.0,70239.0,-13348.0,-730.0,3.0,0.0,3.0,3.0,0.0,0.0,3.0,0.0,0.0,1.0
62369.99999999999,346410.0,19903.0,-22916.0,-966.0,2.0,0.0,1.0,3.0,1.0,0.0,2.0,1.0,0.0,1.0
87290.0,702405.0,30758.0,-20617.0,-126.4,1.0,0.0,3.0,3.0,3.0,0.0,2.0,1.0,0.0,1.0
252489.99999999997,1282770.0,53729.0,-23353.0,-2392.0,5.0,0.0,3.0,3.0,0.0,1.0,2.0,0.0,0.0,1.0
138110.0,1031940.0000000001,48542.0,-15520.0,-594.8000000000001,1.0,0.0,1.0,3.0,0.0,0.0,3.0,0.0,0.0,0.0
135240.0,520965.00000000006,24531.0,-22371.0,-852.0,2.0,0.0,2.0,3.0,1.0,0.0,3.0,1.0,1.0,1.0
96250.0,718605.0,45851.0,-18081.0,-2380.0,3.0,0.0,3.0,3.0,4.0,0.0,3.0,0.0,1.0,1.0
31499.999999999996,174285.0,11401.0,-16236.0,-50.0,3.0,0.0,3.0,3.0,0.0,0.0,3.0,0.0,1.0,1.0
85750.0,504360.00000000006,32591.0,-21979.0,-14.4,1.0,0.0,3.0,0.0,3.0,1.0,2.0,1.0,0.0,1.0
179830.0,1219185.0,71175.0,-20682.0,-36.0,2.0,0.0,3.0,3.0,1.0,0.0,3.0,1.0,0.0,1.0
41090.0,232065.00000000003,11687.0,-19116.0,-5035.0,2.0,0.0,3.0,0.0,3.0,0.0,2.0,0.0,0.0,1.0
110880.0,786645.0,35295.0,-22003.0,-598.0,2.0,0.0,3.0,3.0,2.0,0.0,3.0,0.0,1.0,1.0
100800.0,495045.00000000006,27508.0,-19570.0,-335.0,2.0,0.0,3.0,0.0,1.0,0.0,3.0,1.0,0.0,1.0
49770.0,255285.00000000003,14118.0,-9067.0,-318.0,3.0,0.0,3.0,3.0,3.0,0.0,2.0,0.0,1.0,0.0
271950.0,1524960.0,90571.0,-17627.0,-721.2,1.0,0.0,3.0,2.0,1.0,2.0,2.0,0.0,1.0,0.0
34720.0,222345.00000000003,14300.0,-22125.0,-469.0,2.0,0.0,3.0,3.0,1.0,0.0,3.0,0.0,0.0,0.0
67970.0,382860.0,17953.0,-12254.0,-1057.0,4.0,0.0,3.0,3.0,1.0,0.0,2.0,0.0,0.0,1.0
160230.0,789480.0,45630.0,-22278.0,-18.0,3.0,0.0,0.0,3.0,3.0,0.0,1.0,0.0,1.0,1.0
92190.0,489510.00000000006,20423.0,-8731.0,-1370.0,1.0,0.0,0.0,0.0,1.0,0.0,3.0,0.0,0.0,1.0
154980.0,707400.0,42198.0,-10353.0,-246.8,1.0,0.0,3.0,3.0,1.0,0.0,2.0,1.0,1.0,0.0
99190.0,747495.0,30511.0,-16004.0,-211.60000000000002,2.0,1.0,3.0,3.0,1.0,1.0,3.0,0.0,0.0,1.0
103740.0,578880.0,29822.0,-22788.0,-1684.0,1.0,0.0,3.0,3.0,3.0,0.0,2.0,0.0,0.0,1.0
81480.0,589815.0,32162.0,-8213.0,-1638.0,4.0,0.0,0.0,3.0,4.0,0.0,3.0,0.0,0.0,1.0
113540.0,438345.0,18499.0,-10400.0,-574.0,5.0,0.0,0.0,3.0,1.0,0.0,3.0,1.0,0.0,0.0
84000.0,350190.0,14222.0,-15756.0,-1213.2,4.0,0.0,1.0,0.0,1.0,0.0,2.0,0.0,0.0,1.0
130059.99999999999,661365.0,37297.0,-15117.0,-4917.0,1.0,0.0,3.0,3.0,1.0,0.0,3.0,0.0,1.0,1.0
71330.0,403110.0,16471.0,-7815.0,-496.40000000000003,2.0,0.0,3.0,3.0,1.0,0.0,3.0,0.0,0.0,1.0
77070.0,382185.0,17563.0,-17638.0,-617.2,1.0,0.0,3.0,0.0,3.0,0.0,3.0,0.0,0.0,1.0
67270.0,245835.00000000003,12402.0,-19439.0,-1039.0,2.0,1.0,3.0,3.0,0.0,0.0,3.0,1.0,0.0,1.0
62019.99999999999,515025.00000000006,30329.0,-15446.0,-1263.0,1.0,0.0,1.0,3.0,2.0,0.0,2.0,0.0,0.0,0.0
257669.99999999997,2123145.0,106483.0,-11047.0,-2002.0,2.0,0.0,1.0,3.0,1.0,0.0,1.0,0.0,1.0,0.0
136640.0,1144125.0,72488.0,-14481.0,-499.0,3.0,0.0,3.0,0.0,0.0,0.0,2.0,0.0,1.0,1.0
77490.0,529875.0,23322.0,-7784.0,-36.0,1.0,0.0,3.0,0.0,1.0,0.0,2.0,0.0,1.0,0.0
148960.0,1030185.0000000001,46202.0,-13038.0,-1931.0,1.0,0.0,3.0,3.0,0.0,0.0,1.0,0.0,0.0,1.0
143500.0,550935.0,32318.0,-21107.0,-2955.2000000000003,2.0,0.0,3.0,3.0,1.0,0.0,3.0,0.0,0.0,1.0
163380.0,1133190.0,69030.0,-16844.0,-139.0,1.0,0.0,2.0,3.0,4.0,0.0,2.0,0.0,1.0,1.0
76020.0,360990.0,17290.0,-11374.0,-33.2,1.0,0.0,0.0,3.0,1.0,0.0,3.0,0.0,0.0,1.0
92260.0,676080.0,35620.0,-13891.0,-1011.6,2.0,0.0,3.0,3.0,0.0,0.0,3.0,1.0,1.0,1.0
169190.0,1414125.0,59813.0,-16012.0,-1840.0,2.0,0.0,1.0,3.0,1.0,0.0,3.0,0.0,0.0,1.0
135730.0,716580.0,40586.0,-13342.0,-1705.0,2.0,0.0,1.0,3.0,1.0,0.0,3.0,0.0,1.0,1.0
105350.0,598185.0,29497.0,-14364.0,-1607.2,2.0,0.0,2.0,3.0,1.0,0.0,2.0,0.0,0.0,1.0
105070.0,896805.0000000001,52676.0,-11137.0,-332.0,2.0,1.0,1.0,3.0,1.0,0.0,3.0,0.0,0.0,1.0
102970.0,826065.0,39689.0,-21629.0,-1307.0,2.0,0.0,0.0,1.0,1.0,0.0,3.0,0.0,0.0,1.0
57469.99999999999,350730.0,14456.0,-9673.0,-1239.6000000000001,2.0,0.0,0.0,3.0,1.0,3.0,2.0,0.0,1.0,1.0
146090.0,720630.0,31265.0,-14360.0,-1738.0,3.0,0.0,3.0,3.0,1.0,0.0,2.0,0.0,0.0,0.0
94150.0,714285.0,43017.0,-20326.0,-533.0,1.0,0.0,3.0,3.0,1.0,2.0,3.0,0.0,1.0,0.0
272160.0,1911060.0000000002,119184.0,-17100.0,-1807.0,1.0,0.0,2.0,3.0,1.0,0.0,3.0,1.0,0.0,1.0
189000.0,1251990.0,72722.0,-14654.0,-1266.0,2.0,0.0,3.0,3.0,2.0,0.0,2.0,0.0,0.0,0.0
106540.0,599535.0,28223.0,-9711.0,-3137.0,3.0,0.0,3.0,3.0,1.0,2.0,3.0,0.0,0.0,0.0
94220.0,488835.00000000006,20709.0,-23438.0,-497.20000000000005,5.0,0.0,1.0,0.0,3.0,0.0,3.0,0.0,0.0,1.0
57330.0,229230.00000000003,11661.0,-10627.0,-36.0,1.0,0.0,3.0,3.0,1.0,1.0,2.0,0.0,0.0,0.0
161770.0,1329480.0,86164.0,-17709.0,-1349.0,2.0,0.0,3.0,3.0,2.0,0.0,2.0,1.0,1.0,0.0
140910.0,1150740.0,47411.0,-12644.0,-638.4000000000001,2.0,0.0,3.0,1.0,3.0,0.0,2.0,1.0,1.0,0.0
48020.0,198720.0,8320.0,-11794.0,-3672.0,2.0,0.0,0.0,3.0,1.0,0.0,2.0,0.0,0.0,0.0
47950.0,353025.0,22269.0,-11193.0,-1907.0,3.0,0.0,3.0,0.0,0.0,0.0,3.0,0.0,0.0,0.0
79800.0,369090.0,16588.0,-17039.0,-1657.0,2.0,0.0,3.0,3.0,1.0,0.0,3.0,0.0,0.0,0.0
242339.99999999997,1185300.0,48347.0,-10668.0,-1283.0,5.0,0.0,0.0,3.0,0.0,0.0,2.0,0.0,0.0,0.0
78470.0,474660.00000000006,23907.0,-19497.0,-2379.0,4.0,0.0,1.0,0.0,1.0,0.0,3.0,0.0,0.0,1.0
115289.99999999999,945810.0000000001,38896.0,-17857.0,-551.0,2.0,0.0,1.0,3.0,1.0,0.0,3.0,0.0,0.0,1.0
129149.99999999999,592245.0,34814.0,-19969.0,-5840.0,2.0,1.0,3.0,3.0,3.0,0.0,3.0,0.0,1.0,1.0
108220.0,607095.0,34580.0,-17301.0,-1674.0,2.0,0.0,3.0,3.0,3.0,0.0,2.0,0.0,1.0,0.0
143290.0,1242405.0,52026.0,-7973.0,-36.0,1.0,0.0,3.0,3.0,1.0,0.0,3.0,0.0,0.0,1.0
160440.0,1124820.0,70798.0,-23115.0,-1579.0,2.0,0.0,1.0,3.0,0.0,0.0,3.0,0.0,0.0,1.0
131810.0,497880.00000000006,24778.0,-19029.0,-628.0,3.0,0.0,3.0,3.0,1.0,0.0,3.0,0.0,0.0,0.0
130899.99999999999,1045710.0000000001,56966.0,-19020.0,-292.8,2.0,0.0,3.0,3.0,2.0,0.0,2.0,0.0,1.0,0.0
121659.99999999999,604125.0,27716.0,-18801.0,-2133.0,2.0,0.0,1.0,3.0,1.0,0.0,3.0,0.0,1.0,0.0
108920.0,438615.0,26195.0,-18854.0,-1517.0,2.0,0.0,3.0,3.0,1.0,0.0,2.0,0.0,0.0,1.0
153160.0,732105.0,29627.0,-23376.0,-313.6,3.0,0.0,3.0,3.0,1.0,0.0,2.0,0.0,0.0,0.0
129849.99999999999,1030455.0000000001,61347.0,-21728.0,-5947.0,2.0,0.0,3.0,1.0,3.0,3.0,2.0,0.0,1.0,1.0
98210.0,747900.0,33579.0,-10920.0,-302.0,1.0,0.0,1.0,3.0,3.0,0.0,3.0,0.0,0.0,0.0
105980.0,616140.0,38714.0,-13101.0,-216.0,1.0,0.0,3.0,3.0,1.0,0.0,2.0,0.0,0.0,1.0
41370.0,189810.0,10907.0,-22594.0,-2357.0,2.0,0.0,3.0,3.0,2.0,0.0,3.0,0.0,0.0,0.0
105490.0,664335.0,32747.0,-14400.0,-618.0,3.0,0.0,3.0,0.0,1.0,0.0,2.0,0.0,0.0,0.0
141610.0,1208520.0,56745.0,-7913.0,-1338.0,2.0,0.0,3.0,0.0,1.0,0.0,3.0,0.0,0.0,0.0
62929.99999999999,407025.0,17654.0,-10573.0,-2034.0,1.0,0.0,3.0,0.0,1.0,0.0,3.0,1.0,1.0,0.0
284620.0,1954395.0000000002,93431.0,-11063.0,-526.0,1.0,0.0,1.0,3.0,3.0,0.0,3.0,0.0,1.0,0.0
95690.0,437940.0,19240.0,-14497.0,-62.0,3.0,0.0,3.0,3.0,3.0,0.0,2.0,0.0,0.0,1.0
116129.99999999999,990225.0000000001,57161.0,-17649.0,-287.6,3.0,0.0,3.0,3.0,1.0,0.0,3.0,1.0,0.0,0.0
42140.0,307395.0,16835.0,-12508.0,-4405.0,2.0,1.0,0.0,3.0,1.0,0.0,3.0,1.0,1.0,1.0
58799.99999999999,418770.0,23426.0,-13471.0,-1274.0,2.0,0.0,3.0,0.0,1.0,3.0,2.0,0.0,1.0,1.0
67410.0,286200.0,17654.0,-8030.0,-52.0,1.0,0.0,3.0,3.0,2.0,0.0,3.0,0.0,0.0,1.0
115709.99999999999,695925.0,41561.0,-8981.0,-368.8,1.0,0.0,0.0,3.0,0.0,0.0,1.0,0.0,1.0,0.0
135520.0,636255.0,34814.0,-21619.0,-541.0,2.0,0.0,0.0,3.0,1.0,0.0,2.0,1.0,0.0,1.0
84770.0,658395.0,26689.0,-16290.0,-473.0,3.0,0.0,3.0,3.0,1.0,0.0,2.0,0.0,0.0,0.0
159740.0,973350.0000000001,51337.0,-17634.0,-3077.0,2.0,0.0,3.0,3.0,1.0,0.0,1.0,0.0,0.0,0.0
127889.99999999999,640845.0,37830.0,-10261.0,-503.6,5.0,0.0,0.0,3.0,2.0,0.0,2.0,0.0,0.0,1.0
142380.0,552015.0,22919.0,-23190.0,-3983.0,1.0,0.0,0.0,3.0,1.0,0.0,3.0,0.0,0.0,0.0
81830.0,370710.0,19643.0,-10647.0,-77.0,1.0,0.0,3.0,3.0,1.0,0.0,3.0,0.0,1.0,0.0
42560.0,271890.0,12740.0,-9086.0,-2512.0,2.0,0.0,1.0,3.0,1.0,0.0,3.0,0.0,1.0,0.0
126909.99999999999,869130.0,45279.0,-17338.0,-131.20000000000002,4.0,0.0,1.0,3.0,0.0,3.0,3.0,0.0,1.0,0.0
108500.0,810135.0,43732.0,-8447.0,-1789.0,1.0,0.0,3.0,3.0,1.0,0.0,2.0,0.0,1.0,1.0
105140.0,705780.0,33254.0,-12287.0,-2021.0,2.0,0.0,3.0,0.0,1.0,1.0,3.0,1.0,0.0,1.0
86730.0,333855.0,19721.0,-10693.0,-777.2,2.0,0.0,0.0,3.0,1.0,0.0,3.0,1.0,0.0,0.0
85610.0,516780.00000000006,30758.0,-8328.0,-1754.0,2.0,0.0,3.0,3.0,1.0,0.0,3.0,0.0,1.0,0.0
145110.0,672300.0,36777.0,-22655.0,-439.0,3.0,0.0,3.0,3.0,2.0,0.0,3.0,0.0,0.0,1.0
99050.0,503145.00000000006,27872.0,-23300.0,-846.4000000000001,2.0,0.0,3.0,3.0,2.0,0.0,2.0,0.0,0.0,1.0
156730.0,1059345.0,67535.0,-8981.0,-369.20000000000005,4.0,0.0,1.0,3.0,1.0,0.0,2.0,0.0,1.0,1.0
38640.0,176310.0,7254.0,-16425.0,-392.0,2.0,1.0,0.0,3.0,1.0,0.0,3.0,0.0,0.0,1.0
113050.0,672705.0,37622.0,-15749.0,-1119.6000000000001,2.0,0.0,1.0,3.0,1.0,0.0,2.0,0.0,1.0,1.0
38710.0,146610.0,8684.0,-8531.0,-164.0,2.0,1.0,3.0,3.0,1.0,0.0,2.0,0.0,0.0,1.0
157220.0,932985.0000000001,48477.0,-20461.0,-509.6,2.0,0.0,0.0,3.0,3.0,2.0,2.0,0.0,0.0,1.0
125719.99999999999,580230.0,36959.0,-9830.0,-429.0,4.0,0.0,3.0,3.0,1.0,1.0,2.0,0.0,0.0,0.0
76090.0,591705.0,38181.0,-15715.0,-316.0,1.0,0.0,3.0,1.0,1.0,0.0,2.0,1.0,0.0,0.0
228340.0,1816830.0000000002,109967.0,-19912.0,-1663.0,2.0,0.0,3.0,3.0,1.0,0.0,3.0,0.0,0.0,1.0
216300.0,1734750.0,107367.0,-21043.0,-4695.0,2.0,0.0,1.0,1.0,1.0,0.0,3.0,0.0,0.0,1.0
61739.99999999999,310230.0,15054.0,-23179.0,-1832.0,1.0,0.0,2.0,3.0,4.0,0.0,3.0,0.0,0.0,1.0
62439.99999999999,456435.00000000006,22412.0,-13496.0,-836.0,3.0,0.0,3.0,3.0,1.0,0.0,3.0,0.0,0.0,1.0
120539.99999999999,799605.0,38545.0,-16613.0,-1066.4,2.0,0.0,3.0,3.0,1.0,0.0,2.0,0.0,0.0,1.0
147280.0,1259955.0,59293.0,-14966.0,-1414.0,1.0,0.0,1.0,0.0,1.0,0.0,2.0,0.0,1.0,1.0
139230.0,694035.0,41899.0,-20288.0,-530.4,3.0,0.0,3.0,3.0,4.0,0.0,3.0,0.0,0.0,1.0
98560.0,356805.0,22243.0,-14064.0,-1160.8,1.0,0.0,1.0,3.0,1.0,0.0,2.0,1.0,0.0,0.0
110320.0,511515.00000000006,29328.0,-17363.0,-769.2,2.0,0.0,3.0,3.0,1.0,0.0,2.0,0.0,0.0,1.0
151060.0,904905.0000000001,47905.0,-15884.0,-282.0,2.0,0.0,3.0,3.0,1.0,0.0,3.0,1.0,1.0,1.0
39550.0,285120.0,13832.0,-16403.0,-739.0,4.0,0.0,0.0,0.0,1.0,0.0,2.0,0.0,0.0,1.0
186760.0,1428165.0,91546.0,-11839.0,-477.0,3.0,1.0,3.0,3.0,0.0,0.0,1.0,1.0,1.0,0.0
77000.0,363285.0,18421.0,-21456.0,-2643.0,2.0,0.0,3.0,0.0,3.0,0.0,2.0,0.0,0.0,1.0
35630.0,194400.0,10296.0,-12035.0,-1349.6000000000001,1.0,0.0,2.0,1.0,3.0,0.0,3.0,0.0,1.0,1.0
104090.0,810000.0,51935.0,-12924.0,-375.0,2.0,0.0,0.0,0.0,1.0,3.0,3.0,0.0,0.0,1.0
77840.0,579825.0,28028.0,-10010.0,-1934.0,2.0,0.0,0.0,3.0,1.0,0.0,3.0,0.0,0.0,0.0
85120.0,673515.0,36270.0,-20090.0,-621.0,1.0,0.0,1.0,3.0,1.0,0.0,2.0,0.0,0.0,0.0
67130.0,458865.00000000006,27651.0,-13932.0,-416.0,2.0,0.0,0.0,3.0,1.0,0.0,3.0,0.0,0.0,1.0
159040.0,1315980.0,72553.0,-8154.0,-1579.0,4.0,0.0,3.0,3.0,1.0,0.0,3.0,0.0,0.0,1.0
87290.0,322785.0,16042.0,-11885.0,-810.0,3.0,0.0,3.0,3.0,1.0,0.0,2.0,0.0,0.0,0.0
122499.99999999999,798930.0,33124.0,-15402.0,-973.6,5.0,0.0,1.0,3.0,3.0,0.0,2.0,0.0,1.0,1.0
121169.99999999999,890865.0000000001,56238.0,-21383.0,-1492.4,2.0,0.0,3.0,0.0,1.0,0.0,3.0,0.0,0.0,1.0
139790.0,656640.0,32760.0,-17698.0,-3913.0,1.0,0.0,3.0,3.0,4.0,0.0,2.0,0.0,0.0,1.0
202230.0,1133460.0,72319.0,-11725.0,-1099.0,2.0,0.0,3.0,3.0,1.0,0.0,1.0,0.0,1.0,1.0
93240.0,766125.0,45825.0,-12015.0,-179.20000000000002,2.0,0.0,0.0,3.0,1.0,0.0,3.0,0.0,1.0,1.0
89530.0,347490.0,14066.0,-23124.0,-3248.0,4.0,0.0,1.0,0.0,0.0,0.0,2.0,0.0,0.0,1.0
158130.0,1133865.0,53677.0,-14640.0,-2024.0,2.0,0.0,3.0,0.0,0.0,0.0,2.0,0.0,1.0,1.0
69790.0,602910.0,34567.0,-17135.0,-3669.0,2.0,0.0,3.0,0.0,1.0,0.0,2.0,0.0,0.0,1.0
118229.99999999999,478845.00000000006,28431.0,-13988.0,-2467.0,1.0,0.0,3.0,0.0,0.0,0.0,2.0,0.0,0.0,0.0
178080.0,674325.0,42744.0,-19221.0,-956.0,2.0,0.0,1.0,0.0,1.0,0.0,3.0,1.0,1.0,0.0
155540.0,723330.0,29978.0,-13184.0,-116.0,2.0,0.0,3.0,0.0,1.0,0.0,2.0,0.0,0.0,1.0
58869.99999999999,235575.00000000003,13988.0,-19065.0,-2096.0,2.0,0.0,3.0,3.0,2.0,0.0,3.0,0.0,0.0,1.0
76160.0,303345.0,13767.0,-20608.0,-96.0,1.0,0.0,3.0,1.0,1.0,0.0,2.0,0.0,1.0,1.0
64679.99999999999,275130.0,15717.0,-13251.0,-615.0,5.0,0.0,3.0,3.0,1.0,0.0,1.0,1.0,0.0,1.0
164850.0,652995.0,27183.0,-14277.0,-3465.0,2.0,1.0,2.0,0.0,1.0,0.0,3.0,0.0,0.0,0.0
143290.0,605745.0,28795.0,-20471.0,-162.0,3.0,0.0,3.0,0.0,4.0,0.0,1.0,1.0,1.0,1.0
195440.0,1301265.0,57616.0,-16265.0,-302.40000000000003,2.0,0.0,0.0,3.0,1.0,0.0,2.0,0.0,0.0,1.0
127539.99999999999,804195.0,52416.0,-9090.0,-319.20000000000005,1.0,0.0,1.0,3.0,4.0,0.0,3.0,1.0,0.0,1.0
49910.0,242190.00000000003,15704.0,-8957.0,-953.2,3.0,0.0,1.0,0.0,4.0,0.0,1.0,1.0,0.0,0.0
78330.0,676620.0,38428.0,-16518.0,-1723.0,3.0,0.0,1.0,3.0,1.0,0.0,3.0,0.0,0.0,0.0
85330.0,353835.0,22087.0,-18343.0,-98.4,1.0,0.0,3.0,0.0,1.0,0.0,3.0,0.0,0.0,0.0
158760.0,652320.0,26871.0,-19916.0,-3192.0,2.0,0.0,2.0,3.0,1.0,0.0,3.0,0.0,0.0,0.0
140070.0,601965.0,35022.0,-12817.0,-36.0,2.0,0.0,3.0,3.0,1.0,0.0,3.0,0.0,0.0,1.0
128519.99999999999,456165.00000000006,26260.0,-19634.0,-423.0,3.0,0.0,2.0,3.0,4.0,0.0,2.0,0.0,0.0,1.0
99540.0,514890.00000000006,21645.0,-18139.0,-216.4,2.0,0.0,0.0,3.0,1.0,0.0,3.0,0.0,0.0,0.0
144690.0,1097280.0,63687.0,-19954.0,-959.0,5.0,0.0,1.0,3.0,1.0,0.0,2.0,0.0,1.0,1.0
106400.0,747900.0,36829.0,-7847.0,-953.0,5.0,0.0,3.0,3.0,1.0,0.0,2.0,0.0,0.0,1.0
85120.0,607095.0,33787.0,-8006.0,-1067.0,2.0,0.0,3.0,3.0,1.0,3.0,2.0,0.0,0.0,1.0
69440.0,505845.00000000006,29315.0,-22750.0,-1393.0,2.0,0.0,0.0,3.0,1.0,0.0,1.0,0.0,0.0,1.0
94920.0,369360.0,20462.0,-9810.0,-3236.0,2.0,0.0,0.0,2.0,1.0,0.0,2.0,1.0,0.0,1.0
223440.0,1430595.0,83798.0,-8286.0,-1584.0,1.0,0.0,3.0,3.0,1.0,0.0,2.0,0.0,1.0,1.0
93240.0,369360.0,23556.0,-10341.0,-229.20000000000002,2.0,0.0,3.0,3.0,0.0,0.0,2.0,1.0,1.0,1.0
128029.99999999999,1079055.0,68081.0,-12194.0,-1401.6000000000001,3.0,0.0,3.0,2.0,1.0,0.0,3.0,0.0,1.0,1.0
53830.0,273240.0,16731.0,-11277.0,-4702.0,3.0,0.0,1.0,0.0,0.0,0.0,3.0,0.0,0.0,1.0
94710.0,615060.0,38298.0,-20748.0,-1017.0,1.0,0.0,3.0,3.0,1.0,0.0,2.0,0.0,0.0,1.0
113470.0,786375.0,32604.0,-14709.0,-1890.0,2.0,0.0,1.0,3.0,1.0,3.0,3.0,0.0,1.0,1.0
191310.0,1061910.0,48100.0,-18833.0,-3943.0,1.0,0.0,0.0,3.0,1.0,2.0,3.0,0.0,0.0,1.0
90230.0,456435.00000000006,22217.0,-10383.0,-1016.8000000000001,2.0,0.0,3.0,3.0,1.0,0.0,3.0,0.0,0.0,1.0
84910.0,637065.0,31525.0,-14272.0,-749.2,1.0,0.0,0.0,3.0,3.0,0.0,3.0,0.0,1.0,0.0
69510.0,451980.00000000006,19487.0,-11891.0,-97.0,2.0,0.0,3.0,3.0,0.0,0.0,2.0,1.0,0.0,1.0
114380.0,422820.0,22581.0,-14137.0,-630.0,1.0,0.0,1.0,0.0,1.0,0.0,1.0,1.0,1.0,0.0
50610.0,299430.0,15873.0,-9388.0,-1125.6000000000001,1.0,0.0,3.0,3.0,1.0,0.0,2.0,0.0,1.0,0.0
87430.0,445770.00000000006,20124.0,-8075.0,-1500.0,4.0,0.0,3.0,3.0,3.0,0.0,2.0,0.0,0.0,1.0
73500.0,320625.0,14937.0,-8698.0,-47.6,2.0,0.0,3.0,3.0,1.0,0.0,3.0,0.0,1.0,1.0
137060.0,1178955.0,52052.0,-17085.0,-2386.0,1.0,0.0,3.0,0.0,1.0,0.0,3.0,0.0,0.0,1.0
142380.0,961605.0000000001,59943.0,-14382.0,-240.4,1.0,0.0,3.0,3.0,4.0,0.0,3.0,0.0,0.0,1.0
239819.99999999997,1068525.0,65481.0,-17497.0,-782.0,4.0,0.0,3.0,3.0,1.0,0.0,3.0,1.0,1.0,1.0
49840.0,226800.00000000003,14352.0,-19701.0,-254.0,3.0,0.0,3.0,3.0,1.0,0.0,3.0,0.0,1.0,0.0
68320.0,239085.00000000003,12844.0,-13200.0,-6369.0,3.0,0.0,3.0,3.0,1.0,0.0,3.0,0.0,1.0,1.0
87920.0,312930.0,15041.0,-18466.0,-380.0,2.0,0.0,1.0,0.0,1.0,0.0,3.0,0.0,1.0,1.0
144550.0,1036800.0000000001,62803.0,-17016.0,-555.6,2.0,0.0,0.0,3.0,1.0,1.0,3.0,0.0,1.0,1.0
157010.0,1248210.0,79547.0,-11057.0,-404.0,3.0,0.0,3.0,0.0,0.0,0.0,3.0,0.0,0.0,1.0
123899.99999999999,913545.0000000001,48438.0,-11102.0,-638.0,3.0,0.0,0.0,0.0,0.0,0.0,3.0,1.0,0.0,1.0
146790.0,581175.0,29029.0,-14217.0,-1030.0,3.0,0.0,2.0,3.0,1.0,0.0,2.0,0.0,1.0,1.0
149940.0,1160865.0,52403.0,-23254.0,-356.0,5.0,0.0,3.0,0.0,1.0,0.0,1.0,0.0,1.0,1.0
65449.99999999999,366390.0,22126.0,-12290.0,-133.0,2.0,0.0,0.0,3.0,1.0,0.0,1.0,0.0,1.0,1.0
65309.99999999999,557415.0,27729.0,-14544.0,-976.0,2.0,1.0,3.0,3.0,2.0,0.0,3.0,0.0,0.0,1.0
117459.99999999999,571050.0,24583.0,-11234.0,-453.0,2.0,0.0,1.0,3.0,2.0,0.0,3.0,0.0,0.0,1.0
180600.0,1160325.0,51116.0,-15730.0,-1489.6000000000001,3.0,0.0,3.0,3.0,1.0,0.0,2.0,1.0,0.0,0.0
86310.0,657180.0,27118.0,-18745.0,-987.0,4.0,0.0,0.0,0.0,1.0,0.0,2.0,0.0,0.0,1.0
73010.0,483840.00000000006,25909.0,-11487.0,-380.40000000000003,2.0,0.0,0.0,0.0,4.0,0.0,1.0,0.0,0.0,0.0
83160.0,701730.0,31577.0,-19900.0,-164.4,4.0,0.0,3.0,3.0,1.0,0.0,3.0,0.0,0.0,1.0
97440.0,581175.0,36439.0,-18726.0,-4433.0,2.0,0.0,0.0,3.0,3.0,0.0,2.0,0.0,1.0,0.0
94010.0,510975.00000000006,21320.0,-13601.0,-785.6,2.0,1.0,0.0,3.0,2.0,0.0,3.0,0.0,0.0,1.0
121869.99999999999,1005480.0000000001,52702.0,-14467.0,-2919.0,1.0,0.0,3.0,3.0,3.0,0.0,3.0,1.0,1.0,0.0
49910.0,405135.0,17368.0,-23695.0,-1922.0,2.0,0.0,3.0,3.0,4.0,0.0,2.0,0.0,0.0,1.0
89600.0,355185.0,21970.0,-14473.0,-6663.0,3.0,0.0,3.0,3.0,1.0,0.0,2.0,1.0,0.0,1.0
31499.999999999996,184815.0,11999.0,-13578.0,-1606.0,2.0,0.0,3.0,3.0,4.0,0.0,3.0,0.0,0.0,1.0
172270.0,1240380.0,50791.0,-13914.0,-373.20000000000005,2.0,0.0,3.0,3.0,1.0,0.0,3.0,0.0,1.0,1.0
166320.0,1278450.0,57044.0,-15413.0,-856.0,2.0,0.0,1.0,3.0,1.0,0.0,1.0,0.0,1.0,0.0
62789.99999999999,533115.0,26117.0,-15756.0,-1858.0,1.0,0.0,0.0,3.0,0.0,0.0,1.0,0.0,0.0,1.0
89460.0,341820.0,21593.0,-8738.0,-865.6,4.0,0.0,0.0,3.0,3.0,0.0,3.0,0.0,0.0,1.0
282730.0,2250585.0,112658.0,-16370.0,-194.0,2.0,0.0,3.0,0.0,0.0,0.0,2.0,0.0,0.0,1.0
155820.0,1158975.0,67795.0,-9668.0,-1237.6000000000001,1.0,0.0,0.0,0.0,0.0,0.0,3.0,1.0,0.0,1.0
96600.0,709155.0,29406.0,-11559.0,-123.60000000000001,3.0,0.0,3.0,3.0,0.0,0.0,1.0,0.0,0.0,1.0
68250.0,344520.0,16861.0,-11016.0,-1232.4,3.0,0.0,3.0,0.0,1.0,0.0,2.0,0.0,1.0,0.0
163730.0,1072845.0,68536.0,-17050.0,-473.6,4.0,0.0,0.0,3.0,1.0,0.0,3.0,0.0,0.0,1.0
113820.0,814050.0,46514.0,-17373.0,-590.0,2.0,0.0,3.0,3.0,0.0,0.0,2.0,0.0,0.0,1.0
104720.0,441315.0,27040.0,-20151.0,-1127.0,2.0,0.0,3.0,3.0,1.0,3.0,2.0,0.0,0.0,1.0
148890.0,663795.0,43186.0,-12861.0,-876.0,3.0,0.0,3.0,1.0,1.0,0.0,3.0,1.0,0.0,0.0
105350.0,628695.0,36114.0,-17560.0,-408.8,1.0,0.0,0.0,3.0,2.0,0.0,3.0,1.0,1.0,1.0
93870.0,460485.00000000006,24401.0,-14310.0,-716.8000000000001,2.0,1.0,3.0,0.0,4.0,0.0,3.0,0.0,1.0,0.0
40250.0,343170.0,15925.0,-18256.0,-830.8000000000001,3.0,0.0,2.0,0.0,1.0,0.0,2.0,0.0,0.0,1.0
67060.0,285525.0,13351.0,-14438.0,-2324.0,5.0,0.0,0.0,3.0,1.0,0.0,3.0,0.0,0.0,1.0
136640.0,1033290.0000000001,60372.0,-21008.0,-679.0,2.0,0.0,3.0,3.0,2.0,0.0,2.0,1.0,0.0,1.0
134890.0,617760.0,28106.0,-18204.0,-230.4,2.0,0.0,3.0,0.0,3.0,0.0,3.0,0.0,0.0,0.0
67060.0,344925.0,15548.0,-22869.0,-8646.0,2.0,0.0,0.0,3.0,0.0,0.0,3.0,1.0,1.0,1.0
68880.0,357210.0,21333.0,-18633.0,-1934.4,2.0,0.0,0.0,3.0,1.0,0.0,3.0,0.0,0.0,1.0
55020.0,453060.00000000006,19214.0,-12365.0,-1102.0,2.0,0.0,3.0,3.0,0.0,0.0,1.0,0.0,1.0,1.0
63489.99999999999,344790.0,20501.0,-21671.0,-1498.0,2.0,0.0,0.0,3.0,2.0,0.0,2.0,0.0,1.0,0.0
53480.0,341280.0,16341.0,-18121.0,-1190.0,3.0,0.0,3.0,3.0,1.0,0.0,3.0,0.0,0.0,1.0
43540.0,365985.0,22724.0,-12252.0,-2398.0,3.0,0.0,0.0,0.0,1.0,0.0,2.0,0.0,0.0,1.0
154280.0,1170990.0,63895.0,-17777.0,-2282.0,2.0,0.0,3.0,3.0,1.0,0.0,2.0,0.0,0.0,1.0
105910.0,409050.0,21775.0,-15711.0,-94.80000000000001,3.0,0.0,1.0,3.0,1.0,0.0,2.0,0.0,0.0,1.0
91420.0,511110.00000000006,26507.0,-23292.0,-1823.0,2.0,0.0,3.0,3.0,3.0,0.0,3.0,0.0,1.0,1.0
159950.0,1114020.0,58266.0,-22014.0,-1192.0,2.0,0.0,2.0,0.0,1.0,0.0,3.0,0.0,0.0,1.0
146370.0,929745.0000000001,50557.0,-16017.0,-1412.0,1.0,0.0,3.0,3.0,1.0,0.0,2.0,0.0,0.0,1.0
78750.0,623700.0,35607.0,-16049.0,-312.0,1.0,0.0,0.0,3.0,1.0,0.0,2.0,0.0,1.0,0.0
31499.999999999996,264735.0,12701.0,-8592.0,-1867.0,1.0,0.0,1.0,3.0,1.0,0.0,3.0,0.0,0.0,1.0
153370.0,935955.0000000001,41613.0,-23121.0,-5644.0,2.0,0.0,0.0,0.0,3.0,0.0,2.0,0.0,0.0,1.0
116479.99999999999,638415.0,28106.0,-16609.0,-10035.0,3.0,1.0,0.0,3.0,1.0,0.0,3.0,0.0,0.0,1.0
36190.0,219240.0,12805.0,-22330.0,-4175.0,2.0,0.0,2.0,3.0,3.0,0.0,2.0,1.0,1.0,1.0
160090.0,887355.0000000001,38623.0,-12863.0,-2591.0,1.0,0.0,3.0,0.0,2.0,0.0,3.0,0.0,1.0,0.0
146300.0,799065.0,42380.0,-22614.0,-1876.0,1.0,0.0,1.0,3.0,1.0,1.0,2.0,0.0,1.0,1.0
60059.99999999999,482490.00000000006,28171.0,-22266.0,-69.60000000000001,2.0,0.0,3.0,3.0,3.0,1.0,2.0,1.0,0.0,1.0
325570.0,2517075.0,134940.0,-17437.0,-79.60000000000001,2.0,0.0,0.0,1.0,1.0,0.0,3.0,0.0,0.0,0.0
177240.0,1270080.0,55211.0,-10157.0,-94.80000000000001,1.0,0.0,1.0,3.0,1.0,0.0,2.0,0.0,1.0,0.0
131670.0,632475.0,28119.0,-8972.0,-393.0,1.0,0.0,3.0,3.0,1.0,0.0,1.0,1.0,0.0,1.0
40250.0,331560.0,17355.0,-10504.0,-66.0,4.0,0.0,2.0,3.0,2.0,3.0,3.0,0.0,0.0,0.0
99820.0,741420.0,42952.0,-14110.0,-1128.0,2.0,0.0,3.0,0.0,4.0,0.0,1.0,1.0,0.0,1.0
95690.0,360720.0,18889.0,-13840.0,-52.800000000000004,1.0,0.0,3.0,1.0,1.0,0.0,2.0,0.0,1.0,1.0
136150.0,741960.0,32500.0,-16617.0,-36.4,3.0,0.0,2.0,3.0,1.0,3.0,3.0,0.0,0.0,0.0
44170.0,197775.0,12909.0,-18153.0,-906.0,2.0,0.0,0.0,0.0,1.0,0.0,1.0,0.0,0.0,1.0
75110.0,562815.0,34333.0,-19733.0,-3745.0,3.0,0.0,0.0,0.0,1.0,0.0,3.0,0.0,0.0,1.0
52710.0,214110.0,11427.0,-14387.0,-5021.0,3.0,0.0,3.0,3.0,1.0,1.0,3.0,0.0,0.0,0.0
126209.99999999999,850635.0,48919.0,-20366.0,-1630.0,3.0,0.0,1.0,3.0,1.0,0.0,3.0,0.0,0.0,0.0
89670.0,497475.00000000006,32162.0,-14171.0,-2209.0,3.0,0.0,3.0,0.0,3.0,0.0,3.0,0.0,0.0,1.0
55370.0,402705.0,17485.0,-16946.0,-2010.0,1.0,0.0,3.0,3.0,3.0,0.0,3.0,0.0,1.0,1.0
172550.0,970380.0000000001,47099.0,-9935.0,-1933.0,2.0,0.0,3.0,0.0,1.0,3.0,1.0,0.0,0.0,0.0
47040.0,245160.00000000003,11830.0,-7864.0,-471.0,3.0,0.0,3.0,0.0,1.0,0.0,3.0,0.0,0.0,1.0
121799.99999999999,654345.0,28015.0,-16414.0,-1582.0,1.0,1.0,1.0,3.0,1.0,0.0,3.0,0.0,0.0,1.0
116759.99999999999,770445.0,49400.0,-20799.0,-640.0,5.0,0.0,3.0,3.0,2.0,0.0,2.0,0.0,1.0,1.0
199640.0,1439235.0,77571.0,-19241.0,-988.0,2.0,1.0,3.0,0.0,1.0,2.0,2.0,0.0,0.0,1.0
119139.99999999999,784215.0,45695.0,-7680.0,-111.2,2.0,0.0,1.0,2.0,1.0,0.0,3.0,0.0,1.0,0.0
89110.0,545400.0,24180.0,-16224.0,-1023.6,2.0,0.0,3.0,3.0,4.0,0.0,3.0,1.0,0.0,1.0
179620.0,1051245.0,68224.0,-22367.0,-20.0,4.0,0.0,0.0,3.0,1.0,0.0,3.0,0.0,1.0,1.0
119419.99999999999,1019115.0000000001,47606.0,-23427.0,-2416.0,1.0,0.0,3.0,0.0,0.0,2.0,2.0,0.0,1.0,1.0
119559.99999999999,575505.0,33917.0,-23195.0,-531.0,2.0,0.0,3.0,3.0,0.0,0.0,1.0,0.0,1.0,1.0
62649.99999999999,528525.0,23621.0,-23459.0,-80.0,2.0,0.0,3.0,3.0,1.0,0.0,2.0,0.0,0.0,0.0
95130.0,442935.00000000006,18057.0,-21986.0,-9028.0,3.0,0.0,1.0,3.0,2.0,0.0,2.0,1.0,1.0,1.0
46200.0,324270.0,15262.0,-11829.0,-2886.0,2.0,0.0,3.0,3.0,2.0,0.0,3.0,0.0,0.0,1.0
219940.0,961740.0000000001,41756.0,-18360.0,-14.4,2.0,0.0,3.0,0.0,1.0,0.0,2.0,0.0,0.0,0.0
73640.0,572535.0,27352.0,-8345.0,-708.4000000000001,2.0,0.0,3.0,2.0,3.0,0.0,2.0,0.0,0.0,0.0
95270.0,796635.0,41262.0,-15498.0,-1283.0,1.0,1.0,1.0,3.0,1.0,3.0,3.0,0.0,1.0,1.0
120819.99999999999,522990.00000000006,32227.0,-11512.0,-126.0,1.0,1.0,1.0,0.0,1.0,0.0,1.0,0.0,1.0,1.0
113680.0,977265.0000000001,41691.0,-9483.0,-2080.0,3.0,0.0,3.0,3.0,1.0,0.0,2.0,0.0,1.0,1.0
107800.0,558090.0,28639.0,-23143.0,-392.0,2.0,0.0,3.0,3.0,4.0,0.0,3.0,0.0,0.0,1.0
146090.0,726975.0,31668.0,-8752.0,-435.0,3.0,1.0,3.0,0.0,1.0,0.0,3.0,0.0,1.0,1.0
305130.0,1686420.0,77545.0,-8318.0,-521.0,3.0,0.0,3.0,3.0,3.0,0.0,2.0,0.0,0.0,1.0
141190.0,1189485.0,51922.0,-15973.0,-3234.0,1.0,0.0,1.0,0.0,1.0,0.0,3.0,0.0,1.0,0.0
62019.99999999999,289710.0,15405.0,-14020.0,-473.0,1.0,0.0,3.0,3.0,1.0,0.0,1.0,0.0,0.0,1.0
107310.0,401760.0,24050.0,-22785.0,-2322.0,1.0,0.0,3.0,0.0,1.0,0.0,3.0,0.0,0.0,0.0
84420.0,597915.0,24258.0,-16835.0,-2599.0,2.0,0.0,1.0,3.0,1.0,1.0,2.0,0.0,0.0,1.0
121099.99999999999,643680.0,35997.0,-14859.0,-903.2,2.0,0.0,0.0,3.0,1.0,2.0,2.0,0.0,1.0,1.0
33320.0,151470.0,9646.0,-9112.0,-730.0,2.0,0.0,0.0,3.0,1.0,0.0,3.0,0.0,0.0,1.0
251579.99999999997,1822365.0000000002,83291.0,-13988.0,-3673.0,3.0,0.0,1.0,3.0,1.0,0.0,3.0,0.0,1.0,1.0
181020.0,1470150.0,75816.0,-8479.0,-629.2,1.0,0.0,3.0,0.0,1.0,0.0,2.0,1.0,0.0,0.0
83370.0,592380.0,26481.0,-23012.0,-4610.0,5.0,0.0,3.0,3.0,1.0,0.0,2.0,0.0,1.0,1.0
60899.99999999999,385425.0,20007.0,-16426.0,-1674.0,2.0,1.0,1.0,3.0,1.0,2.0,2.0,0.0,0.0,1.0
60059.99999999999,488430.00000000006,26962.0,-8152.0,-315.0,5.0,0.0,3.0,2.0,1.0,0.0,3.0,0.0,0.0,0.0
248289.99999999997,1243755.0,67743.0,-7818.0,-497.6,2.0,0.0,2.0,3.0,3.0,0.0,2.0,1.0,0.0,0.0
110040.0,471285.00000000006,24310.0,-22566.0,-323.0,2.0,0.0,3.0,0.0,1.0,1.0,2.0,0.0,1.0,1.0
229879.99999999997,806760.0,35997.0,-17792.0,-433.0,2.0,0.0,2.0,0.0,1.0,0.0,3.0,1.0,0.0,1.0
98910.0,356400.0,16783.0,-14956.0,-707.6,2.0,0.0,2.0,3.0,1.0,0.0,2.0,0.0,1.0,0.0
162610.0,968490.0000000001,51246.0,-8375.0,-720.4000000000001,2.0,0.0,3.0,3.0,1.0,0.0,3.0,0.0,0.0,1.0
138530.0,1150740.0,54847.0,-14761.0,-4545.0,4.0,0.0,1.0,3.0,2.0,0.0,3.0,0.0,0.0,1.0
51100.0,347220.0,16367.0,-11881.0,-195.20000000000002,2.0,0.0,2.0,3.0,3.0,3.0,3.0,0.0,0.0,1.0
92470.0,616410.0,31876.0,-16241.0,-442.0,2.0,0.0,3.0,0.0,0.0,0.0,3.0,0.0,0.0,0.0
148890.0,1039635.0000000001,57642.0,-14850.0,-3063.0,1.0,0.0,3.0,3.0,4.0,0.0,2.0,0.0,1.0,0.0
73010.0,434565.0,27352.0,-11027.0,-421.6,3.0,0.0,3.0,3.0,1.0,0.0,3.0,0.0,1.0,1.0
169820.0,764640.0,41483.0,-19062.0,-792.0,2.0,0.0,3.0,0.0,1.0,2.0,1.0,0.0,1.0,0.0
155610.0,947970.0000000001,46202.0,-23045.0,-4429.0,2.0,0.0,1.0,3.0,1.0,0.0,3.0,0.0,0.0,1.0
63979.99999999999,349785.0,21125.0,-9839.0,-1515.0,3.0,0.0,3.0,3.0,1.0,0.0,2.0,0.0,0.0,1.0
64119.99999999999,389070.0,16016.0,-10027.0,-103.60000000000001,3.0,0.0,3.0,3.0,1.0,0.0,3.0,0.0,0.0,1.0
107590.0,762885.0,36790.0,-17700.0,-1622.0,2.0,0.0,2.0,3.0,1.0,0.0,3.0,0.0,0.0,1.0
61249.99999999999,531090.0,22594.0,-19627.0,-166.8,3.0,0.0,3.0,1.0,3.0,0.0,3.0,0.0,0.0,1.0
57330.0,277155.0,15548.0,-17291.0,-1278.8000000000002,3.0,0.0,3.0,0.0,3.0,0.0,3.0,0.0,0.0,0.0
68600.0,329130.0,16016.0,-16668.0,-1099.0,1.0,0.0,1.0,3.0,3.0,0.0,2.0,1.0,1.0,0.0
119489.99999999999,968625.0000000001,55601.0,-13259.0,-2011.6000000000001,2.0,0.0,3.0,3.0,1.0,2.0,2.0,0.0,1.0,1.0
80640.0,462105.00000000006,25688.0,-7930.0,-635.0,2.0,0.0,1.0,3.0,1.0,0.0,3.0,0.0,1.0,1.0
133070.0,814995.0,42042.0,-10862.0,-22.8,1.0,0.0,1.0,3.0,1.0,0.0,2.0,1.0,0.0,1.0
200410.0,735480.0,46059.0,-12094.0,-245.0,1.0,0.0,3.0,3.0,1.0,0.0,1.0,0.0,0.0,0.0
72870.0,408915.0,19526.0,-8825.0,-26.0,1.0,0.0,3.0,0.0,1.0,0.0,3.0,0.0,1.0,1.0
102900.0,589140.0,37791.0,-13062.0,-1060.0,2.0,0.0,1.0,3.0,1.0,3.0,3.0,1.0,1.0,0.0
151690.0,1145880.0,46540.0,-17330.0,-771.0,1.0,0.0,3.0,3.0,2.0,2.0,3.0,0.0,0.0,0.0
83580.0,591300.0,27443.0,-16508.0,-1114.4,2.0,0.0,0.0,3.0,1.0,0.0,3.0,0.0,1.0,1.0
99540.0,469665.00000000006,23127.0,-11399.0,-327.6,3.0,0.0,0.0,2.0,1.0,0.0,2.0,0.0,0.0,1.0
82180.0,313065.0,14170.0,-21152.0,-136.8,1.0,1.0,0.0,3.0,3.0,0.0,2.0,0.0,0.0,0.0
43260.0,174690.0,7969.0,-13672.0,-3492.0,2.0,0.0,3.0,3.0,0.0,0.0,3.0,0.0,1.0,0.0
229320.0,1468395.0,76167.0,-14854.0,-756.4000000000001,1.0,0.0,0.0,0.0,2.0,0.0,2.0,1.0,0.0,1.0
78470.0,562680.0,29627.0,-20699.0,-495.0,1.0,0.0,3.0,0.0,1.0,0.0,1.0,0.0,0.0,0.0
114240.0,573885.0,35945.0,-19438.0,-36.0,5.0,0.0,0.0,3.0,3.0,0.0,3.0,0.0,0.0,1.0
132510.0,954720.0000000001,52598.0,-19022.0,-286.8,2.0,0.0,3.0,3.0,1.0,0.0,3.0,0.0,0.0,0.0
147070.0,657585.0,31239.0,-8877.0,-1250.0,4.0,0.0,1.0,3.0,3.0,0.0,3.0,0.0,1.0,1.0
48650.0,396765.0,16315.0,-21604.0,-3153.0,2.0,0.0,0.0,3.0,1.0,0.0,3.0,0.0,1.0,1.0
110390.0,461835.00000000006,25974.0,-21772.0,-74.8,2.0,0.0,3.0,3.0,4.0,0.0,3.0,0.0,1.0,1.0
103880.0,490050.00000000006,27638.0,-12426.0,-1401.6000000000001,2.0,0.0,3.0,1.0,1.0,3.0,2.0,1.0,0.0,0.0
78750.0,467640.00000000006,29133.0,-12312.0,-1147.6000000000001,2.0,0.0,0.0,3.0,1.0,0.0,3.0,0.0,0.0,1.0
271880.0,2162430.0,89700.0,-9697.0,-1942.0,1.0,0.0,0.0,1.0,1.0,0.0,3.0,0.0,1.0,1.0
169680.0,1179360.0,72969.0,-11548.0,-1655.0,2.0,0.0,3.0,3.0,3.0,0.0,1.0,0.0,1.0,1.0
131039.99999999999,847530.0,36387.0,-15893.0,-664.0,2.0,0.0,1.0,3.0,0.0,0.0,2.0,1.0,1.0,1.0
169820.0,1113750.0,48711.0,-16063.0,-96.0,1.0,0.0,3.0,3.0,1.0,0.0,2.0,0.0,1.0,0.0
99680.0,498015.00000000006,27820.0,-12594.0,-100.0,3.0,0.0,3.0,3.0,3.0,0.0,3.0,0.0,0.0,1.0
72660.0,503280.00000000006,29263.0,-20853.0,-2596.0,4.0,0.0,1.0,3.0,1.0,0.0,3.0,0.0,0.0,1.0
80010.0,625320.0,37180.0,-21287.0,-2232.0,2.0,0.0,3.0,3.0,1.0,0.0,2.0,0.0,1.0,1.0
120539.99999999999,1024245.0000000001,47320.0,-12366.0,-1332.8000000000002,3.0,0.0,3.0,3.0,2.0,0.0,3.0,0.0,0.0,1.0
91210.0,469125.00000000006,21983.0,-19992.0,-1492.8000000000002,2.0,0.0,3.0,3.0,1.0,3.0,2.0,0.0,0.0,0.0
66640.0,248805.00000000003,13455.0,-22785.0,-1752.8000000000002,1.0,0.0,0.0,3.0,1.0,0.0,3.0,0.0,0.0,1.0
97090.0,375570.0,15535.0,-21335.0,-855.2,2.0,0.0,3.0,3.0,1.0,0.0,2.0,0.0,1.0,1.0
44030.0,285390.0,16575.0,-9140.0,-2566.0,2.0,0.0,3.0,1.0,2.0,0.0,3.0,0.0,1.0,1.0
207410.0,1257255.0,74698.0,-10798.0,-278.0,1.0,0.0,3.0,3.0,3.0,0.0,2.0,0.0,0.0,0.0
121309.99999999999,756270.0,41951.0,-23371.0,-181.60000000000002,2.0,1.0,3.0,3.0,1.0,0.0,3.0,0.0,1.0,1.0
129359.99999999999,880065.0,37414.0,-16802.0,-321.6,1.0,0.0,3.0,3.0,1.0,3.0,3.0,0.0,0.0,0.0
97860.0,453195.00000000006,28418.0,-14498.0,-2242.0,1.0,0.0,0.0,0.0,2.0,0.0,3.0,0.0,0.0,1.0
134050.0,598860.0,24830.0,-8605.0,-399.0,1.0,0.0,0.0,3.0,1.0,0.0,3.0,0.0,1.0,1.0
64679.99999999999,464535.00000000006,29497.0,-19452.0,-1355.6000000000001,2.0,0.0,0.0,0.0,1.0,3.0,3.0,0.0,0.0,1.0
255009.99999999997,1298025.0,68887.0,-17131.0,-5903.0,2.0,0.0,0.0,3.0,1.0,0.0,2.0,0.0,0.0,1.0
157710.0,1230795.0,67236.0,-18323.0,-132.0,1.0,1.0,2.0,3.0,1.0,0.0,1.0,0.0,1.0,1.0
127329.99999999999,736020.0,44304.0,-14242.0,-1058.0,1.0,0.0,3.0,3.0,1.0,0.0,2.0,1.0,0.0,1.0
107940.0,455355.00000000006,21281.0,-14981.0,-1609.0,4.0,0.0,2.0,3.0,1.0,0.0,3.0,0.0,0.0,1.0
235759.99999999997,1926045.0000000002,113542.0,-22671.0,-2677.0,5.0,0.0,0.0,3.0,3.0,0.0,2.0,0.0,1.0,0.0
46270.0,170775.0,7527.0,-23023.0,-806.4000000000001,4.0,0.0,2.0,3.0,4.0,0.0,3.0,0.0,0.0,1.0
47530.0,303345.0,19318.0,-19490.0,-354.0,3.0,0.0,0.0,0.0,2.0,0.0,2.0,0.0,1.0,1.0
96600.0,422550.0,22074.0,-9702.0,-2205.0,1.0,0.0,3.0,0.0,1.0,0.0,3.0,0.0,0.0,1.0
283360.0,1958715.0000000002,86437.0,-16081.0,-378.0,2.0,0.0,3.0,3.0,1.0,0.0,1.0,0.0,1.0,0.0
59499.99999999999,252720.00000000003,14001.0,-22678.0,-3488.0,2.0,0.0,1.0,0.0,1.0,0.0,2.0,0.0,1.0,0.0
172270.0,928395.0000000001,59033.0,-18193.0,-2704.0,3.0,0.0,2.0,3.0,1.0,0.0,2.0,0.0,0.0,1.0
77770.0,442800.00000000006,25194.0,-9105.0,-186.0,3.0,0.0,0.0,3.0,1.0,0.0,2.0,0.0,0.0,1.0
87780.0,498015.00000000006,31772.0,-7992.0,-468.0,3.0,0.0,1.0,3.0,3.0,0.0,2.0,0.0,0.0,0.0
44730.0,341010.0,19266.0,-8296.0,-688.8000000000001,1.0,0.0,3.0,0.0,1.0,0.0,3.0,0.0,1.0,0.0
65590.0,317655.0,19058.0,-10486.0,-669.2,2.0,0.0,3.0,3.0,1.0,0.0,3.0,0.0,0.0,1.0
67410.0,308070.0,16198.0,-19726.0,-789.6,1.0,1.0,3.0,0.0,1.0,0.0,3.0,0.0,0.0,1.0
137830.0,971730.0000000001,46332.0,-15497.0,-844.0,3.0,0.0,3.0,3.0,3.0,0.0,3.0,0.0,1.0,1.0
329280.0,1421685.0,58812.0,-20152.0,-70.8,1.0,0.0,3.0,0.0,0.0,0.0,1.0,0.0,1.0,1.0
92120.0,384480.0,15769.0,-22853.0,-70.0,3.0,0.0,3.0,3.0,1.0,3.0,2.0,0.0,1.0,1.0
128799.99999999999,823500.0,37050.0,-8171.0,-36.0,2.0,0.0,3.0,0.0,0.0,3.0,2.0,0.0,0.0,1.0
90650.0,437670.0,28496.0,-14205.0,-987.2,1.0,0.0,3.0,3.0,1.0,0.0,3.0,0.0,0.0,0.0
214620.0,1485270.0,94900.0,-11424.0,-1594.0,1.0,0.0,2.0,3.0,1.0,0.0,3.0,0.0,0.0,1.0
62159.99999999999,484110.00000000006,22620.0,-7674.0,-1099.0,2.0,1.0,2.0,3.0,1.0,0.0,3.0,0.0,0.0,1.0
31499.999999999996,234090.00000000003,12493.0,-7693.0,-296.0,3.0,0.0,3.0,3.0,1.0,0.0,3.0,0.0,0.0,0.0
142800.0,713610.0,40521.0,-21401.0,-2587.2000000000003,2.0,0.0,0.0,3.0,1.0,3.0,2.0,0.0,1.0,0.0
95550.0,447660.00000000006,29068.0,-18563.0,-7611.0,1.0,0.0,1.0,3.0,1.0,0.0,3.0,0.0,0.0,1.0
79100.0,305370.0,17355.0,-8169.0,-48.0,1.0,1.0,3.0,3.0,1.0,0.0,3.0,0.0,0.0,0.0
153230.0,1313685.0,79573.0,-19076.0,-36.0,1.0,0.0,3.0,3.0,1.0,0.0,3.0,0.0,0.0,1.0
162540.0,1305720.0,71279.0,-17817.0,-5134.0,2.0,0.0,3.0,3.0,3.0,0.0,2.0,1.0,1.0,1.0
142730.0,701325.0,41665.0,-18132.0,-2017.0,1.0,0.0,0.0,3.0,2.0,0.0,3.0,0.0,1.0,1.0
152670.0,1008855.0000000001,47021.0,-13096.0,-1739.0,3.0,0.0,3.0,3.0,3.0,0.0,2.0,0.0,0.0,1.0
41580.0,204525.0,13390.0,-19531.0,-649.0,2.0,0.0,3.0,3.0,1.0,0.0,2.0,0.0,0.0,1.0
106470.0,619245.0,28678.0,-17932.0,-1954.0,2.0,0.0,1.0,3.0,3.0,0.0,2.0,1.0,0.0,0.0
219310.0,901395.0000000001,42042.0,-19836.0,-884.4000000000001,4.0,0.0,0.0,3.0,1.0,0.0,2.0,0.0,1.0,1.0
93590.0,449145.00000000006,28002.0,-21561.0,-931.0,4.0,0.0,3.0,3.0,1.0,0.0,3.0,0.0,0.0,0.0
67760.0,245430.00000000003,11076.0,-15891.0,-818.0,2.0,0.0,2.0,3.0,3.0,0.0,2.0,0.0,1.0,1.0
112980.0,582660.0,32396.0,-11489.0,-2246.0,2.0,0.0,0.0,3.0,0.0,0.0,3.0,0.0,0.0,1.0
98630.0,397980.0,20696.0,-11841.0,-749.2,2.0,0.0,3.0,0.0,1.0,0.0,3.0,0.0,1.0,1.0
42770.0,178470.0,10725.0,-18727.0,-3253.0,3.0,0.0,0.0,0.0,1.0,0.0,2.0,0.0,0.0,1.0
84350.0,539190.0,26013.0,-19858.0,-295.2,3.0,0.0,3.0,1.0,4.0,0.0,3.0,0.0,0.0,1.0
95340.0,412830.0,21931.0,-12187.0,-3099.0,2.0,0.0,2.0,3.0,4.0,0.0,2.0,0.0,1.0,0.0
196840.0,951480.0000000001,43342.0,-17685.0,-323.6,4.0,0.0,3.0,3.0,1.0,2.0,2.0,0.0,0.0,0.0
65169.99999999999,463050.00000000006,29783.0,-9955.0,-3380.0,1.0,0.0,1.0,3.0,3.0,0.0,3.0,1.0,0.0,1.0
116269.99999999999,725355.0,45929.0,-9104.0,-483.0,1.0,0.0,3.0,3.0,1.0,0.0,3.0,0.0,0.0,1.0
251229.99999999997,1963170.0000000002,101010.0,-16452.0,-2768.0,3.0,0.0,3.0,3.0,3.0,0.0,3.0,0.0,0.0,0.0
113540.0,819855.0,48243.0,-17271.0,-6424.0,2.0,1.0,3.0,0.0,0.0,0.0,3.0,0.0,1.0,0.0
214480.0,1413180.0,72462.0,-18804.0,-199.0,2.0,0.0,1.0,3.0,4.0,0.0,3.0,0.0,0.0,1.0
72310.0,331155.0,17303.0,-12415.0,-1638.0,3.0,0.0,3.0,3.0,3.0,0.0,2.0,0.0,1.0,1.0
65519.99999999999,465345.00000000006,25532.0,-18874.0,-4336.0,5.0,0.0,3.0,3.0,0.0,0.0,2.0,0.0,0.0,1.0
80430.0,506790.00000000006,31291.0,-12837.0,-6262.0,1.0,0.0,3.0,3.0,1.0,0.0,2.0,0.0,1.0,1.0
140770.0,829170.0,34749.0,-14724.0,-1011.0,2.0,0.0,3.0,3.0,3.0,0.0,2.0,1.0,1.0,1.0
275870.0,1731240.0,79898.0,-18799.0,-797.0,2.0,0.0,3.0,3.0,4.0,0.0,3.0,0.0,1.0,1.0
103950.0,494910.00000000006,28730.0,-16530.0,-1459.0,2.0,0.0,3.0,3.0,0.0,0.0,3.0,0.0,0.0,1.0
54950.0,191970.0,8021.0,-15510.0,-59.2,4.0,0.0,1.0,3.0,1.0,0.0,2.0,0.0,0.0,1.0
222670.0,867780.0,55783.0,-14142.0,-549.0,4.0,0.0,0.0,3.0,3.0,0.0,2.0,1.0,1.0,1.0
65099.99999999999,339120.0,16757.0,-17109.0,-76.0,1.0,0.0,2.0,3.0,1.0,0.0,3.0,0.0,0.0,1.0
173180.0,1033425.0000000001,44109.0,-10664.0,-4090.0,1.0,0.0,1.0,3.0,1.0,0.0,3.0,0.0,1.0,1.0
134610.0,881550.0,48308.0,-20575.0,-3884.0,2.0,1.0,1.0,3.0,1.0,0.0,3.0,1.0,0.0,1.0
65029.99999999999,464940.00000000006,23842.0,-22841.0,-4345.0,2.0,0.0,2.0,3.0,1.0,0.0,2.0,0.0,1.0,1.0
173390.0,1305585.0,66651.0,-7820.0,-1245.0,2.0,0.0,3.0,3.0,3.0,0.0,3.0,0.0,0.0,1.0
87080.0,507195.00000000006,27911.0,-10592.0,-1606.8000000000002,1.0,0.0,0.0,3.0,1.0,0.0,3.0,0.0,0.0,1.0
107870.0,495450.00000000006,28730.0,-21094.0,-2538.0,3.0,0.0,3.0,3.0,3.0,0.0,3.0,0.0,0.0,1.0
77910.0,368010.0,22464.0,-9820.0,-266.0,4.0,0.0,3.0,3.0,1.0,0.0,3.0,0.0,1.0,0.0
188650.0,1030590.0000000001,60112.0,-9708.0,-998.4000000000001,4.0,0.0,3.0,3.0,1.0,0.0,3.0,1.0,0.0,0.0
217490.0,912330.0000000001,59397.0,-12286.0,-16.400000000000002,2.0,0.0,1.0,3.0,1.0,0.0,2.0,0.0,1.0,0.0
103460.0,722385.0,44772.0,-19650.0,-1316.8000000000002,2.0,0.0,3.0,3.0,1.0,0.0,3.0,0.0,0.0,0.0
103810.0,476955.00000000006,27378.0,-23034.0,-576.0,2.0,0.0,3.0,3.0,4.0,1.0,3.0,0.0,1.0,1.0
89600.0,767070.0,39065.0,-13928.0,-1086.0,2.0,0.0,3.0,2.0,1.0,0.0,2.0,0.0,0.0,1.0
133700.0,529200.0,24778.0,-9084.0,-2510.0,2.0,1.0,3.0,3.0,0.0,0.0,3.0,0.0,0.0,0.0
231279.99999999997,1730160.0,109798.0,-15290.0,-120.4,2.0,0.0,1.0,0.0,3.0,0.0,3.0,1.0,1.0,0.0
153090.0,961740.0000000001,59215.0,-9921.0,-1338.8000000000002,1.0,0.0,0.0,0.0,1.0,0.0,1.0,1.0,0.0,0.0
122149.99999999999,820800.0,37635.0,-20980.0,-274.0,2.0,1.0,1.0,3.0,1.0,2.0,1.0,1.0,0.0,0.0
81340.0,318330.0,20124.0,-18787.0,-1172.8,3.0,0.0,0.0,0.0,3.0,0.0,2.0,0.0,0.0,0.0
111930.0,774090.0,45097.0,-9991.0,-2058.0,3.0,0.0,1.0,3.0,1.0,0.0,2.0,0.0,0.0,1.0
211750.0,1352970.0,81744.0,-13380.0,-74.0,2.0,0.0,3.0,0.0,3.0,0.0,2.0,0.0,1.0,1.0
250669.99999999997,2090070.0000000002,97487.0,-8861.0,-36.0,3.0,0.0,1.0,2.0,1.0,1.0,2.0,1.0,0.0,1.0
176540.0,720495.0,31863.0,-12543.0,-434.0,1.0,0.0,0.0,3.0,0.0,0.0,3.0,0.0,0.0,1.0
71120.0,583740.0,27040.0,-8770.0,-812.4000000000001,3.0,0.0,3.0,3.0,1.0,0.0,2.0,0.0,1.0,1.0
142100.0,725355.0,35464.0,-11995.0,-3264.0,2.0,0.0,2.0,3.0,0.0,0.0,3.0,0.0,0.0,0.0
167160.0,713610.0,46215.0,-19154.0,-4586.0,3.0,1.0,3.0,3.0,1.0,0.0,2.0,0.0,0.0,1.0
147980.0,528255.0,28548.0,-20258.0,-690.0,2.0,0.0,0.0,3.0,1.0,0.0,2.0,0.0,1.0,1.0
76160.0,567000.0,30173.0,-12964.0,-1796.4,2.0,0.0,3.0,0.0,1.0,0.0,3.0,0.0,0.0,1.0
128589.99999999999,778140.0,44252.0,-10351.0,-364.40000000000003,2.0,1.0,3.0,3.0,3.0,0.0,3.0,0.0,0.0,1.0
82320.0,381240.0,19487.0,-8605.0,-98.4,3.0,1.0,3.0,0.0,1.0,1.0,2.0,0.0,0.0,1.0
112560.0,835245.0,46878.0,-9223.0,-183.20000000000002,3.0,0.0,2.0,0.0,0.0,0.0,3.0,0.0,0.0,0.0
238279.99999999997,2044845.0000000002,106236.0,-17249.0,-193.0,3.0,0.0,3.0,0.0,1.0,0.0,2.0,0.0,0.0,1.0
112700.0,746820.0,31694.0,-21868.0,-377.0,4.0,0.0,1.0,3.0,0.0,0.0,2.0,0.0,0.0,1.0
96460.0,469260.00000000006,22451.0,-17330.0,-1257.0,2.0,0.0,0.0,3.0,0.0,0.0,2.0,0.0,0.0,0.0
45430.0,244755.00000000003,13871.0,-23108.0,-3550.0,3.0,0.0,3.0,3.0,2.0,0.0,1.0,0.0,1.0,1.0
106330.0,916110.0000000001,47918.0,-21619.0,-2543.0,1.0,0.0,3.0,3.0,1.0,0.0,3.0,0.0,1.0,0.0
178990.0,1300455.0,84591.0,-23214.0,-4370.0,4.0,0.0,3.0,3.0,1.0,3.0,1.0,0.0,0.0,1.0
68390.0,462780.00000000006,20748.0,-11682.0,-448.0,2.0,0.0,3.0,0.0,0.0,0.0,2.0,0.0,1.0,1.0
35070.0,275535.0,11622.0,-17394.0,-4327.6,3.0,0.0,3.0,3.0,1.0,0.0,2.0,1.0,1.0,1.0
55860.0,402975.0,18174.0,-9035.0,-984.4000000000001,2.0,0.0,3.0,3.0,1.0,3.0,2.0,0.0,1.0,1.0
138950.0,934470.0000000001,41886.0,-12641.0,-466.40000000000003,2.0,0.0,0.0,0.0,1.0,0.0,3.0,0.0,1.0,1.0
114869.99999999999,581040.0,35659.0,-18012.0,-1116.0,3.0,0.0,1.0,0.0,2.0,0.0,2.0,1.0,0.0,0.0
219240.0,1769310.0,81562.0,-18527.0,-148.0,1.0,0.0,3.0,3.0,0.0,0.0,2.0,0.0,0.0,1.0
116549.99999999999,982935.0000000001,56056.0,-14697.0,-244.0,2.0,0.0,3.0,3.0,1.0,0.0,3.0,1.0,0.0,0.0
161840.0,756540.0,37167.0,-10079.0,-984.0,1.0,0.0,2.0,3.0,1.0,0.0,3.0,0.0,0.0,1.0
94850.0,435780.0,22971.0,-14288.0,-25.200000000000003,3.0,0.0,3.0,3.0,1.0,1.0,3.0,0.0,0.0,0.0
159320.0,703620.0,35893.0,-15295.0,-758.0,3.0,0.0,3.0,3.0,1.0,0.0,2.0,0.0,0.0,1.0
178920.0,1309770.0,72371.0,-8375.0,-188.8,2.0,0.0,3.0,0.0,1.0,0.0,3.0,0.0,0.0,1.0
54810.0,363015.0,15496.0,-23315.0,-532.0,4.0,0.0,1.0,3.0,1.0,0.0,2.0,0.0,1.0,1.0
179200.0,721980.0,43459.0,-20364.0,-2338.0,3.0,0.0,3.0,2.0,0.0,0.0,2.0,1.0,0.0,1.0
74900.0,460755.00000000006,21671.0,-20040.0,-214.0,2.0,0.0,3.0,3.0,1.0,0.0,2.0,0.0,0.0,1.0
113330.0,637065.0,26325.0,-12280.0,-594.8000000000001,4.0,0.0,1.0,1.0,1.0,0.0,2.0,0.0,0.0,1.0
119139.99999999999,631530.0,29016.0,-8192.0,-646.8000000000001,2.0,0.0,3.0,0.0,1.0,0.0,1.0,0.0,0.0,1.0
55300.0,283635.0,15366.0,-18585.0,-1230.0,3.0,0.0,1.0,3.0,1.0,0.0,2.0,1.0,0.0,0.0
57539.99999999999,454815.00000000006,26195.0,-19738.0,-4072.0,1.0,0.0,1.0,3.0,1.0,0.0,3.0,0.0,0.0,1.0
92470.0,529605.0,26117.0,-11322.0,-145.6,3.0,0.0,3.0,3.0,1.0,0.0,3.0,0.0,0.0,1.0
51660.0,261090.00000000003,16198.0,-19981.0,-770.0,2.0,0.0,3.0,3.0,1.0,0.0,3.0,0.0,1.0,1.0
92820.0,511785.00000000006,26065.0,-19521.0,-62.0,2.0,0.0,3.0,3.0,1.0,2.0,2.0,0.0,0.0,0.0
64819.99999999999,447525.00000000006,25467.0,-16571.0,-158.8,2.0,0.0,1.0,1.0,4.0,1.0,3.0,0.0,1.0,1.0
60969.99999999999,346005.0,20839.0,-14219.0,-4892.0,1.0,0.0,1.0,2.0,1.0,3.0,2.0,0.0,0.0,1.0
127329.99999999999,472365.00000000006,30758.0,-19054.0,-33.6,2.0,0.0,0.0,3.0,1.0,0.0,3.0,0.0,1.0,1.0
125509.99999999999,1057725.0,68159.0,-17599.0,-378.0,3.0,0.0,0.0,0.0,2.0,0.0,3.0,1.0,0.0,1.0
109690.0,481950.00000000006,22529.0,-10608.0,-1095.0,1.0,0.0,0.0,3.0,1.0,0.0,2.0,0.0,0.0,1.0
63279.99999999999,444690.00000000006,26312.0,-8077.0,-156.4,1.0,0.0,3.0,3.0,4.0,0.0,3.0,0.0,1.0,1.0
84280.0,712395.0,42705.0,-22372.0,-1789.0,1.0,1.0,0.0,3.0,1.0,0.0,2.0,0.0,0.0,0.0
98210.0,593325.0,36569.0,-18555.0,-200.0,3.0,0.0,3.0,3.0,1.0,0.0,2.0,1.0,0.0,1.0
140910.0,998460.0000000001,48438.0,-12280.0,-602.8000000000001,3.0,0.0,0.0,3.0,1.0,0.0,2.0,0.0,0.0,1.0
71890.0,520695.00000000006,29276.0,-15250.0,-1065.0,2.0,0.0,0.0,0.0,1.0,0.0,3.0,0.0,0.0,0.0
172270.0,793395.0,37986.0,-23478.0,-4707.6,2.0,1.0,1.0,0.0,1.0,0.0,3.0,0.0,0.0,0.0
86590.0,668655.0,38012.0,-13133.0,-572.0,1.0,0.0,3.0,0.0,1.0,0.0,3.0,1.0,0.0,0.0
181650.0,1098495.0,66833.0,-8167.0,-422.0,2.0,0.0,1.0,3.0,0.0,0.0,2.0,1.0,1.0,1.0
75740.0,529200.0,34606.0,-23268.0,-1878.0,5.0,0.0,1.0,0.0,1.0,0.0,3.0,0.0,0.0,1.0
81270.0,330210.0,15613.0,-21709.0,-4731.0,1.0,0.0,3.0,3.0,1.0,1.0,2.0,0.0,0.0,1.0
57120.0,490590.00000000006,28340.0,-14804.0,-2124.4,5.0,0.0,3.0,0.0,1.0,0.0,2.0,0.0,0.0,1.0
108430.0,900180.0000000001,55679.0,-15590.0,-1808.0,3.0,0.0,3.0,0.0,1.0,0.0,2.0,0.0,0.0,0.0
58659.99999999999,494235.00000000006,25155.0,-13459.0,-1768.0,1.0,1.0,3.0,0.0,1.0,0.0,2.0,1.0,1.0,0.0
104860.0,575100.0,29627.0,-8325.0,-855.0,2.0,0.0,0.0,3.0,1.0,0.0,3.0,0.0,0.0,0.0
56350.0,302670.0,13793.0,-22200.0,-2889.0,4.0,0.0,3.0,3.0,1.0,0.0,3.0,0.0,0.0,1.0
115639.99999999999,892890.0000000001,42861.0,-17545.0,-1469.0,1.0,1.0,3.0,3.0,1.0,0.0,2.0,0.0,1.0,0.0
121869.99999999999,429030.0,19851.0,-13640.0,-2826.0,1.0,1.0,0.0,3.0,1.0,2.0,2.0,0.0,0.0,0.0
106400.0,432000.0,18538.0,-10318.0,-275.6,2.0,0.0,3.0,3.0,2.0,0.0,2.0,0.0,0.0,1.0
118159.99999999999,626400.0,32084.0,-11190.0,-1197.0,1.0,0.0,3.0,0.0,3.0,0.0,2.0,0.0,0.0,1.0
101570.0,539460.0,30511.0,-13110.0,-3113.0,2.0,0.0,0.0,3.0,1.0,3.0,3.0,0.0,0.0,0.0
73710.0,389880.0,15847.0,-13168.0,-187.0,3.0,0.0,0.0,0.0,1.0,0.0,2.0,0.0,0.0,1.0
145740.0,926100.0000000001,53807.0,-18875.0,-61.0,2.0,0.0,3.0,3.0,2.0,0.0,3.0,1.0,0.0,1.0
158200.0,762750.0,40573.0,-9224.0,-510.40000000000003,3.0,0.0,3.0,1.0,1.0,0.0,2.0,0.0,1.0,1.0
126629.99999999999,815130.0,39598.0,-17908.0,-479.20000000000005,2.0,1.0,3.0,3.0,1.0,0.0,3.0,0.0,0.0,0.0
68040.0,536355.0,33033.0,-16122.0,-162.0,4.0,0.0,1.0,3.0,0.0,0.0,3.0,0.0,1.0,0.0
57399.99999999999,272970.0,17446.0,-22830.0,-85.2,1.0,0.0,0.0,3.0,3.0,0.0,3.0,0.0,0.0,0.0
124109.99999999999,478845.00000000006,28522.0,-23011.0,-3433.0,3.0,0.0,3.0,0.0,3.0,0.0,3.0,0.0,0.0,0.0
68250.0,243945.00000000003,15509.0,-17437.0,-3845.0,1.0,0.0,3.0,3.0,0.0,0.0,2.0,0.0,0.0,1.0
68250.0,555660.0,31759.0,-21339.0,-158.0,2.0,0.0,0.0,0.0,1.0,0.0,3.0,0.0,1.0,1.0
97160.0,379890.0,20475.0,-19843.0,-264.40000000000003,1.0,0.0,3.0,3.0,1.0,0.0,3.0,0.0,0.0,0.0
68740.0,496125.00000000006,31993.0,-8478.0,-1704.0,2.0,0.0,3.0,3.0,1.0,0.0,3.0,0.0,1.0,1.0
216720.0,848610.0,36777.0,-23719.0,-2766.0,2.0,0.0,2.0,3.0,1.0,0.0,3.0,0.0,1.0,1.0
58589.99999999999,503415.00000000006,31226.0,-20324.0,-1892.0,2.0,0.0,0.0,3.0,1.0,0.0,1.0,1.0,1.0,1.0
75880.0,457920.00000000006,22412.0,-13808.0,-866.0,2.0,0.0,3.0,0.0,3.0,0.0,2.0,0.0,0.0,1.0
136850.0,554580.0,22503.0,-9138.0,-2479.0,2.0,0.0,3.0,3.0,1.0,0.0,3.0,0.0,0.0,1.0
141050.0,602910.0,34710.0,-12925.0,-848.0,2.0,0.0,0.0,3.0,0.0,3.0,2.0,0.0,0.0,0.0
109480.0,539730.0,22477.0,-21394.0,-273.6,2.0,0.0,3.0,0.0,1.0,0.0,3.0,0.0,1.0,1.0
257459.99999999997,1421010.0,91117.0,-12698.0,-1322.0,1.0,1.0,3.0,0.0,1.0,0.0,3.0,0.0,0.0,0.0
69020.0,270540.0,14547.0,-17914.0,-1031.2,1.0,0.0,3.0,3.0,3.0,0.0,3.0,0.0,1.0,1.0
68040.0,338985.0,19045.0,-17478.0,-902.0,3.0,0.0,1.0,0.0,1.0,0.0,3.0,0.0,1.0,1.0
58589.99999999999,303885.0,19253.0,-8677.0,-1452.0,2.0,0.0,3.0,0.0,1.0,0.0,2.0,0.0,1.0,1.0
78190.0,580500.0,32149.0,-20466.0,-2077.0,2.0,0.0,0.0,0.0,3.0,0.0,3.0,0.0,0.0,0.0
93800.0,622485.0,38415.0,-10234.0,-64.4,2.0,0.0,2.0,0.0,1.0,0.0,2.0,0.0,0.0,0.0
101570.0,732645.0,42861.0,-13163.0,-495.20000000000005,2.0,1.0,3.0,1.0,3.0,2.0,2.0,0.0,1.0,1.0
55930.0,232605.00000000003,10426.0,-19396.0,-448.0,4.0,1.0,3.0,3.0,1.0,0.0,2.0,0.0,0.0,1.0
103530.0,373005.0,23634.0,-17330.0,-1434.0,2.0,0.0,3.0,3.0,3.0,0.0,2.0,0.0,1.0,1.0
171500.0,663120.0,36270.0,-8939.0,-2364.0,1.0,0.0,3.0,3.0,1.0,0.0,2.0,0.0,0.0,0.0
309120.0,2151090.0,98865.0,-15325.0,-1336.8000000000002,1.0,1.0,0.0,3.0,1.0,2.0,2.0,0.0,1.0,1.0
98630.0,612900.0,25870.0,-21470.0,-4700.0,2.0,0.0,3.0,3.0,1.0,0.0,3.0,0.0,0.0,1.0
199710.0,1245105.0,59345.0,-12867.0,-1240.0,2.0,1.0,1.0,0.0,1.0,0.0,3.0,0.0,1.0,1.0
60129.99999999999,437670.0,28509.0,-20449.0,-1813.0,2.0,0.0,0.0,3.0,1.0,0.0,1.0,0.0,0.0,0.0
197470.0,732645.0,31564.0,-8726.0,-512.0,4.0,0.0,3.0,3.0,2.0,0.0,2.0,0.0,0.0,0.0
125369.99999999999,763560.0,44798.0,-13305.0,-2649.0,3.0,0.0,3.0,3.0,1.0,3.0,2.0,0.0,1.0,0.0
79380.0,355320.0,15535.0,-9929.0,-2818.0,1.0,1.0,0.0,3.0,1.0,0.0,3.0,1.0,0.0,1.0
128309.99999999999,524205.00000000006,32448.0,-13536.0,-31.6,2.0,0.0,0.0,3.0,1.0,0.0,2.0,0.0,0.0,1.0
92330.0,454140.00000000006,24284.0,-13224.0,-1064.8,1.0,0.0,3.0,3.0,4.0,0.0,3.0,0.0,0.0,0.0
84980.0,491400.00000000006,30563.0,-8893.0,-238.0,1.0,0.0,3.0,1.0,1.0,0.0,3.0,0.0,0.0,1.0
121449.99999999999,784080.0,36348.0,-22752.0,-941.0,2.0,0.0,3.0,3.0,1.0,0.0,2.0,0.0,0.0,0.0
42560.0,162675.0,7917.0,-19443.0,-488.40000000000003,4.0,0.0,3.0,3.0,1.0,0.0,2.0,0.0,1.0,1.0
111930.0,850635.0,46878.0,-8839.0,-700.4000000000001,4.0,0.0,0.0,0.0,3.0,1.0,3.0,0.0,0.0,1.0
154000.0,971325.0000000001,39624.0,-22226.0,-199.60000000000002,2.0,1.0,3.0,2.0,1.0,0.0,3.0,1.0,0.0,0.0
119069.99999999999,877500.0,40053.0,-15628.0,-2531.0,3.0,0.0,3.0,3.0,1.0,0.0,3.0,0.0,0.0,1.0
55300.0,426735.0,19968.0,-12998.0,-273.2,2.0,1.0,3.0,3.0,1.0,0.0,3.0,0.0,1.0,1.0
143010.0,693630.0,39468.0,-9332.0,-54.400000000000006,1.0,0.0,0.0,3.0,1.0,0.0,2.0,0.0,1.0,1.0
247589.99999999997,1686825.0,82134.0,-20685.0,-2688.4,4.0,0.0,3.0,3.0,1.0,0.0,2.0,0.0,1.0,1.0
266070.0,1030320.0000000001,51792.0,-11837.0,-138.8,2.0,0.0,3.0,3.0,1.0,0.0,3.0,1.0,1.0,1.0
62229.99999999999,435780.0,23959.0,-22223.0,-806.0,2.0,0.0,3.0,3.0,2.0,0.0,2.0,0.0,0.0,1.0
161630.0,564570.0,35503.0,-19067.0,-2739.0,3.0,0.0,3.0,0.0,1.0,0.0,2.0,0.0,0.0,1.0
63839.99999999999,360855.0,15834.0,-20580.0,-1540.0,2.0,0.0,1.0,0.0,1.0,0.0,2.0,0.0,0.0,0.0
80220.0,443745.00000000006,28522.0,-14405.0,-599.0,4.0,0.0,1.0,3.0,1.0,2.0,3.0,0.0,0.0,1.0
118999.99999999999,1016685.0000000001,51948.0,-20216.0,-1138.0,4.0,0.0,3.0,3.0,1.0,0.0,2.0,0.0,0.0,1.0
264880.0,1452600.0,85618.0,-14253.0,-2777.0,3.0,0.0,0.0,2.0,3.0,3.0,3.0,0.0,0.0,1.0
151270.0,682155.0,44499.0,-13772.0,-4289.0,5.0,0.0,3.0,3.0,1.0,0.0,3.0,0.0,0.0,1.0
160580.0,853875.0,44889.0,-8067.0,-426.0,2.0,0.0,3.0,3.0,3.0,0.0,3.0,1.0,0.0,0.0
122009.99999999999,435645.0,18720.0,-18316.0,-1755.0,1.0,0.0,0.0,3.0,1.0,0.0,2.0,0.0,1.0,1.0
107590.0,832815.0,48412.0,-22343.0,-584.4,1.0,0.0,3.0,0.0,1.0,0.0,3.0,0.0,0.0,1.0
128029.99999999999,458055.00000000006,24024.0,-17404.0,-20.8,2.0,0.0,1.0,3.0,1.0,3.0,3.0,0.0,0.0,1.0
50050.0,303885.0,18278.0,-16576.0,-1197.0,2.0,0.0,3.0,3.0,0.0,0.0,3.0,1.0,0.0,1.0
89250.0,353565.0,20020.0,-19355.0,-516.0,2.0,0.0,0.0,0.0,1.0,3.0,2.0,0.0,0.0,0.0
35840.0,254070.00000000003,15990.0,-19277.0,-423.0,3.0,0.0,3.0,3.0,1.0,0.0,2.0,0.0,1.0,1.0
107380.0,701595.0,33540.0,-17479.0,-493.0,2.0,0.0,3.0,3.0,0.0,0.0,3.0,1.0,0.0,1.0
132300.0,729270.0,34567.0,-17415.0,-718.0,2.0,0.0,3.0,3.0,0.0,0.0,2.0,0.0,0.0,1.0
38150.0,249345.00000000003,15977.0,-12259.0,-202.0,1.0,0.0,1.0,1.0,1.0,0.0,2.0,0.0,0.0,0.0
158340.0,929880.0000000001,52585.0,-18388.0,-546.4,3.0,0.0,3.0,3.0,1.0,1.0,3.0,0.0,1.0,0.0
32900.0,285120.0,14690.0,-8462.0,-563.0,3.0,1.0,3.0,3.0,3.0,0.0,3.0,0.0,1.0,1.0
42350.0,179280.0,8736.0,-18045.0,-1157.0,1.0,0.0,1.0,0.0,0.0,0.0,2.0,0.0,1.0,1.0
106680.0,613305.0,28093.0,-16477.0,-3784.4,4.0,1.0,1.0,3.0,2.0,0.0,3.0,0.0,0.0,1.0
188790.0,1103625.0,61802.0,-10695.0,-625.0,3.0,1.0,3.0,0.0,0.0,0.0,3.0,0.0,0.0,0.0
94360.0,631395.0,29367.0,-20150.0,-3158.4,2.0,0.0,1.0,3.0,1.0,0.0,3.0,1.0,0.0,0.0
203560.0,1652805.0,108030.0,-23212.0,-58.0,4.0,0.0,3.0,0.0,1.0,0.0,2.0,0.0,1.0,1.0
101150.0,638685.0,30758.0,-9529.0,-1181.6000000000001,2.0,0.0,3.0,3.0,1.0,0.0,3.0,0.0,0.0,0.0
37730.0,314550.0,16978.0,-20391.0,-206.0,1.0,0.0,1.0,3.0,0.0,0.0,3.0,0.0,0.0,1.0
167930.0,1265895.0,73918.0,-16456.0,-1570.0,2.0,0.0,3.0,3.0,1.0,2.0,3.0,0.0,0.0,0.0
224700.0,854280.0,36868.0,-22789.0,-2978.8,3.0,0.0,3.0,3.0,1.0,0.0,3.0,0.0,1.0,1.0
65379.99999999999,314955.0,12935.0,-22148.0,-585.0,2.0,0.0,0.0,0.0,3.0,0.0,1.0,0.0,0.0,1.0
92050.0,751275.0,31018.0,-17989.0,-434.0,2.0,0.0,3.0,3.0,1.0,0.0,3.0,1.0,0.0,0.0
311920.0,2263815.0,110968.0,-15579.0,-4378.0,3.0,0.0,3.0,3.0,1.0,0.0,3.0,0.0,0.0,1.0
98280.0,674325.0,37102.0,-17604.0,-776.0,2.0,0.0,3.0,3.0,1.0,0.0,2.0,1.0,0.0,1.0
189840.0,1027350.0000000001,60775.0,-23080.0,-1800.0,2.0,0.0,2.0,3.0,3.0,0.0,3.0,0.0,0.0,1.0
45780.0,215055.0,12467.0,-13224.0,-2659.6000000000004,2.0,0.0,3.0,3.0,1.0,0.0,2.0,1.0,0.0,1.0
138530.0,1168020.0,49569.0,-16960.0,-451.0,1.0,0.0,3.0,3.0,1.0,0.0,3.0,0.0,0.0,0.0
99470.0,365715.0,18070.0,-18879.0,-1625.0,2.0,0.0,3.0,3.0,1.0,0.0,2.0,0.0,1.0,1.0
115079.99999999999,839160.0,52325.0,-13176.0,-646.0,1.0,0.0,0.0,3.0,2.0,0.0,3.0,1.0,0.0,1.0
50890.0,248130.00000000003,12779.0,-17202.0,-624.0,1.0,0.0,0.0,3.0,1.0,0.0,3.0,0.0,0.0,1.0
71890.0,278640.0,13247.0,-15790.0,-84.0,4.0,0.0,3.0,3.0,1.0,0.0,2.0,0.0,0.0,0.0
160720.0,1317600.0,64584.0,-12531.0,-1452.0,4.0,0.0,3.0,3.0,1.0,0.0,2.0,0.0,1.0,1.0
147560.0,792585.0,44668.0,-15462.0,-357.6,1.0,0.0,2.0,3.0,1.0,0.0,2.0,1.0,1.0,1.0
131530.0,663120.0,38272.0,-13609.0,-1054.0,4.0,0.0,0.0,3.0,4.0,0.0,2.0,0.0,0.0,1.0
130899.99999999999,535815.0,31304.0,-14907.0,-1418.0,3.0,0.0,0.0,3.0,1.0,0.0,2.0,0.0,1.0,1.0
103040.0,508005.00000000006,29133.0,-14601.0,-2456.0,2.0,0.0,0.0,2.0,1.0,3.0,3.0,0.0,1.0,1.0
84770.0,602100.0,33683.0,-8423.0,-1042.0,3.0,0.0,3.0,3.0,1.0,0.0,3.0,0.0,0.0,1.0
176820.0,1241865.0,54262.0,-20396.0,-583.0,3.0,0.0,3.0,3.0,1.0,0.0,3.0,0.0,0.0,1.0
115989.99999999999,840645.0,38272.0,-14336.0,-1711.6000000000001,1.0,0.0,3.0,3.0,1.0,0.0,3.0,1.0,0.0,0.0
187460.0,1114425.0,51649.0,-16180.0,-54.0,1.0,0.0,1.0,0.0,1.0,3.0,2.0,0.0,1.0,1.0
238419.99999999997,1737045.0,111462.0,-16970.0,-215.20000000000002,2.0,0.0,1.0,3.0,1.0,0.0,2.0,0.0,1.0,1.0
64469.99999999999,384075.0,18785.0,-14049.0,-546.4,2.0,0.0,3.0,3.0,1.0,0.0,2.0,0.0,0.0,0.0
60759.99999999999,502200.00000000006,32084.0,-22660.0,-1132.8,5.0,0.0,3.0,1.0,1.0,0.0,3.0,0.0,0.0,1.0
161140.0,1150740.0,73307.0,-12180.0,-3166.0,2.0,0.0,1.0,3.0,1.0,3.0,2.0,0.0,1.0,0.0
253189.99999999997,1333800.0,75868.0,-13286.0,-1629.0,2.0,0.0,3.0,3.0,0.0,0.0,2.0,1.0,1.0,1.0
128939.99999999999,1032075.0000000001,49998.0,-15432.0,-153.60000000000002,2.0,0.0,3.0,0.0,3.0,0.0,2.0,0.0,1.0,1.0
59079.99999999999,462240.00000000006,25909.0,-21976.0,-394.8,2.0,0.0,3.0,3.0,1.0,0.0,3.0,0.0,0.0,1.0
175910.0,1216620.0,62608.0,-11981.0,-1444.0,5.0,0.0,0.0,3.0,1.0,0.0,2.0,0.0,0.0,0.0
307510.0,1642545.0,103701.0,-17501.0,-3290.0,2.0,0.0,2.0,3.0,1.0,0.0,2.0,0.0,1.0,1.0
104790.0,769365.0,46319.0,-13907.0,-478.0,2.0,0.0,2.0,3.0,1.0,0.0,2.0,1.0,1.0,0.0
134190.0,848880.0,54184.0,-7921.0,-212.0,3.0,0.0,0.0,3.0,0.0,0.0,2.0,0.0,1.0,1.0
204400.0,875610.0,44226.0,-17540.0,-925.0,1.0,0.0,0.0,0.0,1.0,0.0,2.0,1.0,0.0,0.0
91560.0,550530.0,30745.0,-17540.0,-5108.0,2.0,0.0,3.0,3.0,3.0,0.0,2.0,0.0,0.0,0.0
111790.0,531900.0,30277.0,-18307.0,-2484.0,2.0,0.0,3.0,0.0,3.0,0.0,2.0,0.0,1.0,1.0
154140.0,850905.0,43706.0,-15622.0,-764.0,1.0,0.0,0.0,0.0,4.0,2.0,3.0,0.0,0.0,1.0
79660.0,575505.0,23777.0,-16150.0,-92.0,2.0,0.0,3.0,3.0,1.0,0.0,2.0,1.0,1.0,1.0
148470.0,1006965.0000000001,60502.0,-18606.0,-674.4000000000001,2.0,0.0,0.0,3.0,1.0,0.0,2.0,0.0,0.0,1.0
93450.0,756270.0,45019.0,-14848.0,-1907.0,4.0,0.0,3.0,3.0,1.0,0.0,3.0,0.0,1.0,1.0
96110.0,772335.0,47879.0,-22219.0,-125.60000000000001,1.0,0.0,0.0,0.0,1.0,0.0,3.0,0.0,0.0,1.0
79030.0,524205.00000000006,23764.0,-16068.0,-775.0,1.0,0.0,3.0,0.0,1.0,0.0,1.0,0.0,0.0,1.0
54110.0,199665.0,12662.0,-21127.0,-595.0,1.0,1.0,2.0,0.0,1.0,0.0,2.0,1.0,0.0,1.0
106330.0,874530.0,42718.0,-21978.0,-89.0,3.0,0.0,2.0,1.0,1.0,0.0,3.0,1.0,0.0,0.0
38220.0,174690.0,11232.0,-16833.0,-1118.0,2.0,0.0,3.0,3.0,4.0,0.0,3.0,1.0,0.0,0.0
86450.0,741420.0,41379.0,-16822.0,-198.8,1.0,0.0,2.0,0.0,1.0,0.0,1.0,0.0,1.0,0.0
51240.0,433620.0,21541.0,-12679.0,-104.0,3.0,1.0,3.0,3.0,1.0,0.0,3.0,0.0,0.0,1.0
117739.99999999999,980640.0000000001,41288.0,-15350.0,-498.0,2.0,1.0,1.0,3.0,1.0,0.0,1.0,1.0,1.0,1.0
85050.0,670005.0,38961.0,-10010.0,-79.60000000000001,2.0,0.0,3.0,3.0,2.0,0.0,2.0,0.0,1.0,1.0
102760.0,649350.0,40469.0,-15890.0,-763.0,1.0,0.0,3.0,3.0,1.0,0.0,3.0,0.0,0.0,1.0
205170.0,725085.0,34983.0,-12694.0,-2397.2000000000003,2.0,0.0,3.0,0.0,1.0,0.0,2.0,1.0,1.0,0.0
98910.0,763965.0,48802.0,-13526.0,-704.0,2.0,0.0,1.0,3.0,1.0,0.0,3.0,0.0,1.0,1.0
88620.0,588870.0,27014.0,-20517.0,-1449.0,3.0,0.0,1.0,3.0,1.0,0.0,2.0,0.0,0.0,0.0
245769.99999999997,2107215.0,134602.0,-17019.0,-187.0,1.0,0.0,3.0,0.0,1.0,0.0,2.0,0.0,1.0,1.0
46130.0,172530.0,8658.0,-11557.0,-907.2,2.0,0.0,3.0,3.0,3.0,0.0,3.0,0.0,1.0,1.0
205170.0,1692225.0,75361.0,-18016.0,-2907.0,1.0,0.0,3.0,3.0,1.0,0.0,3.0,0.0,0.0,1.0
92680.0,546480.0,35204.0,-11732.0,-279.0,1.0,0.0,3.0,3.0,1.0,0.0,2.0,0.0,0.0,0.0
146090.0,1090125.0,69615.0,-18422.0,-994.0,2.0,0.0,3.0,0.0,3.0,0.0,3.0,0.0,0.0,0.0
77210.0,405135.0,22165.0,-8831.0,-2257.0,3.0,0.0,3.0,3.0,1.0,0.0,2.0,0.0,0.0,0.0
153510.0,846585.0,37973.0,-10651.0,-4077.0,3.0,0.0,3.0,3.0,1.0,0.0,2.0,0.0,1.0,1.0
63279.99999999999,290925.0,18239.0,-19986.0,-1651.2,2.0,0.0,1.0,3.0,1.0,0.0,3.0,0.0,0.0,0.0
94430.0,687015.0,32760.0,-20433.0,-1082.0,2.0,0.0,0.0,3.0,2.0,0.0,3.0,0.0,0.0,1.0
78120.0,354915.0,14859.0,-14822.0,-588.0,3.0,0.0,1.0,3.0,1.0,0.0,3.0,1.0,1.0,1.0
152180.0,926505.0000000001,59228.0,-20416.0,-118.80000000000001,2.0,0.0,3.0,3.0,1.0,0.0,3.0,0.0,1.0,1.0
110880.0,834840.0,41691.0,-14788.0,-246.4,3.0,0.0,2.0,3.0,1.0,0.0,3.0,1.0,0.0,1.0
105000.0,425385.0,26780.0,-15630.0,-1172.8,3.0,0.0,1.0,3.0,1.0,1.0,3.0,0.0,0.0,1.0
131110.0,1081620.0,70070.0,-15646.0,-37.6,2.0,0.0,3.0,0.0,0.0,0.0,2.0,0.0,0.0,0.0
66780.0,242325.00000000003,13091.0,-18160.0,-1077.6000000000001,2.0,0.0,3.0,3.0,1.0,0.0,2.0,0.0,0.0,0.0
140070.0,974835.0000000001,60385.0,-22261.0,-178.0,4.0,1.0,1.0,3.0,3.0,1.0,3.0,1.0,0.0,0.0
135310.0,914355.0000000001,53677.0,-18700.0,-3571.0,3.0,0.0,3.0,3.0,1.0,0.0,2.0,0.0,1.0,1.0
172410.0,1440855.0,62309.0,-18585.0,-912.0,2.0,0.0,1.0,0.0,1.0,0.0,2.0,0.0,0.0,1.0
164850.0,695925.0,37258.0,-14480.0,-1028.0,2.0,0.0,3.0,0.0,1.0,0.0,3.0,1.0,1.0,1.0
77350.0,626400.0,36868.0,-15526.0,-397.6,2.0,0.0,3.0,0.0,4.0,0.0,3.0,0.0,0.0,1.0
39830.0,196560.0,10920.0,-16178.0,-199.0,2.0,0.0,3.0,3.0,1.0,0.0,2.0,0.0,0.0,1.0
31499.999999999996,197100.0,12714.0,-13232.0,-1135.0,1.0,0.0,0.0,3.0,1.0,0.0,3.0,0.0,1.0,1.0
105280.0,833355.0,44434.0,-8391.0,-178.4,3.0,0.0,1.0,3.0,1.0,0.0,3.0,0.0,0.0,1.0
67340.0,360180.0,17719.0,-14703.0,-1210.0,2.0,0.0,2.0,3.0,1.0,0.0,1.0,0.0,1.0,1.0
176470.0,1132650.0,67327.0,-9570.0,-1118.0,1.0,0.0,3.0,3.0,1.0,0.0,3.0,0.0,1.0,1.0
34370.0,165240.0,10322.0,-23191.0,-75.0,1.0,0.0,0.0,3.0,1.0,0.0,1.0,0.0,0.0,1.0
132790.0,572130.0,29003.0,-15305.0,-223.0,2.0,0.0,3.0,3.0,0.0,0.0,2.0,0.0,0.0,1.0
79030.0,592110.0,36452.0,-13592.0,-919.6,1.0,0.0,3.0,0.0,1.0,0.0,3.0,0.0,0.0,1.0
128799.99999999999,662850.0,38753.0,-22618.0,-14.4,2.0,0.0,3.0,0.0,2.0,0.0,2.0,0.0,1.0,1.0
245419.99999999997,1900260.0000000002,102180.0,-18358.0,-824.0,3.0,1.0,3.0,3.0,1.0,0.0,3.0,0.0,0.0,1.0
161560.0,1319895.0,74919.0,-17041.0,-1898.0,2.0,0.0,0.0,0.0,1.0,0.0,2.0,0.0,0.0,1.0
48440.0,270540.0,11310.0,-11043.0,-14.4,2.0,0.0,1.0,3.0,1.0,0.0,2.0,0.0,0.0,0.0
136080.0,1027215.0000000001,42523.0,-18152.0,-201.0,4.0,0.0,3.0,3.0,1.0,0.0,3.0,1.0,1.0,1.0
95970.0,535950.0,23114.0,-7817.0,-19.200000000000003,2.0,0.0,2.0,3.0,1.0,0.0,2.0,0.0,0.0,1.0
74200.0,280800.0,13273.0,-22412.0,-865.0,3.0,0.0,3.0,3.0,1.0,0.0,2.0,0.0,1.0,0.0
136990.0,1123740.0,67470.0,-12261.0,-381.0,2.0,0.0,3.0,3.0,1.0,0.0,3.0,0.0,1.0,1.0
128309.99999999999,1034505.0000000001,59748.0,-18937.0,-802.8000000000001,2.0,0.0,0.0,3.0,1.0,0.0,2.0,0.0,1.0,0.0
107450.0,494640.00000000006,23153.0,-10551.0,-205.60000000000002,3.0,0.0,1.0,3.0,3.0,0.0,3.0,0.0,0.0,0.0
176120.0,1481760.0,69706.0,-21705.0,-559.2,2.0,0.0,3.0,0.0,3.0,0.0,3.0,0.0,0.0,1.0
73010.0,520695.00000000006,23335.0,-18593.0,-323.20000000000005,5.0,0.0,3.0,3.0,1.0,0.0,3.0,0.0,0.0,1.0
128309.99999999999,863325.0,50661.0,-23442.0,-14.4,1.0,0.0,1.0,0.0,1.0,0.0,3.0,0.0,1.0,1.0
76440.0,531495.0,28600.0,-23257.0,-8482.0,3.0,0.0,1.0,0.0,2.0,0.0,3.0,0.0,1.0,1.0
153160.0,918000.0000000001,39962.0,-13874.0,-493.6,2.0,0.0,3.0,0.0,1.0,0.0,3.0,0.0,0.0,1.0
91280.0,689040.0,30979.0,-18195.0,-5071.0,1.0,0.0,1.0,3.0,1.0,1.0,3.0,0.0,0.0,1.0
72940.0,615195.0,26481.0,-11064.0,-1270.0,2.0,0.0,3.0,0.0,1.0,0.0,1.0,0.0,0.0,1.0
71540.0,521100.00000000006,33462.0,-21672.0,-90.0,3.0,0.0,3.0,3.0,1.0,0.0,2.0,1.0,0.0,0.0
120189.99999999999,1028160.0000000001,46605.0,-13116.0,-98.0,3.0,0.0,3.0,0.0,1.0,0.0,3.0,0.0,1.0,1.0
252209.99999999997,1685205.0,81263.0,-9640.0,-208.0,2.0,0.0,0.0,3.0,1.0,2.0,3.0,0.0,0.0,0.0
105840.0,518265.00000000006,33917.0,-15974.0,-3152.0,2.0,1.0,1.0,3.0,1.0,0.0,2.0,0.0,0.0,1.0
98210.0,683640.0,40378.0,-20214.0,-313.0,1.0,0.0,3.0,3.0,1.0,0.0,1.0,0.0,0.0,1.0
111370.0,692820.0,40053.0,-19163.0,-1497.0,2.0,0.0,0.0,3.0,1.0,0.0,2.0,0.0,0.0,1.0
56630.0,381645.0,22295.0,-8626.0,-820.8000000000001,1.0,0.0,1.0,3.0,1.0,0.0,3.0,0.0,1.0,1.0
58939.99999999999,486675.00000000006,28938.0,-14760.0,-2186.0,2.0,0.0,3.0,3.0,1.0,0.0,3.0,1.0,0.0,0.0
92330.0,697815.0,38909.0,-17181.0,-2321.0,2.0,0.0,0.0,0.0,1.0,0.0,1.0,0.0,1.0,0.0
215740.0,1130085.0,67002.0,-14341.0,-623.6,1.0,0.0,3.0,3.0,1.0,1.0,3.0,1.0,0.0,1.0
194950.0,728055.0,39559.0,-10835.0,-141.6,2.0,0.0,3.0,3.0,1.0,0.0,3.0,0.0,0.0,0.0
116059.99999999999,860625.0,43641.0,-19060.0,-1652.0,1.0,0.0,3.0,3.0,1.0,0.0,2.0,0.0,0.0,1.0
105630.0,880875.0,46397.0,-15189.0,-875.0,2.0,0.0,0.0,3.0,0.0,0.0,2.0,0.0,0.0,1.0
185710.0,848610.0,54418.0,-23336.0,-1016.0,2.0,0.0,0.0,0.0,1.0,0.0,3.0,0.0,0.0,0.0
146370.0,768825.0,37947.0,-9476.0,-495.0,2.0,0.0,0.0,3.0,1.0,0.0,3.0,0.0,0.0,1.0
88690.0,672705.0,33397.0,-22281.0,-806.4000000000001,3.0,0.0,3.0,0.0,1.0,0.0,2.0,1.0,0.0,1.0
211120.0,1475010.0,78910.0,-18398.0,-159.0,1.0,0.0,0.0,0.0,1.0,0.0,3.0,1.0,0.0,0.0
75600.0,313335.0,19721.0,-15338.0,-652.0,1.0,1.0,1.0,3.0,1.0,0.0,3.0,0.0,0.0,1.0
117529.99999999999,816615.0,37089.0,-19605.0,-202.8,4.0,0.0,1.0,2.0,1.0,0.0,3.0,1.0,0.0,1.0
118719.99999999999,747765.0,33488.0,-13480.0,-589.2,2.0,0.0,0.0,0.0,1.0,0.0,3.0,0.0,1.0,0.0
142730.0,557010.0,33319.0,-8505.0,-518.0,4.0,0.0,3.0,3.0,3.0,0.0,3.0,0.0,0.0,1.0
240659.99999999997,2068470.0000000002,106119.0,-19588.0,-443.20000000000005,5.0,0.0,1.0,3.0,1.0,0.0,3.0,0.0,1.0,0.0
83300.0,352080.0,22607.0,-11613.0,-5038.0,1.0,0.0,0.0,0.0,1.0,0.0,3.0,0.0,0.0,1.0
257319.99999999997,953370.0000000001,58565.0,-14005.0,-888.0,2.0,0.0,3.0,3.0,1.0,0.0,3.0,1.0,0.0,0.0
113120.0,444555.00000000006,21164.0,-14083.0,-348.40000000000003,1.0,0.0,2.0,3.0,0.0,0.0,1.0,0.0,0.0,1.0
83090.0,552555.0,31382.0,-14807.0,-52.800000000000004,3.0,0.0,0.0,3.0,3.0,0.0,2.0,0.0,0.0,1.0
155120.0,1204200.0,69888.0,-23543.0,-1020.0,5.0,0.0,1.0,3.0,1.0,0.0,2.0,0.0,0.0,0.0
33810.0,241650.00000000003,13104.0,-14574.0,-2730.0,2.0,0.0,1.0,3.0,3.0,0.0,3.0,0.0,1.0,1.0
110810.0,876285.0,48828.0,-15998.0,-1759.0,2.0,0.0,3.0,3.0,1.0,0.0,3.0,0.0,0.0,1.0
93800.0,434430.0,27040.0,-14188.0,-519.0,2.0,0.0,3.0,3.0,1.0,0.0,2.0,1.0,0.0,1.0
180740.0,818235.0,40937.0,-20272.0,-165.60000000000002,1.0,0.0,0.0,0.0,1.0,0.0,2.0,0.0,1.0,0.0
144340.0,607905.0,36621.0,-9081.0,-1512.0,2.0,1.0,1.0,3.0,1.0,0.0,2.0,0.0,1.0,1.0
163660.0,1064475.0,62699.0,-23019.0,-62.0,2.0,0.0,0.0,3.0,1.0,3.0,1.0,0.0,1.0,0.0
73850.0,333045.0,18161.0,-14155.0,-437.0,2.0,0.0,3.0,3.0,1.0,0.0,3.0,1.0,0.0,1.0
186130.0,1255635.0,75790.0,-11367.0,-765.2,2.0,0.0,3.0,3.0,4.0,0.0,3.0,1.0,0.0,1.0
72660.0,294570.0,12233.0,-20133.0,-511.0,3.0,0.0,3.0,3.0,1.0,0.0,3.0,0.0,0.0,0.0
158060.0,1010475.0000000001,44278.0,-18722.0,-286.8,3.0,0.0,3.0,0.0,1.0,0.0,1.0,0.0,1.0,1.0
150220.0,868455.0,35828.0,-21055.0,-1922.0,2.0,0.0,1.0,3.0,1.0,0.0,1.0,0.0,0.0,1.0
166530.0,757755.0,39676.0,-16703.0,-64.0,2.0,1.0,2.0,1.0,0.0,0.0,2.0,0.0,0.0,0.0
104020.0,859680.0,52325.0,-12396.0,-1421.0,5.0,1.0,3.0,3.0,0.0,0.0,3.0,0.0,0.0,1.0
47180.0,354780.0,17875.0,-13334.0,-1807.2,1.0,0.0,3.0,3.0,1.0,0.0,2.0,1.0,0.0,1.0
361340.0,1305585.0,59761.0,-10286.0,-241.20000000000002,2.0,1.0,3.0,3.0,1.0,0.0,3.0,0.0,0.0,1.0
117179.99999999999,696195.0,41093.0,-8474.0,-36.0,2.0,1.0,3.0,3.0,1.0,3.0,3.0,0.0,0.0,1.0
96320.0,368010.0,19942.0,-20122.0,-1332.0,1.0,0.0,0.0,0.0,1.0,0.0,3.0,0.0,1.0,1.0
82880.0,511380.00000000006,30888.0,-19985.0,-3559.0,4.0,0.0,1.0,3.0,2.0,0.0,3.0,1.0,1.0,0.0
156030.0,1114965.0,69524.0,-16348.0,-360.0,2.0,0.0,3.0,3.0,3.0,0.0,2.0,0.0,1.0,1.0
70350.0,471420.00000000006,27261.0,-22308.0,-478.0,1.0,0.0,0.0,3.0,1.0,0.0,3.0,0.0,1.0,1.0
151060.0,1198935.0,64181.0,-21410.0,-166.8,3.0,0.0,0.0,3.0,1.0,0.0,2.0,0.0,0.0,1.0
88270.0,754515.0,36049.0,-21122.0,-534.0,5.0,0.0,3.0,3.0,1.0,2.0,3.0,0.0,1.0,1.0
102480.0,681480.0,27651.0,-13063.0,-383.0,2.0,0.0,0.0,0.0,1.0,0.0,3.0,0.0,0.0,0.0
66430.0,352350.0,18226.0,-12253.0,-82.80000000000001,2.0,0.0,1.0,0.0,1.0,0.0,3.0,0.0,0.0,0.0
131460.0,488700.00000000006,22152.0,-9094.0,-372.0,3.0,0.0,3.0,3.0,1.0,0.0,3.0,0.0,0.0,0.0
92540.0,402570.0,17329.0,-23071.0,-1080.0,2.0,0.0,0.0,3.0,1.0,0.0,3.0,1.0,0.0,1.0
102760.0,757890.0,39091.0,-22791.0,-305.0,2.0,0.0,3.0,3.0,3.0,0.0,3.0,0.0,0.0,1.0
90860.0,364905.0,21229.0,-8467.0,-1893.0,2.0,0.0,3.0,3.0,1.0,0.0,2.0,0.0,0.0,1.0
307230.0,2540430.0,144430.0,-12286.0,-383.0,2.0,0.0,1.0,3.0,1.0,0.0,3.0,0.0,0.0,1.0
99820.0,546345.0,27911.0,-14278.0,-648.0,2.0,0.0,0.0,0.0,1.0,3.0,3.0,0.0,0.0,0.0
108780.0,418905.0,27001.0,-19717.0,-2615.0,5.0,0.0,1.0,3.0,3.0,0.0,3.0,0.0,0.0,0.0
85820.0,652455.0,37401.0,-18327.0,-242.0,4.0,0.0,3.0,0.0,1.0,0.0,2.0,0.0,0.0,1.0
105350.0,469800.00000000006,28145.0,-11957.0,-1155.0,2.0,0.0,1.0,3.0,1.0,0.0,3.0,0.0,0.0,1.0
168000.0,1327860.0,54873.0,-13583.0,-333.6,2.0,0.0,3.0,0.0,1.0,0.0,2.0,0.0,0.0,1.0
90370.0,350325.0,16445.0,-9095.0,-1262.0,1.0,0.0,3.0,0.0,1.0,3.0,3.0,0.0,0.0,1.0
155190.0,606015.0,33644.0,-20540.0,-1666.0,1.0,0.0,0.0,3.0,0.0,0.0,3.0,0.0,1.0,0.0
116619.99999999999,526230.0,25987.0,-13125.0,-1475.0,3.0,0.0,3.0,3.0,1.0,0.0,2.0,0.0,0.0,0.0
162400.0,586575.0,32019.0,-8222.0,-974.0,1.0,0.0,0.0,3.0,1.0,0.0,3.0,0.0,1.0,1.0
68880.0,591165.0,24336.0,-13515.0,-909.0,1.0,0.0,2.0,3.0,1.0,0.0,3.0,0.0,1.0,1.0
72800.0,599940.0,28990.0,-19787.0,-2436.4,2.0,0.0,0.0,3.0,0.0,0.0,3.0,0.0,0.0,1.0
102270.0,789750.0,32721.0,-23033.0,-102.80000000000001,2.0,0.0,3.0,0.0,1.0,0.0,3.0,0.0,1.0,0.0
140910.0,728595.0,37687.0,-15873.0,-51.0,1.0,0.0,0.0,3.0,1.0,0.0,3.0,0.0,1.0,0.0
100380.0,591300.0,35984.0,-16595.0,-529.2,3.0,0.0,0.0,3.0,3.0,0.0,2.0,0.0,1.0,1.0
258439.99999999997,1236330.0,80496.0,-22868.0,-288.40000000000003,2.0,0.0,3.0,3.0,1.0,3.0,3.0,0.0,0.0,1.0
52080.0,275805.0,13884.0,-16627.0,-1314.4,3.0,0.0,3.0,3.0,3.0,0.0,1.0,0.0,1.0,1.0
80360.0,626265.0,36283.0,-11366.0,-416.0,2.0,0.0,3.0,0.0,1.0,0.0,3.0,1.0,1.0,1.0
133910.0,1029375.0000000001,50297.0,-21922.0,-660.0,1.0,0.0,0.0,3.0,0.0,0.0,2.0,0.0,0.0,0.0
155890.0,984555.0000000001,55653.0,-10586.0,-1213.6000000000001,1.0,1.0,3.0,1.0,3.0,0.0,3.0,0.0,1.0,0.0
71400.0,330075.0,15119.0,-23000.0,-39.6,4.0,0.0,1.0,3.0,1.0,0.0,3.0,1.0,0.0,1.0
176470.0,1424250.0,65598.0,-15416.0,-318.0,2.0,0.0,3.0,3.0,1.0,0.0,2.0,0.0,0.0,1.0
76510.0,375570.0,18642.0,-20453.0,-202.0,2.0,0.0,3.0,3.0,3.0,0.0,3.0,0.0,0.0,1.0
105490.0,863595.0,35867.0,-9323.0,-2748.0,2.0,0.0,2.0,3.0,1.0,0.0,3.0,0.0,0.0,1.0
70420.0,378540.0,24583.0,-22160.0,-52.800000000000004,5.0,0.0,0.0,3.0,0.0,0.0,3.0,0.0,0.0,1.0
99680.0,454545.00000000006,23998.0,-9719.0,-60.0,3.0,0.0,0.0,3.0,1.0,2.0,2.0,0.0,1.0,1.0
85820.0,524340.0,28301.0,-8264.0,-306.40000000000003,1.0,0.0,0.0,3.0,3.0,0.0,3.0,1.0,1.0,0.0
106680.0,535950.0,29822.0,-11341.0,-199.0,2.0,0.0,1.0,3.0,1.0,0.0,3.0,0.0,1.0,1.0
185920.0,1235115.0,78611.0,-9307.0,-153.0,1.0,0.0,3.0,3.0,1.0,0.0,3.0,0.0,0.0,1.0
51310.0,414315.0,21164.0,-16803.0,-591.2,2.0,0.0,3.0,1.0,1.0,3.0,3.0,0.0,1.0,1.0
114310.0,899100.0000000001,41158.0,-12088.0,-764.0,2.0,0.0,0.0,3.0,2.0,0.0,2.0,0.0,0.0,0.0
164850.0,1009935.0000000001,56121.0,-19329.0,-219.60000000000002,2.0,1.0,3.0,0.0,1.0,0.0,3.0,0.0,1.0,1.0
142170.0,1009935.0000000001,60437.0,-11185.0,-2946.0,3.0,0.0,3.0,0.0,4.0,0.0,2.0,0.0,0.0,1.0
53130.0,199800.0,8151.0,-13773.0,-362.0,3.0,0.0,2.0,0.0,2.0,0.0,2.0,0.0,0.0,1.0
77980.0,563220.0,29393.0,-10847.0,-1539.0,5.0,0.0,0.0,3.0,1.0,0.0,2.0,1.0,0.0,1.0
91070.0,518805.00000000006,30849.0,-14463.0,-831.0,1.0,0.0,0.0,0.0,3.0,0.0,2.0,1.0,0.0,1.0
131530.0,679725.0,27495.0,-15766.0,-1617.2,3.0,0.0,3.0,3.0,2.0,0.0,3.0,0.0,1.0,1.0
97230.0,741285.0,44096.0,-17636.0,-746.0,3.0,0.0,3.0,3.0,1.0,0.0,3.0,0.0,0.0,0.0
31499.999999999996,155385.0,7319.0,-19751.0,-668.4000000000001,3.0,0.0,2.0,3.0,1.0,0.0,3.0,0.0,0.0,1.0
126699.99999999999,661230.0,31395.0,-14246.0,-258.0,2.0,0.0,3.0,3.0,3.0,0.0,3.0,1.0,0.0,0.0
181160.0,814050.0,38610.0,-17468.0,-1036.0,1.0,0.0,0.0,0.0,3.0,0.0,3.0,0.0,0.0,1.0
63769.99999999999,443070.00000000006,25207.0,-12212.0,-2162.0,4.0,1.0,3.0,3.0,1.0,0.0,1.0,0.0,0.0,1.0
142380.0,1019790.0000000001,54678.0,-9795.0,-652.0,2.0,0.0,1.0,0.0,1.0,0.0,3.0,0.0,0.0,1.0
60409.99999999999,212085.0,10192.0,-14337.0,-52.400000000000006,2.0,0.0,3.0,0.0,0.0,0.0,2.0,1.0,0.0,1.0
338940.0,1940085.0000000002,106795.0,-7879.0,-1304.0,2.0,0.0,3.0,2.0,1.0,0.0,3.0,0.0,0.0,0.0
342020.0,2072250.0000000002,102830.0,-11030.0,-1137.0,2.0,0.0,3.0,3.0,1.0,0.0,3.0,0.0,0.0,1.0
101920.0,477360.00000000006,26364.0,-12945.0,-1547.2,5.0,1.0,3.0,3.0,1.0,0.0,2.0,0.0,0.0,1.0
109620.0,935415.0000000001,41964.0,-14127.0,-295.0,1.0,0.0,0.0,3.0,1.0,0.0,1.0,0.0,0.0,1.0
237019.99999999997,1881900.0000000002,85657.0,-22040.0,-978.0,3.0,0.0,3.0,3.0,4.0,0.0,2.0,0.0,0.0,1.0
71820.0,354645.0,22685.0,-21053.0,-1516.0,5.0,0.0,3.0,3.0,1.0,0.0,2.0,0.0,1.0,1.0
78260.0,482625.00000000006,24531.0,-22753.0,-7430.0,1.0,0.0,3.0,3.0,1.0,0.0,3.0,0.0,0.0,1.0
179760.0,1127925.0,60294.0,-19943.0,-332.0,1.0,0.0,3.0,3.0,1.0,0.0,2.0,0.0,0.0,1.0
135800.0,644490.0,37947.0,-14003.0,-3491.0,1.0,0.0,0.0,3.0,3.0,2.0,3.0,0.0,1.0,0.0
146160.0,1098495.0,57317.0,-8007.0,-223.60000000000002,2.0,0.0,0.0,0.0,1.0,0.0,3.0,0.0,0.0,0.0
50050.0,201555.0,11648.0,-23526.0,-160.8,1.0,0.0,2.0,0.0,1.0,0.0,3.0,1.0,0.0,0.0
177030.0,1454625.0,69693.0,-23211.0,-1522.0,1.0,0.0,2.0,3.0,2.0,3.0,3.0,0.0,0.0,1.0
112840.0,583200.0,38090.0,-9720.0,-1258.4,2.0,0.0,3.0,1.0,1.0,0.0,3.0,0.0,0.0,1.0
139790.0,998325.0000000001,44408.0,-18219.0,-1741.6000000000001,2.0,0.0,3.0,3.0,1.0,0.0,3.0,1.0,0.0,1.0
89250.0,627345.0,30290.0,-20028.0,-3319.0,1.0,0.0,1.0,0.0,1.0,0.0,2.0,0.0,1.0,1.0
99330.0,565245.0,34060.0,-11114.0,-164.0,5.0,0.0,3.0,0.0,1.0,1.0,3.0,1.0,1.0,1.0
128519.99999999999,580905.0,28665.0,-7737.0,-1163.0,1.0,0.0,3.0,3.0,1.0,3.0,3.0,1.0,0.0,1.0
73640.0,403785.0,17979.0,-11463.0,-2565.0,1.0,0.0,3.0,3.0,1.0,0.0,3.0,0.0,0.0,1.0
114869.99999999999,894645.0000000001,47489.0,-13962.0,-711.2,2.0,0.0,0.0,3.0,3.0,1.0,2.0,0.0,0.0,0.0
103040.0,819045.0,52845.0,-22644.0,-124.4,2.0,0.0,0.0,3.0,1.0,0.0,3.0,0.0,0.0,1.0
131320.0,1043145.0000000001,62543.0,-19942.0,-598.4,2.0,0.0,3.0,3.0,1.0,0.0,3.0,0.0,0.0,0.0
85680.0,445770.00000000006,23790.0,-21436.0,-5378.0,3.0,1.0,3.0,3.0,1.0,0.0,3.0,0.0,1.0,1.0
51660.0,227070.00000000003,14508.0,-9018.0,-292.0,2.0,0.0,3.0,3.0,1.0,0.0,3.0,0.0,1.0,1.0
87360.0,459675.00000000006,28912.0,-11275.0,-157.60000000000002,2.0,0.0,3.0,3.0,3.0,0.0,2.0,0.0,1.0,1.0
65309.99999999999,272295.0,17264.0,-8462.0,-1334.0,1.0,0.0,3.0,3.0,0.0,0.0,2.0,0.0,0.0,1.0
52220.0,363960.0,17550.0,-14878.0,-1020.0,2.0,0.0,3.0,0.0,1.0,0.0,2.0,1.0,0.0,1.0
222950.0,989955.0000000001,49764.0,-16348.0,-1755.0,1.0,0.0,0.0,3.0,1.0,0.0,3.0,0.0,0.0,1.0
94850.0,742365.0,34619.0,-22704.0,-996.0,1.0,1.0,3.0,3.0,1.0,0.0,1.0,0.0,1.0,1.0
294560.0,2340900.0,144105.0,-20815.0,-894.4000000000001,5.0,0.0,0.0,3.0,3.0,0.0,3.0,0.0,0.0,1.0
153230.0,889110.0000000001,49777.0,-22094.0,-2431.0,2.0,1.0,3.0,3.0,1.0,0.0,3.0,0.0,0.0,0.0
102690.0,656775.0,36582.0,-23113.0,-916.0,1.0,0.0,0.0,3.0,1.0,0.0,3.0,0.0,0.0,1.0
79170.0,380970.0,20384.0,-15873.0,-4182.0,3.0,0.0,2.0,3.0,1.0,1.0,3.0,0.0,1.0,1.0
167860.0,1087965.0,54938.0,-21664.0,-511.0,5.0,0.0,0.0,3.0,1.0,0.0,2.0,0.0,1.0,0.0
60759.99999999999,317790.0,16601.0,-20008.0,-1542.0,4.0,0.0,0.0,3.0,1.0,0.0,2.0,0.0,0.0,1.0
106680.0,441315.0,22113.0,-23206.0,-1442.0,1.0,0.0,3.0,3.0,4.0,0.0,3.0,0.0,0.0,1.0
52080.0,217620.0,12649.0,-8856.0,-318.8,2.0,0.0,2.0,1.0,1.0,3.0,3.0,0.0,0.0,1.0
68950.0,383805.0,18512.0,-17465.0,-1308.0,2.0,0.0,3.0,3.0,0.0,0.0,3.0,0.0,1.0,1.0
172620.0,1185435.0,66040.0,-18850.0,-2531.0,3.0,0.0,0.0,3.0,3.0,0.0,3.0,0.0,0.0,1.0
230369.99999999997,873315.0,52234.0,-23028.0,-71.0,1.0,0.0,1.0,0.0,3.0,0.0,2.0,1.0,0.0,0.0
138390.0,938655.0000000001,48074.0,-8105.0,-486.8,5.0,0.0,3.0,3.0,1.0,0.0,3.0,1.0,0.0,1.0
31499.999999999996,228825.00000000003,9867.0,-9228.0,-1061.6000000000001,2.0,0.0,0.0,0.0,3.0,0.0,3.0,1.0,1.0,1.0
183750.0,910575.0000000001,53547.0,-18427.0,-2354.4,2.0,1.0,0.0,3.0,1.0,0.0,2.0,1.0,0.0,0.0
34440.0,129600.00000000001,7709.0,-22951.0,-2628.0,4.0,0.0,3.0,3.0,1.0,0.0,2.0,1.0,1.0,1.0
186900.0,1310850.0,77376.0,-20501.0,-5219.0,2.0,0.0,3.0,3.0,1.0,0.0,3.0,0.0,1.0,0.0
63559.99999999999,302400.0,15392.0,-10766.0,-104.0,4.0,1.0,1.0,3.0,1.0,0.0,3.0,0.0,0.0,1.0
55160.0,274320.0,11505.0,-17325.0,-742.0,2.0,0.0,3.0,0.0,4.0,0.0,3.0,0.0,0.0,1.0
91980.0,782190.0,41249.0,-15464.0,-2583.0,2.0,1.0,3.0,3.0,1.0,0.0,3.0,0.0,0.0,1.0
169190.0,1372410.0,70369.0,-16416.0,-671.0,2.0,0.0,3.0,0.0,0.0,0.0,3.0,0.0,0.0,1.0
90720.0,714285.0,45838.0,-18300.0,-2176.0,2.0,0.0,3.0,3.0,1.0,0.0,2.0,0.0,0.0,1.0
51520.0,416205.0,25571.0,-9638.0,-55.0,3.0,0.0,1.0,0.0,1.0,2.0,2.0,0.0,0.0,0.0
144340.0,969435.0000000001,48880.0,-17427.0,-2579.0,2.0,0.0,1.0,3.0,1.0,0.0,2.0,0.0,0.0,1.0
174790.0,1425735.0,75660.0,-18799.0,-959.2,1.0,0.0,3.0,3.0,1.0,1.0,3.0,0.0,0.0,0.0
117179.99999999999,645165.0,38831.0,-9444.0,-1867.0,2.0,0.0,3.0,3.0,1.0,0.0,2.0,0.0,0.0,1.0
249759.99999999997,1480815.0,77168.0,-9345.0,-437.0,1.0,0.0,0.0,3.0,1.0,3.0,3.0,0.0,1.0,1.0
213430.0,1508895.0,98696.0,-12978.0,-2607.0,3.0,0.0,3.0,0.0,1.0,0.0,2.0,0.0,0.0,1.0
56910.0,375840.0,17693.0,-8686.0,-2112.0,5.0,0.0,3.0,1.0,4.0,0.0,1.0,1.0,0.0,1.0
164850.0,739665.0,40131.0,-7857.0,-995.0,2.0,0.0,1.0,0.0,0.0,0.0,3.0,0.0,0.0,1.0
218680.0,1086345.0,66586.0,-22996.0,-226.0,2.0,0.0,1.0,3.0,1.0,0.0,3.0,1.0,1.0,1.0
186690.0,1613655.0,70265.0,-9044.0,-2469.0,2.0,0.0,3.0,3.0,1.0,0.0,2.0,0.0,1.0,1.0
80780.0,350730.0,15249.0,-9786.0,-853.6,1.0,1.0,1.0,3.0,1.0,0.0,3.0,0.0,0.0,1.0
95620.0,382185.0,20384.0,-9687.0,-1245.2,1.0,0.0,3.0,3.0,1.0,0.0,2.0,0.0,1.0,0.0
35000.0,229095.00000000003,12805.0,-17039.0,-1788.0,2.0,0.0,3.0,3.0,1.0,0.0,3.0,0.0,0.0,1.0
100940.0,700110.0,43953.0,-10477.0,-1823.0,1.0,0.0,3.0,3.0,1.0,0.0,1.0,0.0,0.0,1.0
139510.0,930150.0000000001,56576.0,-14415.0,-280.0,2.0,0.0,1.0,3.0,1.0,0.0,3.0,0.0,0.0,1.0
76790.0,606960.0,36114.0,-9372.0,-2546.0,3.0,0.0,3.0,3.0,1.0,0.0,3.0,0.0,1.0,1.0
97020.0,781785.0,47866.0,-15635.0,-122.0,2.0,0.0,1.0,3.0,3.0,0.0,2.0,0.0,0.0,1.0
271880.0,1361880.0,88010.0,-12558.0,-400.8,2.0,0.0,3.0,3.0,1.0,0.0,3.0,0.0,0.0,1.0
69510.0,314010.0,13741.0,-13670.0,-3699.0,2.0,0.0,3.0,3.0,1.0,0.0,3.0,0.0,0.0,1.0
57190.0,296865.0,15015.0,-12953.0,-2132.0,1.0,1.0,3.0,3.0,0.0,0.0,3.0,0.0,0.0,1.0
67550.0,404595.0,23075.0,-12963.0,-271.0,2.0,1.0,2.0,3.0,2.0,0.0,3.0,1.0,1.0,1.0
131460.0,623700.0,32409.0,-18574.0,-624.0,2.0,0.0,3.0,3.0,1.0,0.0,3.0,0.0,1.0,1.0
101010.0,582120.0,30901.0,-11476.0,-765.2,1.0,0.0,3.0,3.0,2.0,0.0,2.0,0.0,1.0,1.0
171430.0,1358100.0,65182.0,-19385.0,-1294.0,1.0,0.0,2.0,3.0,3.0,0.0,2.0,0.0,0.0,1.0
158410.0,899370.0000000001,50583.0,-13591.0,-36.0,2.0,0.0,3.0,3.0,1.0,0.0,3.0,0.0,1.0,1.0
56280.0,267030.0,11323.0,-15573.0,-687.6,2.0,0.0,1.0,3.0,1.0,0.0,1.0,0.0,0.0,0.0
86170.0,412155.0,17316.0,-14448.0,-800.0,2.0,0.0,2.0,0.0,1.0,0.0,3.0,0.0,1.0,1.0
206010.0,1543185.0,98306.0,-20822.0,-332.8,2.0,0.0,3.0,0.0,1.0,0.0,3.0,0.0,1.0,0.0
129499.99999999999,645975.0,26247.0,-16852.0,-973.0,2.0,1.0,3.0,0.0,3.0,0.0,2.0,0.0,0.0,1.0
132790.0,813510.0,39013.0,-11168.0,-456.8,2.0,0.0,2.0,3.0,3.0,2.0,3.0,0.0,0.0,0.0
73430.0,618975.0,32279.0,-8695.0,-793.0,2.0,0.0,0.0,0.0,1.0,0.0,2.0,0.0,0.0,0.0
191940.0,784350.0,38935.0,-17755.0,-1494.8000000000002,2.0,0.0,0.0,3.0,1.0,0.0,3.0,0.0,0.0,1.0
99190.0,730755.0,35386.0,-10265.0,-1476.0,2.0,0.0,3.0,3.0,0.0,0.0,2.0,0.0,0.0,0.0
107940.0,449145.00000000006,28392.0,-20234.0,-288.8,3.0,0.0,3.0,3.0,1.0,3.0,2.0,1.0,1.0,1.0
49980.0,272295.0,12740.0,-22373.0,-716.0,2.0,1.0,3.0,0.0,3.0,0.0,2.0,0.0,0.0,1.0
57330.0,496395.00000000006,22776.0,-20431.0,-1892.0,1.0,0.0,3.0,0.0,1.0,0.0,3.0,0.0,1.0,1.0
58729.99999999999,381915.0,23374.0,-10747.0,-2263.0,5.0,0.0,1.0,3.0,1.0,1.0,2.0,0.0,0.0,1.0
76230.0,304155.0,12779.0,-14213.0,-2226.0,4.0,0.0,3.0,3.0,3.0,0.0,3.0,0.0,0.0,1.0
86520.0,481005.00000000006,24687.0,-16762.0,-1344.0,2.0,0.0,3.0,3.0,1.0,0.0,2.0,0.0,1.0,1.0
146580.0,818775.0,39585.0,-10662.0,-1041.0,1.0,0.0,0.0,3.0,0.0,0.0,1.0,0.0,0.0,0.0
82460.0,463185.00000000006,23413.0,-23353.0,-3232.0,2.0,0.0,0.0,3.0,3.0,0.0,3.0,0.0,0.0,1.0
31499.999999999996,129600.00000000001,5278.0,-13069.0,-1309.0,1.0,1.0,3.0,3.0,1.0,0.0,2.0,0.0,0.0,0.0
220220.0,1050975.0,66053.0,-11546.0,-592.4,2.0,0.0,3.0,0.0,3.0,0.0,2.0,0.0,0.0,1.0
214690.0,1208385.0,74165.0,-14752.0,-1831.0,3.0,1.0,3.0,3.0,1.0,0.0,3.0,1.0,0.0,0.0
163520.0,679455.0,27690.0,-15045.0,-3524.0,2.0,0.0,3.0,3.0,1.0,0.0,2.0,0.0,1.0,1.0
82810.0,679860.0,40911.0,-9050.0,-14.4,2.0,0.0,3.0,0.0,1.0,1.0,3.0,0.0,0.0,1.0
61529.99999999999,475200.00000000006,19500.0,-15794.0,-1032.0,2.0,0.0,3.0,3.0,1.0,2.0,2.0,0.0,1.0,1.0
183890.0,1198935.0,67613.0,-22138.0,-328.8,4.0,1.0,3.0,0.0,1.0,0.0,2.0,0.0,1.0,1.0
48650.0,262035.00000000003,14118.0,-19169.0,-553.0,2.0,0.0,3.0,3.0,1.0,0.0,2.0,0.0,1.0,1.0
114660.0,505170.00000000006,21801.0,-15571.0,-318.40000000000003,4.0,0.0,0.0,3.0,1.0,0.0,3.0,0.0,1.0,1.0
87150.0,678645.0,39702.0,-9787.0,-969.0,2.0,0.0,1.0,3.0,1.0,0.0,2.0,0.0,1.0,1.0
123549.99999999999,497475.00000000006,20865.0,-9446.0,-2641.0,2.0,0.0,0.0,3.0,1.0,0.0,3.0,0.0,0.0,0.0
102200.0,519615.00000000006,32825.0,-13038.0,-3158.0,2.0,0.0,3.0,3.0,1.0,0.0,3.0,0.0,0.0,1.0
75950.0,272025.0,16094.0,-14969.0,-987.6,2.0,0.0,3.0,3.0,3.0,0.0,2.0,0.0,0.0,0.0
249129.99999999997,2113695.0,86320.0,-16397.0,-3840.0,1.0,0.0,0.0,3.0,2.0,0.0,3.0,1.0,1.0,1.0
56350.0,286740.0,13026.0,-20298.0,-3415.0,1.0,1.0,3.0,0.0,1.0,0.0,3.0,0.0,1.0,1.0
91560.0,338985.0,20865.0,-22689.0,-1379.0,2.0,0.0,0.0,0.0,3.0,0.0,1.0,1.0,0.0,1.0
136290.0,689580.0,33904.0,-23026.0,-1113.0,1.0,0.0,2.0,3.0,2.0,0.0,3.0,0.0,1.0,1.0
54250.0,414450.0,21229.0,-19966.0,-818.0,1.0,0.0,1.0,3.0,1.0,0.0,1.0,1.0,1.0,1.0
178430.0,833625.0,54470.0,-18126.0,-1816.0,3.0,0.0,1.0,3.0,3.0,0.0,3.0,1.0,1.0,1.0
81270.0,567945.0,28275.0,-14293.0,-814.0,2.0,0.0,1.0,0.0,1.0,0.0,3.0,0.0,0.0,1.0
87710.0,584685.0,32318.0,-22965.0,-707.0,3.0,0.0,3.0,3.0,1.0,3.0,3.0,1.0,0.0,1.0
156310.0,1172475.0,70239.0,-19573.0,-728.0,2.0,0.0,3.0,0.0,0.0,0.0,2.0,0.0,1.0,1.0
69790.0,432675.0,20592.0,-20692.0,-2898.0,2.0,0.0,1.0,0.0,1.0,2.0,2.0,0.0,1.0,1.0
42000.0,304290.0,12623.0,-19576.0,-497.6,1.0,0.0,3.0,3.0,1.0,0.0,3.0,0.0,0.0,1.0
207550.0,1465830.0,64389.0,-17412.0,-44.800000000000004,2.0,1.0,3.0,3.0,2.0,0.0,3.0,0.0,0.0,1.0
300650.0,2263815.0,103168.0,-13537.0,-2088.0,3.0,0.0,3.0,0.0,1.0,0.0,2.0,0.0,0.0,0.0
75740.0,412560.0,20644.0,-16376.0,-1081.0,1.0,0.0,1.0,3.0,1.0,0.0,3.0,0.0,0.0,1.0
43960.0,178470.0,11141.0,-17734.0,-625.0,3.0,0.0,1.0,3.0,1.0,0.0,2.0,0.0,0.0,1.0
138600.0,611550.0,35360.0,-16935.0,-141.0,3.0,0.0,1.0,3.0,1.0,0.0,2.0,0.0,1.0,1.0
164850.0,989145.0000000001,52793.0,-12039.0,-1921.0,4.0,0.0,3.0,3.0,1.0,0.0,2.0,0.0,0.0,1.0
182350.0,989010.0000000001,55614.0,-10950.0,-1750.0,2.0,0.0,0.0,2.0,1.0,0.0,3.0,0.0,1.0,1.0
108010.0,840510.0,50518.0,-22232.0,-1551.2,2.0,0.0,1.0,0.0,4.0,0.0,2.0,0.0,0.0,1.0
43960.0,295110.0,16536.0,-21843.0,-2524.0,1.0,0.0,3.0,3.0,2.0,0.0,2.0,0.0,0.0,0.0
132020.0,529875.0,26806.0,-23052.0,-1982.0,3.0,0.0,3.0,3.0,1.0,0.0,3.0,0.0,0.0,1.0
123339.99999999999,444825.00000000006,22815.0,-13111.0,-284.8,3.0,0.0,1.0,3.0,1.0,0.0,3.0,0.0,0.0,0.0
53340.0,193590.0,9490.0,-14849.0,-4939.0,2.0,0.0,3.0,0.0,1.0,0.0,3.0,0.0,1.0,1.0
133980.0,506250.00000000006,26871.0,-15311.0,-4977.0,2.0,0.0,0.0,3.0,3.0,0.0,3.0,0.0,0.0,1.0
62369.99999999999,343305.0,20943.0,-12798.0,-335.0,2.0,0.0,3.0,0.0,1.0,0.0,2.0,0.0,0.0,1.0
124249.99999999999,444015.00000000006,28730.0,-8519.0,-1944.0,2.0,0.0,0.0,3.0,1.0,0.0,3.0,0.0,1.0,1.0
193410.0,1247670.0,76947.0,-10353.0,-364.0,4.0,0.0,3.0,3.0,3.0,0.0,3.0,0.0,0.0,0.0
207270.0,919080.0000000001,47268.0,-21288.0,-6096.0,2.0,0.0,3.0,3.0,0.0,0.0,2.0,1.0,1.0,0.0
31499.999999999996,151740.0,6721.0,-17968.0,-7363.0,1.0,0.0,3.0,2.0,1.0,0.0,3.0,0.0,0.0,1.0
158130.0,1311660.0,81549.0,-23065.0,-4364.0,3.0,0.0,1.0,0.0,0.0,0.0,2.0,0.0,0.0,1.0
75250.0,521100.00000000006,28496.0,-17466.0,-391.6,3.0,0.0,0.0,3.0,1.0,0.0,3.0,0.0,0.0,0.0
100380.0,688635.0,29679.0,-8581.0,-2006.0,2.0,0.0,3.0,3.0,1.0,0.0,3.0,0.0,0.0,0.0
100450.0,396630.0,24336.0,-11412.0,-728.0,3.0,0.0,1.0,3.0,1.0,0.0,3.0,1.0,1.0,1.0
53060.0,393795.0,25389.0,-9067.0,-718.0,4.0,0.0,1.0,3.0,1.0,0.0,2.0,0.0,0.0,1.0
57889.99999999999,300915.0,17992.0,-8096.0,-1522.0,2.0,0.0,1.0,3.0,1.0,0.0,2.0,1.0,1.0,1.0
100310.0,523530.00000000006,26897.0,-9946.0,-1493.0,2.0,0.0,0.0,3.0,1.0,0.0,2.0,0.0,1.0,1.0
100590.0,506520.00000000006,27664.0,-18860.0,-625.6,2.0,0.0,0.0,3.0,1.0,0.0,2.0,0.0,0.0,1.0
140700.0,566325.0,25389.0,-13255.0,-2672.0,2.0,1.0,3.0,3.0,4.0,0.0,3.0,0.0,0.0,1.0
113260.0,426735.0,18421.0,-17520.0,-14.4,1.0,0.0,3.0,0.0,0.0,0.0,1.0,1.0,0.0,1.0
92050.0,795960.0,36842.0,-22797.0,-1148.8,4.0,0.0,1.0,0.0,3.0,0.0,3.0,0.0,1.0,1.0
148190.0,714015.0,32500.0,-19639.0,-68.0,2.0,0.0,0.0,3.0,1.0,0.0,3.0,0.0,1.0,1.0
91350.0,730620.0,41392.0,-16628.0,-298.0,2.0,0.0,3.0,3.0,1.0,0.0,2.0,0.0,0.0,1.0
31499.999999999996,137700.0,6175.0,-20812.0,-1278.4,1.0,0.0,1.0,3.0,4.0,0.0,2.0,0.0,0.0,0.0
208600.0,759780.0,37401.0,-20896.0,-1432.0,4.0,1.0,3.0,3.0,0.0,0.0,2.0,0.0,0.0,1.0
143710.0,1089180.0,66755.0,-12385.0,-43.6,2.0,0.0,3.0,3.0,2.0,0.0,3.0,0.0,1.0,1.0
64609.99999999999,319410.0,13468.0,-14084.0,-60.0,3.0,0.0,3.0,3.0,3.0,0.0,3.0,1.0,0.0,1.0
155610.0,1043550.0000000001,56407.0,-13293.0,-278.0,2.0,0.0,3.0,3.0,3.0,0.0,3.0,0.0,0.0,1.0
152740.0,1073655.0,53612.0,-17971.0,-1321.0,2.0,0.0,2.0,0.0,1.0,0.0,2.0,0.0,0.0,1.0
119489.99999999999,944325.0000000001,55549.0,-18849.0,-2098.0,2.0,0.0,3.0,3.0,1.0,0.0,3.0,0.0,1.0,0.0
102550.0,597780.0,27963.0,-17035.0,-735.0,1.0,0.0,3.0,3.0,3.0,0.0,3.0,1.0,0.0,1.0
209020.0,979155.0000000001,46618.0,-18136.0,-964.8000000000001,1.0,0.0,0.0,3.0,1.0,0.0,2.0,0.0,1.0,0.0
72450.0,253800.00000000003,11661.0,-17868.0,-76.0,1.0,0.0,3.0,3.0,1.0,2.0,3.0,0.0,0.0,1.0
163240.0,752355.0,30745.0,-19762.0,-83.0,2.0,0.0,3.0,3.0,3.0,0.0,2.0,0.0,1.0,0.0
127049.99999999999,928125.0000000001,39403.0,-9404.0,-2830.0,3.0,0.0,2.0,3.0,1.0,0.0,3.0,0.0,0.0,1.0
83020.0,553230.0,30329.0,-15143.0,-31.6,2.0,0.0,0.0,3.0,1.0,0.0,2.0,0.0,0.0,1.0
102620.0,746550.0,34047.0,-17322.0,-102.80000000000001,2.0,0.0,3.0,3.0,3.0,0.0,3.0,0.0,0.0,1.0
101640.0,703755.0,43108.0,-14788.0,-1408.0,1.0,0.0,1.0,3.0,1.0,0.0,3.0,1.0,1.0,1.0
89460.0,769770.0,46410.0,-20230.0,-494.0,1.0,0.0,3.0,3.0,1.0,0.0,2.0,0.0,0.0,0.0
118299.99999999999,435510.0,22165.0,-15653.0,-3390.0,1.0,0.0,3.0,3.0,1.0,1.0,2.0,1.0,0.0,1.0
219380.0,1785375.0000000002,92404.0,-12568.0,-2174.0,2.0,0.0,3.0,3.0,0.0,0.0,3.0,0.0,1.0,1.0
155820.0,747360.0,42588.0,-21583.0,-1425.0,2.0,0.0,1.0,3.0,3.0,0.0,3.0,0.0,0.0,1.0
104650.0,415935.0,26039.0,-23671.0,-87.2,1.0,0.0,3.0,3.0,1.0,0.0,3.0,0.0,1.0,0.0
58659.99999999999,442260.0,18499.0,-21121.0,-279.0,2.0,0.0,3.0,3.0,1.0,0.0,3.0,0.0,0.0,0.0
113890.0,926910.0000000001,40183.0,-18717.0,-732.8000000000001,3.0,0.0,3.0,0.0,2.0,0.0,1.0,0.0,0.0,1.0
50820.0,341550.0,18317.0,-19298.0,-1803.0,2.0,1.0,0.0,3.0,2.0,0.0,3.0,0.0,0.0,1.0
97930.0,810675.0,47931.0,-8756.0,-2182.0,2.0,0.0,0.0,3.0,3.0,0.0,2.0,1.0,1.0,1.0
164220.0,941490.0000000001,39182.0,-11633.0,-2842.0,2.0,0.0,3.0,3.0,2.0,0.0,3.0,0.0,1.0,1.0
110810.0,657990.0,38701.0,-7986.0,-564.4,4.0,0.0,1.0,3.0,1.0,0.0,3.0,0.0,1.0,1.0
155260.0,1201770.0,57044.0,-18333.0,-218.4,2.0,0.0,1.0,3.0,1.0,0.0,2.0,0.0,1.0,0.0
59919.99999999999,445770.00000000006,21242.0,-21458.0,-151.6,2.0,0.0,3.0,3.0,3.0,0.0,2.0,0.0,0.0,1.0
116059.99999999999,982530.0000000001,51662.0,-12743.0,-66.4,2.0,0.0,2.0,3.0,1.0,0.0,3.0,0.0,0.0,1.0
185080.0,1296405.0,74737.0,-23568.0,-251.60000000000002,4.0,0.0,0.0,3.0,1.0,0.0,1.0,0.0,1.0,0.0
101850.0,605475.0,36062.0,-13372.0,-536.0,4.0,0.0,0.0,3.0,1.0,0.0,3.0,0.0,1.0,0.0
49070.0,294705.0,17264.0,-14580.0,-173.60000000000002,1.0,0.0,1.0,3.0,3.0,0.0,2.0,0.0,0.0,0.0
106680.0,853470.0,47957.0,-22035.0,-266.0,1.0,0.0,2.0,3.0,1.0,0.0,2.0,1.0,0.0,1.0
181790.0,1483650.0,90090.0,-15228.0,-509.0,2.0,0.0,3.0,3.0,1.0,0.0,3.0,0.0,0.0,0.0
116549.99999999999,673110.0,43420.0,-23095.0,-878.0,2.0,0.0,2.0,0.0,1.0,3.0,3.0,0.0,0.0,0.0
54600.0,347490.0,15314.0,-16856.0,-138.0,3.0,0.0,3.0,3.0,1.0,0.0,3.0,0.0,0.0,1.0
70700.0,607365.0,30940.0,-15119.0,-117.2,2.0,0.0,3.0,3.0,3.0,0.0,3.0,0.0,0.0,1.0
123619.99999999999,493830.00000000006,25610.0,-11302.0,-43.0,1.0,0.0,0.0,3.0,1.0,2.0,3.0,0.0,0.0,1.0
129709.99999999999,494370.00000000006,28158.0,-17624.0,-764.4000000000001,3.0,0.0,3.0,0.0,1.0,0.0,3.0,0.0,1.0,1.0
143080.0,778950.0,47346.0,-21789.0,-336.8,2.0,0.0,0.0,3.0,1.0,0.0,2.0,0.0,0.0,0.0
150290.0,1013850.0000000001,42016.0,-19983.0,-2006.0,1.0,1.0,2.0,1.0,3.0,0.0,2.0,0.0,1.0,1.0
130899.99999999999,774495.0,38636.0,-22287.0,-14.4,2.0,0.0,3.0,3.0,0.0,0.0,3.0,0.0,0.0,1.0
97020.0,833085.0,39845.0,-8756.0,-2182.0,2.0,0.0,3.0,0.0,1.0,3.0,3.0,0.0,0.0,1.0
83370.0,603855.0,26182.0,-15039.0,-3943.0,3.0,0.0,1.0,1.0,2.0,0.0,3.0,1.0,1.0,1.0
34440.0,149580.0,9178.0,-10479.0,-630.4000000000001,3.0,0.0,3.0,0.0,0.0,0.0,3.0,0.0,0.0,1.0
248919.99999999997,1027215.0000000001,52858.0,-8606.0,-2031.0,2.0,0.0,0.0,0.0,1.0,0.0,3.0,0.0,1.0,0.0
190890.0,1271700.0,77051.0,-23334.0,-192.0,4.0,0.0,1.0,3.0,3.0,0.0,2.0,0.0,1.0,0.0
84210.0,605340.0,27963.0,-8868.0,-397.0,4.0,0.0,1.0,1.0,1.0,0.0,3.0,0.0,1.0,1.0
40810.0,239490.00000000003,10933.0,-20642.0,-890.0,3.0,1.0,1.0,3.0,0.0,0.0,3.0,0.0,0.0,0.0
217420.0,1535085.0,88114.0,-20623.0,-1862.0,4.0,0.0,3.0,3.0,1.0,0.0,3.0,0.0,0.0,1.0
97790.0,525015.0,22854.0,-16581.0,-2246.0,2.0,0.0,3.0,3.0,3.0,0.0,2.0,0.0,0.0,0.0
195930.0,790830.0,44889.0,-10824.0,-1700.0,1.0,0.0,3.0,3.0,3.0,0.0,2.0,1.0,0.0,0.0
129779.99999999999,913005.0000000001,42016.0,-21012.0,-4243.0,3.0,0.0,3.0,3.0,1.0,0.0,2.0,0.0,1.0,1.0
52920.0,253800.00000000003,12298.0,-11691.0,-25.6,2.0,0.0,3.0,3.0,4.0,0.0,1.0,0.0,0.0,1.0
154490.0,1228365.0,72293.0,-18845.0,-2206.0,3.0,0.0,0.0,0.0,1.0,2.0,3.0,0.0,0.0,0.0
132510.0,561600.0,25311.0,-7978.0,-1009.0,1.0,0.0,3.0,3.0,1.0,0.0,3.0,1.0,0.0,1.0
46200.0,363150.0,23153.0,-16417.0,-672.4000000000001,2.0,0.0,2.0,0.0,1.0,0.0,1.0,0.0,0.0,0.0
142940.0,686070.0,41405.0,-18639.0,-36.0,2.0,0.0,1.0,1.0,1.0,0.0,3.0,1.0,0.0,0.0
348460.0,2770740.0,163657.0,-18384.0,-44.0,1.0,0.0,3.0,0.0,3.0,0.0,3.0,1.0,0.0,1.0
86660.0,547290.0,28717.0,-17238.0,-413.0,2.0,0.0,3.0,3.0,1.0,0.0,2.0,0.0,0.0,0.0
135380.0,1009530.0000000001,63011.0,-21354.0,-214.0,1.0,0.0,2.0,3.0,3.0,0.0,3.0,0.0,0.0,1.0
105980.0,415665.0,23205.0,-11453.0,-4878.0,2.0,0.0,1.0,3.0,0.0,0.0,3.0,0.0,0.0,1.0
162750.0,1261845.0,58786.0,-17626.0,-2250.0,2.0,0.0,0.0,0.0,1.0,0.0,3.0,0.0,0.0,1.0
65309.99999999999,339795.0,15236.0,-21078.0,-198.0,1.0,0.0,0.0,3.0,1.0,0.0,3.0,1.0,0.0,1.0
58799.99999999999,273375.0,11596.0,-15468.0,-408.40000000000003,3.0,0.0,3.0,3.0,4.0,0.0,1.0,0.0,0.0,1.0
119769.99999999999,796230.0,40976.0,-11057.0,-442.8,4.0,0.0,1.0,3.0,3.0,0.0,2.0,0.0,1.0,1.0
105490.0,520290.00000000006,22386.0,-10661.0,-1278.0,2.0,0.0,3.0,3.0,1.0,0.0,1.0,1.0,1.0,1.0
182910.0,779220.0,47671.0,-18333.0,-1151.6000000000001,2.0,0.0,1.0,3.0,3.0,0.0,1.0,0.0,0.0,1.0
368200.0,2025270.0000000002,128375.0,-21321.0,-639.0,2.0,0.0,1.0,3.0,1.0,0.0,2.0,0.0,0.0,0.0
174720.0,785295.0,47437.0,-15575.0,-715.0,2.0,0.0,1.0,3.0,3.0,3.0,2.0,0.0,1.0,1.0
93310.0,511785.00000000006,27430.0,-13981.0,-329.0,2.0,0.0,1.0,2.0,1.0,0.0,3.0,0.0,0.0,0.0
208460.0,929340.0000000001,43082.0,-9102.0,-672.8000000000001,3.0,0.0,0.0,3.0,1.0,0.0,2.0,0.0,0.0,0.0
62159.99999999999,324270.0,15301.0,-11508.0,-1266.0,2.0,0.0,0.0,3.0,1.0,0.0,2.0,0.0,0.0,0.0
62719.99999999999,324810.0,19422.0,-23403.0,-1628.0,4.0,0.0,1.0,3.0,2.0,0.0,2.0,0.0,0.0,0.0
173040.0,687285.0,36569.0,-15904.0,-200.8,2.0,0.0,0.0,3.0,1.0,0.0,2.0,0.0,0.0,0.0
39340.0,177795.0,10517.0,-14022.0,-2930.0,2.0,0.0,3.0,3.0,3.0,0.0,2.0,0.0,1.0,1.0
157850.0,1172205.0,74633.0,-16182.0,-454.0,2.0,0.0,3.0,0.0,1.0,0.0,3.0,0.0,0.0,1.0
120189.99999999999,678780.0,27846.0,-10548.0,-133.20000000000002,3.0,0.0,3.0,3.0,0.0,0.0,2.0,0.0,0.0,1.0
142590.0,667845.0,33592.0,-20856.0,-184.0,1.0,0.0,3.0,0.0,1.0,0.0,3.0,1.0,1.0,1.0
223090.0,860355.0,49153.0,-23406.0,-1790.0,3.0,0.0,1.0,3.0,1.0,0.0,2.0,0.0,0.0,1.0
98000.0,783270.0,33982.0,-17097.0,-1686.0,5.0,0.0,1.0,3.0,1.0,0.0,3.0,0.0,0.0,1.0
209930.0,1696950.0,74425.0,-10359.0,-1813.0,4.0,0.0,0.0,3.0,1.0,0.0,3.0,0.0,0.0,1.0
91140.0,697275.0,42822.0,-21951.0,-1110.0,2.0,0.0,3.0,3.0,1.0,0.0,3.0,0.0,0.0,1.0
66220.0,432540.0,24193.0,-18705.0,-176.0,3.0,0.0,0.0,3.0,1.0,0.0,2.0,0.0,0.0,0.0
106890.0,638955.0,27261.0,-12736.0,-1239.0,2.0,0.0,2.0,0.0,3.0,0.0,3.0,0.0,0.0,0.0
165410.0,948375.0000000001,49244.0,-12505.0,-692.0,2.0,1.0,0.0,2.0,3.0,0.0,3.0,0.0,1.0,1.0
88200.0,698220.0,31187.0,-17064.0,-295.0,2.0,0.0,3.0,0.0,0.0,0.0,1.0,1.0,0.0,1.0
102200.0,526770.0,22464.0,-11341.0,-640.0,1.0,0.0,3.0,0.0,1.0,0.0,3.0,1.0,0.0,0.0
160020.0,819045.0,50505.0,-18288.0,-117.2,2.0,0.0,1.0,3.0,1.0,0.0,3.0,0.0,0.0,1.0
172830.0,898830.0000000001,47398.0,-15581.0,-5037.0,3.0,0.0,3.0,3.0,1.0,0.0,3.0,0.0,0.0,1.0
89600.0,542430.0,35217.0,-12630.0,-292.0,2.0,0.0,1.0,3.0,3.0,0.0,2.0,1.0,0.0,0.0
92050.0,365715.0,22230.0,-13458.0,-2714.0,2.0,0.0,2.0,1.0,1.0,0.0,2.0,0.0,0.0,1.0
83160.0,409455.0,24531.0,-11276.0,-208.8,2.0,0.0,3.0,0.0,1.0,0.0,2.0,0.0,1.0,0.0
129219.99999999999,813105.0,40131.0,-14061.0,-1656.0,2.0,0.0,0.0,3.0,0.0,0.0,2.0,0.0,1.0,0.0
122849.99999999999,856845.0,44889.0,-19884.0,-2176.0,1.0,1.0,3.0,3.0,1.0,2.0,1.0,0.0,1.0,1.0
37870.0,288900.0,16055.0,-22365.0,-285.2,2.0,0.0,1.0,0.0,1.0,0.0,3.0,0.0,0.0,1.0
327530.0,2777220.0,160056.0,-19432.0,-804.4000000000001,1.0,0.0,0.0,3.0,1.0,0.0,2.0,0.0,0.0,1.0
90090.0,642060.0,41704.0,-14872.0,-158.4,1.0,0.0,3.0,0.0,3.0,0.0,2.0,0.0,0.0,1.0
79590.0,579555.0,30836.0,-13025.0,-1451.0,2.0,0.0,3.0,3.0,2.0,0.0,2.0,1.0,0.0,0.0
165690.0,1321380.0,84188.0,-7688.0,-624.0,4.0,0.0,0.0,2.0,1.0,0.0,2.0,0.0,0.0,0.0
325850.0,2665305.0,114296.0,-17304.0,-884.8000000000001,5.0,0.0,3.0,0.0,1.0,0.0,1.0,1.0,1.0,0.0
49000.0,378810.0,17407.0,-9279.0,-1247.0,3.0,0.0,3.0,3.0,1.0,0.0,3.0,1.0,1.0,1.0
81270.0,532980.0,24440.0,-21707.0,-1481.0,1.0,0.0,2.0,3.0,1.0,0.0,3.0,0.0,1.0,1.0
87990.0,341010.0,20579.0,-8796.0,-348.0,1.0,0.0,3.0,0.0,1.0,3.0,2.0,0.0,1.0,1.0
184030.0,1072710.0,69108.0,-9333.0,-14.4,1.0,0.0,1.0,3.0,1.0,0.0,3.0,0.0,0.0,0.0
131880.0,740205.0,43303.0,-19286.0,-3129.0,2.0,0.0,0.0,3.0,1.0,0.0,3.0,0.0,0.0,1.0
81970.0,464535.00000000006,26702.0,-13383.0,-4452.0,2.0,0.0,0.0,0.0,1.0,0.0,2.0,1.0,1.0,0.0
189210.0,980505.0000000001,44525.0,-16099.0,-2849.0,2.0,0.0,1.0,0.0,1.0,2.0,3.0,1.0,0.0,1.0
162680.0,974025.0000000001,59059.0,-11922.0,-1079.6000000000001,3.0,0.0,3.0,3.0,1.0,0.0,2.0,0.0,0.0,1.0
94570.0,550260.0,24986.0,-7851.0,-510.8,1.0,0.0,3.0,0.0,3.0,0.0,3.0,1.0,0.0,1.0
67550.0,336285.0,20605.0,-8841.0,-173.0,2.0,0.0,0.0,3.0,1.0,0.0,2.0,0.0,0.0,1.0
73150.0,341955.0,22152.0,-20423.0,-646.0,2.0,0.0,3.0,0.0,1.0,0.0,3.0,0.0,1.0,1.0
98630.0,722790.0,38623.0,-23588.0,-1975.0,3.0,0.0,0.0,3.0,1.0,0.0,3.0,0.0,1.0,0.0
103950.0,641250.0,27352.0,-10246.0,-3672.0,2.0,0.0,0.0,3.0,1.0,0.0,2.0,0.0,0.0,1.0
97510.0,396900.0,25181.0,-9373.0,-445.6,2.0,0.0,3.0,3.0,1.0,0.0,2.0,0.0,0.0,1.0
56700.0,389475.0,23179.0,-18474.0,-740.0,3.0,0.0,3.0,3.0,1.0,0.0,2.0,0.0,1.0,1.0
59359.99999999999,255555.00000000003,15548.0,-7903.0,-1322.0,2.0,0.0,3.0,3.0,1.0,0.0,3.0,0.0,1.0,1.0
224630.0,1431000.0,64987.0,-18299.0,-309.20000000000005,1.0,0.0,3.0,0.0,3.0,0.0,3.0,0.0,0.0,1.0
51240.0,405000.0,17966.0,-20252.0,-801.0,3.0,0.0,0.0,3.0,4.0,0.0,3.0,0.0,0.0,0.0
209860.0,1386045.0,76752.0,-13509.0,-781.0,1.0,0.0,3.0,3.0,1.0,0.0,2.0,1.0,0.0,1.0
180530.0,761130.0,34463.0,-13589.0,-2048.8,1.0,0.0,3.0,3.0,1.0,0.0,2.0,1.0,0.0,0.0
49000.0,347220.0,22698.0,-12032.0,-2006.0,5.0,0.0,3.0,3.0,3.0,0.0,3.0,0.0,1.0,0.0
150010.0,1301400.0,73606.0,-18525.0,-2020.8000000000002,1.0,0.0,3.0,3.0,1.0,0.0,3.0,0.0,1.0,1.0
70070.0,503685.00000000006,32812.0,-15048.0,-868.0,2.0,0.0,3.0,3.0,1.0,0.0,3.0,0.0,0.0,0.0
38850.0,260685.00000000003,11479.0,-15208.0,-3180.0,3.0,0.0,3.0,3.0,1.0,0.0,1.0,0.0,1.0,0.0
137130.0,705915.0,41223.0,-14059.0,-1087.0,2.0,1.0,0.0,3.0,3.0,0.0,3.0,1.0,1.0,1.0
80920.0,687960.0,29367.0,-16359.0,-3355.0,2.0,0.0,0.0,3.0,3.0,0.0,3.0,0.0,0.0,1.0
172270.0,1389420.0,56992.0,-15437.0,-264.40000000000003,4.0,0.0,1.0,3.0,1.0,0.0,2.0,0.0,0.0,0.0
73780.0,514080.00000000006,30368.0,-13689.0,-2974.0,3.0,0.0,1.0,3.0,1.0,0.0,2.0,0.0,1.0,0.0
95340.0,757755.0,46904.0,-13792.0,-633.0,3.0,0.0,3.0,0.0,1.0,0.0,2.0,0.0,0.0,1.0
31499.999999999996,217485.0,10361.0,-20583.0,-295.2,1.0,0.0,3.0,3.0,1.0,0.0,2.0,1.0,0.0,0.0
67060.0,558495.0,25818.0,-14739.0,-3119.0,2.0,0.0,3.0,3.0,1.0,0.0,3.0,0.0,0.0,0.0
121379.99999999999,569700.0,35295.0,-19825.0,-386.0,1.0,0.0,0.0,3.0,0.0,0.0,3.0,0.0,1.0,1.0
95060.0,414315.0,21762.0,-23571.0,-604.0,2.0,0.0,0.0,3.0,0.0,0.0,3.0,0.0,0.0,1.0
96390.0,414585.0,17316.0,-12545.0,-1837.0,1.0,0.0,1.0,3.0,3.0,0.0,3.0,0.0,0.0,0.0
177030.0,1396710.0,63128.0,-23050.0,-1606.0,1.0,0.0,3.0,3.0,0.0,0.0,3.0,0.0,0.0,1.0
128589.99999999999,585900.0,34541.0,-18023.0,-604.4,1.0,0.0,3.0,0.0,4.0,0.0,2.0,0.0,0.0,1.0
104020.0,803385.0,32708.0,-14277.0,-1191.0,2.0,0.0,0.0,3.0,1.0,0.0,1.0,0.0,0.0,1.0
65870.0,520290.00000000006,31343.0,-16921.0,-182.8,1.0,0.0,3.0,3.0,3.0,0.0,2.0,0.0,0.0,1.0
81760.0,293625.0,18408.0,-20202.0,-277.6,1.0,0.0,0.0,3.0,1.0,0.0,3.0,0.0,1.0,1.0
61249.99999999999,429570.0,18577.0,-19598.0,-316.40000000000003,1.0,0.0,3.0,3.0,4.0,0.0,2.0,0.0,0.0,1.0
71890.0,540135.0,34593.0,-10889.0,-978.0,2.0,0.0,0.0,3.0,1.0,3.0,2.0,1.0,1.0,0.0
40740.0,163215.0,8814.0,-17497.0,-569.0,2.0,0.0,0.0,0.0,1.0,0.0,3.0,1.0,0.0,0.0
153020.0,652050.0,40313.0,-14018.0,-51.2,3.0,0.0,0.0,0.0,1.0,0.0,2.0,0.0,0.0,1.0
93170.0,509085.00000000006,23855.0,-10281.0,-3707.0,1.0,0.0,0.0,3.0,1.0,0.0,3.0,0.0,0.0,1.0
82880.0,339660.0,13793.0,-16251.0,-407.0,4.0,0.0,3.0,3.0,0.0,0.0,3.0,0.0,0.0,0.0
78820.0,471015.00000000006,29679.0,-18026.0,-829.2,1.0,0.0,1.0,0.0,1.0,0.0,2.0,1.0,1.0,1.0
54110.0,329940.0,20722.0,-12085.0,-5228.0,1.0,0.0,0.0,3.0,1.0,3.0,3.0,0.0,1.0,0.0
57120.0,245025.00000000003,10543.0,-23096.0,-2165.0,3.0,0.0,0.0,3.0,1.0,0.0,3.0,0.0,0.0,1.0
79100.0,293220.0,19149.0,-22531.0,-884.0,1.0,0.0,3.0,3.0,0.0,0.0,2.0,0.0,0.0,1.0
408380.0,3049785.0,170807.0,-11123.0,-2995.0,1.0,0.0,2.0,0.0,1.0,0.0,3.0,0.0,0.0,0.0
209930.0,1358775.0,66209.0,-17169.0,-398.0,5.0,0.0,1.0,0.0,1.0,0.0,3.0,0.0,0.0,0.0
170170.0,1283985.0,64597.0,-21687.0,-1789.0,3.0,0.0,3.0,0.0,1.0,0.0,1.0,1.0,0.0,0.0
76300.0,439560.0,18434.0,-23609.0,-666.0,3.0,0.0,3.0,3.0,1.0,0.0,2.0,0.0,0.0,0.0
162960.0,693630.0,34697.0,-10224.0,-559.0,1.0,0.0,0.0,3.0,1.0,0.0,2.0,0.0,0.0,1.0
175490.0,1109025.0,49881.0,-8327.0,-700.8000000000001,3.0,0.0,0.0,0.0,1.0,0.0,3.0,0.0,0.0,1.0
89670.0,708345.0,31369.0,-10827.0,-195.0,2.0,1.0,3.0,3.0,1.0,0.0,3.0,0.0,1.0,0.0
195650.0,1015740.0000000001,59839.0,-22431.0,-4045.0,1.0,0.0,3.0,1.0,3.0,0.0,2.0,1.0,1.0,0.0
186060.0,1304910.0,79599.0,-16376.0,-3027.2000000000003,2.0,1.0,0.0,3.0,1.0,0.0,2.0,0.0,1.0,1.0
216650.0,1264815.0,61230.0,-14242.0,-1572.0,1.0,0.0,3.0,3.0,3.0,0.0,1.0,0.0,0.0,1.0
108430.0,482625.00000000006,20059.0,-14733.0,-2095.0,1.0,0.0,0.0,0.0,1.0,1.0,3.0,0.0,1.0,0.0
58939.99999999999,299835.0,15613.0,-23585.0,-3350.0,2.0,1.0,1.0,0.0,1.0,0.0,3.0,0.0,0.0,0.0
79380.0,679590.0,36075.0,-18175.0,-6057.0,1.0,1.0,3.0,3.0,1.0,0.0,1.0,1.0,0.0,1.0
62999.99999999999,408780.0,23192.0,-11558.0,-36.0,2.0,0.0,1.0,3.0,2.0,0.0,2.0,0.0,1.0,0.0
146300.0,845100.0,47697.0,-10272.0,-216.8,1.0,0.0,3.0,1.0,1.0,0.0,3.0,0.0,1.0,1.0
67550.0,357075.0,20800.0,-15782.0,-2781.0,4.0,0.0,3.0,3.0,1.0,0.0,3.0,0.0,0.0,1.0
116899.99999999999,513945.00000000006,21905.0,-10039.0,-408.40000000000003,2.0,0.0,1.0,0.0,1.0,0.0,2.0,1.0,1.0,0.0
56700.0,272700.0,15158.0,-21177.0,-356.0,2.0,0.0,1.0,3.0,1.0,1.0,2.0,0.0,1.0,1.0
137480.0,784620.0,46917.0,-20839.0,-1458.0,1.0,0.0,1.0,3.0,1.0,0.0,3.0,0.0,0.0,1.0
31499.999999999996,116775.00000000001,7202.0,-9799.0,-750.0,1.0,0.0,2.0,3.0,0.0,0.0,3.0,1.0,0.0,0.0
206780.0,959445.0000000001,54899.0,-10994.0,-887.0,2.0,0.0,0.0,3.0,1.0,0.0,2.0,0.0,0.0,1.0
45080.0,160110.0,9698.0,-18085.0,-577.6,3.0,0.0,0.0,3.0,0.0,0.0,2.0,0.0,0.0,1.0
68040.0,276345.0,12597.0,-23453.0,-1650.0,1.0,0.0,0.0,3.0,1.0,0.0,3.0,0.0,0.0,1.0
204050.0,1018440.0000000001,45006.0,-19828.0,-139.0,1.0,0.0,3.0,3.0,1.0,0.0,1.0,1.0,0.0,0.0
126979.99999999999,669465.0,34775.0,-18836.0,-329.0,1.0,1.0,1.0,3.0,1.0,3.0,2.0,0.0,1.0,1.0
86380.0,570780.0,28353.0,-17742.0,-2442.4,1.0,0.0,0.0,3.0,3.0,0.0,2.0,0.0,0.0,1.0
150850.0,811890.0,37817.0,-22622.0,-3114.0,2.0,0.0,0.0,3.0,1.0,0.0,3.0,0.0,0.0,0.0
51730.0,242730.00000000003,11427.0,-14710.0,-3341.0,3.0,0.0,1.0,3.0,1.0,0.0,3.0,0.0,0.0,1.0
94220.0,698355.0,37518.0,-14424.0,-754.0,2.0,0.0,1.0,3.0,4.0,0.0,3.0,0.0,0.0,0.0
81900.0,508275.00000000006,25740.0,-23142.0,-1226.8,3.0,1.0,3.0,0.0,4.0,3.0,2.0,0.0,0.0,0.0
172340.0,871290.0,35581.0,-22628.0,-258.0,1.0,1.0,3.0,0.0,1.0,0.0,2.0,0.0,0.0,1.0
114939.99999999999,527580.0,28795.0,-8649.0,-168.0,2.0,0.0,3.0,3.0,1.0,0.0,3.0,0.0,1.0,0.0
74970.0,366255.0,15639.0,-20794.0,-649.2,2.0,0.0,3.0,3.0,1.0,3.0,2.0,0.0,0.0,1.0
130409.99999999999,1119285.0,71383.0,-8420.0,-636.0,2.0,0.0,3.0,3.0,0.0,0.0,3.0,0.0,1.0,1.0
175980.0,1398870.0,76362.0,-10817.0,-31.200000000000003,2.0,0.0,3.0,0.0,0.0,0.0,3.0,1.0,0.0,1.0
72450.0,286065.0,17407.0,-14074.0,-418.8,5.0,0.0,0.0,3.0,1.0,0.0,2.0,0.0,1.0,1.0
188790.0,1395630.0,68172.0,-18993.0,-2106.0,2.0,0.0,3.0,3.0,3.0,0.0,2.0,0.0,0.0,0.0
116409.99999999999,601830.0,26676.0,-15221.0,-767.0,2.0,0.0,2.0,3.0,1.0,0.0,3.0,0.0,0.0,1.0
240449.99999999997,1124685.0,67106.0,-9349.0,-1976.0,1.0,0.0,2.0,3.0,1.0,2.0,3.0,0.0,0.0,1.0
188440.0,913005.0000000001,55406.0,-16130.0,-416.0,2.0,0.0,3.0,3.0,3.0,0.0,3.0,0.0,0.0,0.0
60759.99999999999,445095.00000000006,22061.0,-12020.0,-14.4,3.0,0.0,1.0,3.0,3.0,0.0,3.0,0.0,0.0,1.0
59009.99999999999,297810.0,17537.0,-8789.0,-2011.0,4.0,0.0,1.0,3.0,1.0,0.0,3.0,0.0,0.0,1.0
202370.0,841860.0,40677.0,-11990.0,-2312.0,2.0,0.0,3.0,0.0,1.0,0.0,3.0,1.0,0.0,0.0
94080.0,812295.0,45617.0,-22006.0,-1370.0,4.0,0.0,3.0,3.0,1.0,0.0,1.0,1.0,0.0,1.0
170240.0,780435.0,47346.0,-17250.0,-596.0,2.0,0.0,3.0,0.0,1.0,0.0,3.0,0.0,1.0,0.0
57889.99999999999,338580.0,15535.0,-9389.0,-1126.0,2.0,1.0,3.0,0.0,1.0,0.0,3.0,0.0,0.0,0.0
92820.0,335475.0,20748.0,-19785.0,-2517.0,1.0,0.0,3.0,3.0,1.0,0.0,3.0,0.0,0.0,1.0
59009.99999999999,302535.0,18759.0,-10233.0,-68.4,2.0,1.0,3.0,0.0,1.0,0.0,2.0,0.0,0.0,1.0
155470.0,797580.0,35802.0,-8084.0,-36.0,2.0,0.0,0.0,3.0,4.0,1.0,3.0,0.0,0.0,1.0
84420.0,383400.0,18395.0,-16822.0,-920.8000000000001,3.0,0.0,1.0,3.0,1.0,0.0,2.0,0.0,1.0,0.0
127889.99999999999,823365.0,46033.0,-12040.0,-1108.0,2.0,0.0,0.0,3.0,1.0,0.0,3.0,0.0,0.0,1.0
37520.0,156330.0,9347.0,-10921.0,-1574.0,1.0,0.0,3.0,3.0,0.0,0.0,2.0,0.0,1.0,1.0
143570.0,541620.0,33605.0,-10944.0,-202.0,1.0,0.0,3.0,3.0,1.0,0.0,2.0,0.0,0.0,0.0
113050.0,394335.0,20865.0,-9363.0,-359.0,2.0,0.0,3.0,0.0,1.0,0.0,1.0,0.0,0.0,0.0
57959.99999999999,487215.00000000006,31343.0,-8306.0,-366.0,2.0,0.0,1.0,0.0,1.0,0.0,3.0,0.0,0.0,0.0
48090.0,362070.0,21671.0,-22202.0,-2682.0,2.0,0.0,3.0,3.0,1.0,0.0,3.0,0.0,1.0,0.0
60479.99999999999,405270.0,18239.0,-19900.0,-325.0,2.0,0.0,3.0,0.0,1.0,0.0,2.0,0.0,1.0,1.0
76860.0,584280.0,29614.0,-13187.0,-1191.0,1.0,0.0,1.0,0.0,0.0,0.0,2.0,1.0,1.0,0.0
110110.0,719685.0,46124.0,-8838.0,-872.0,2.0,1.0,3.0,3.0,3.0,0.0,3.0,1.0,0.0,1.0
114660.0,499500.00000000006,30342.0,-19156.0,-2568.4,2.0,0.0,0.0,3.0,3.0,0.0,2.0,0.0,0.0,1.0
186620.0,1148445.0,47034.0,-16361.0,-20.400000000000002,3.0,0.0,3.0,3.0,4.0,0.0,3.0,0.0,1.0,1.0
86800.0,465345.00000000006,26741.0,-9870.0,-1008.0,2.0,0.0,3.0,3.0,3.0,1.0,2.0,1.0,0.0,0.0
76720.0,344520.0,20553.0,-12578.0,-2839.0,3.0,0.0,3.0,3.0,1.0,0.0,3.0,0.0,0.0,1.0
190750.0,1474740.0,87945.0,-11623.0,-316.0,2.0,0.0,3.0,3.0,3.0,0.0,3.0,0.0,0.0,1.0
86170.0,697815.0,33878.0,-17655.0,-1778.0,3.0,0.0,3.0,0.0,1.0,0.0,2.0,0.0,0.0,1.0
94500.0,762345.0,42094.0,-9961.0,-3387.0,3.0,1.0,2.0,3.0,4.0,0.0,3.0,0.0,1.0,1.0
98910.0,403380.0,22347.0,-13675.0,-678.0,2.0,0.0,1.0,2.0,3.0,0.0,3.0,0.0,1.0,0.0
241289.99999999997,1790910.0000000002,79911.0,-10777.0,-2415.0,2.0,0.0,3.0,3.0,3.0,3.0,3.0,0.0,0.0,1.0
194390.0,1011555.0000000001,60346.0,-9773.0,-1279.2,2.0,0.0,2.0,3.0,1.0,0.0,3.0,0.0,1.0,0.0
64049.99999999999,525015.0,33319.0,-13382.0,-238.0,4.0,0.0,3.0,3.0,1.0,0.0,2.0,0.0,1.0,0.0
195930.0,870615.0,50700.0,-9012.0,-2237.0,2.0,0.0,3.0,3.0,1.0,0.0,2.0,0.0,1.0,1.0
92330.0,399060.0,23751.0,-17967.0,-447.0,1.0,0.0,3.0,3.0,2.0,0.0,2.0,0.0,1.0,1.0
60339.99999999999,274185.0,17316.0,-14875.0,-1753.2,2.0,0.0,2.0,3.0,3.0,0.0,3.0,0.0,1.0,1.0
193970.0,1154790.0,50427.0,-23383.0,-59.0,1.0,0.0,1.0,0.0,4.0,0.0,2.0,0.0,0.0,0.0
119349.99999999999,701595.0,45708.0,-9933.0,-1055.0,1.0,0.0,1.0,3.0,1.0,3.0,2.0,1.0,1.0,1.0
117529.99999999999,1007100.0000000001,54444.0,-21223.0,-1507.0,2.0,0.0,3.0,3.0,0.0,0.0,3.0,0.0,0.0,1.0
95550.0,664335.0,30407.0,-8391.0,-1816.0,2.0,1.0,3.0,3.0,1.0,1.0,3.0,0.0,1.0,1.0
167090.0,1303965.0,70720.0,-18496.0,-913.6,2.0,0.0,0.0,0.0,0.0,0.0,3.0,0.0,0.0,1.0
83790.0,536490.0,28470.0,-13596.0,-2650.0,2.0,1.0,3.0,3.0,1.0,0.0,3.0,0.0,0.0,1.0
44030.0,183600.0,10881.0,-15284.0,-178.8,2.0,0.0,0.0,3.0,1.0,0.0,2.0,0.0,0.0,0.0
202580.0,1171395.0,54392.0,-9131.0,-512.0,2.0,0.0,3.0,3.0,1.0,0.0,2.0,0.0,0.0,1.0
95480.0,828495.0,47996.0,-21969.0,-454.0,1.0,0.0,1.0,2.0,1.0,0.0,2.0,0.0,1.0,0.0
76860.0,586575.0,33592.0,-13482.0,-2561.0,2.0,0.0,0.0,3.0,1.0,0.0,2.0,0.0,0.0,1.0
84700.0,518805.00000000006,22204.0,-22671.0,-2214.0,2.0,0.0,3.0,3.0,3.0,0.0,3.0,0.0,0.0,1.0
189700.0,1413450.0,86554.0,-16668.0,-1089.2,3.0,0.0,0.0,0.0,1.0,0.0,1.0,0.0,1.0,1.0
44450.0,171315.0,9828.0,-13262.0,-2014.0,2.0,0.0,3.0,0.0,1.0,0.0,3.0,1.0,0.0,1.0
200970.0,1741095.0,76102.0,-10429.0,-133.6,1.0,0.0,3.0,3.0,4.0,2.0,3.0,0.0,1.0,1.0
108360.0,394875.0,16848.0,-10061.0,-3487.0,2.0,0.0,3.0,0.0,3.0,1.0,2.0,0.0,0.0,1.0
78680.0,315630.0,13221.0,-9338.0,-685.0,1.0,0.0,1.0,1.0,1.0,0.0,2.0,0.0,1.0,1.0
177100.0,693360.0,43667.0,-19115.0,-2919.0,3.0,0.0,3.0,3.0,1.0,0.0,3.0,1.0,0.0,1.0
83510.0,594270.0,27014.0,-10892.0,-1220.0,1.0,0.0,3.0,3.0,1.0,0.0,3.0,0.0,1.0,1.0
128239.99999999999,512865.00000000006,21697.0,-20838.0,-47.0,2.0,0.0,0.0,0.0,0.0,0.0,3.0,0.0,0.0,1.0
243389.99999999997,1355670.0,65546.0,-18401.0,-1855.0,3.0,0.0,0.0,0.0,0.0,0.0,3.0,0.0,1.0,0.0
107590.0,704295.0,35295.0,-20590.0,-64.8,2.0,0.0,3.0,3.0,3.0,0.0,3.0,1.0,0.0,0.0
89040.0,327510.0,18447.0,-15405.0,-891.0,1.0,0.0,0.0,0.0,3.0,0.0,2.0,0.0,0.0,1.0
139090.0,838890.0,37349.0,-18972.0,-1279.6000000000001,2.0,0.0,0.0,3.0,1.0,0.0,1.0,1.0,0.0,1.0
129779.99999999999,652455.0,35971.0,-8223.0,-1649.0,1.0,0.0,3.0,1.0,1.0,3.0,3.0,0.0,0.0,1.0
335440.0,2269350.0,121459.0,-7961.0,-114.0,3.0,0.0,1.0,0.0,1.0,0.0,3.0,0.0,0.0,1.0
108220.0,928125.0000000001,58955.0,-15337.0,-4915.0,3.0,0.0,0.0,0.0,1.0,0.0,3.0,0.0,1.0,1.0
72100.0,512730.00000000006,33488.0,-20046.0,-1147.0,2.0,0.0,0.0,3.0,3.0,1.0,2.0,0.0,0.0,1.0
126139.99999999999,497205.00000000006,27157.0,-17734.0,-385.6,2.0,0.0,3.0,3.0,1.0,0.0,2.0,0.0,0.0,1.0
87640.0,639765.0,30615.0,-13982.0,-1077.6000000000001,3.0,0.0,3.0,3.0,1.0,0.0,3.0,0.0,0.0,1.0
62719.99999999999,329265.0,20722.0,-18249.0,-42.400000000000006,2.0,0.0,3.0,3.0,0.0,0.0,3.0,0.0,1.0,1.0
80430.0,351675.0,15002.0,-18487.0,-1128.0,2.0,0.0,2.0,3.0,3.0,0.0,3.0,0.0,0.0,1.0
64469.99999999999,438345.0,25753.0,-18129.0,-120.80000000000001,2.0,0.0,1.0,3.0,3.0,0.0,2.0,0.0,0.0,1.0
128029.99999999999,1025190.0000000001,63674.0,-11525.0,-579.0,4.0,0.0,0.0,0.0,0.0,1.0,3.0,0.0,0.0,0.0
68600.0,378810.0,16302.0,-8242.0,-85.60000000000001,4.0,0.0,3.0,3.0,1.0,0.0,2.0,0.0,0.0,0.0
41720.0,211950.0,12545.0,-14234.0,-62.0,4.0,0.0,3.0,0.0,3.0,0.0,1.0,0.0,0.0,1.0
68530.0,563490.0,35711.0,-21938.0,-3138.0,3.0,1.0,1.0,3.0,1.0,0.0,2.0,1.0,0.0,1.0
79170.0,607770.0,28873.0,-14171.0,-394.0,3.0,0.0,3.0,0.0,0.0,3.0,3.0,0.0,0.0,1.0
80990.0,508680.00000000006,26702.0,-15768.0,-2934.0,2.0,0.0,3.0,3.0,1.0,1.0,2.0,1.0,0.0,1.0
107520.0,929745.0000000001,52806.0,-17457.0,-839.0,1.0,0.0,3.0,3.0,1.0,0.0,3.0,0.0,0.0,1.0
166810.0,1322190.0,83057.0,-18640.0,-975.0,3.0,0.0,1.0,3.0,1.0,0.0,2.0,0.0,0.0,1.0
63419.99999999999,454815.00000000006,21203.0,-17969.0,-1355.0,2.0,1.0,3.0,3.0,3.0,0.0,3.0,0.0,0.0,1.0
124459.99999999999,732105.0,30030.0,-14564.0,-2735.0,2.0,0.0,2.0,3.0,3.0,0.0,2.0,0.0,0.0,1.0
128939.99999999999,631665.0,29809.0,-20257.0,-891.6,3.0,0.0,0.0,3.0,1.0,0.0,2.0,0.0,0.0,0.0
67480.0,487215.00000000006,26832.0,-12120.0,-664.0,1.0,0.0,3.0,3.0,3.0,0.0,3.0,0.0,0.0,0.0
167090.0,1156275.0,55874.0,-12763.0,-2403.2000000000003,2.0,0.0,1.0,3.0,1.0,0.0,3.0,0.0,0.0,1.0
80080.0,670815.0,30043.0,-13985.0,-424.0,2.0,0.0,1.0,3.0,1.0,0.0,2.0,0.0,0.0,1.0
70070.0,381915.0,16055.0,-16762.0,-1498.8000000000002,4.0,0.0,1.0,3.0,1.0,0.0,3.0,1.0,0.0,1.0
108640.0,547695.0,32864.0,-13580.0,-7006.0,2.0,0.0,3.0,3.0,0.0,1.0,2.0,0.0,0.0,1.0
88270.0,375705.0,16874.0,-17238.0,-6553.0,3.0,0.0,1.0,3.0,4.0,0.0,1.0,0.0,1.0,1.0
56980.0,427545.0,23855.0,-17688.0,-2104.0,5.0,1.0,0.0,3.0,1.0,0.0,1.0,0.0,1.0,0.0
88620.0,510030.00000000006,23803.0,-8811.0,-254.0,1.0,0.0,0.0,0.0,1.0,0.0,3.0,0.0,0.0,1.0
35000.0,166860.0,8658.0,-23062.0,-887.6,2.0,0.0,0.0,3.0,1.0,0.0,3.0,0.0,0.0,0.0
84490.0,574830.0,35594.0,-11457.0,-543.0,3.0,0.0,3.0,3.0,1.0,0.0,3.0,0.0,1.0,1.0
71050.0,542160.0,27807.0,-17743.0,-388.0,1.0,0.0,3.0,3.0,1.0,0.0,2.0,0.0,0.0,1.0
116969.99999999999,444825.00000000006,27690.0,-15100.0,-283.2,4.0,0.0,1.0,3.0,4.0,0.0,3.0,0.0,1.0,1.0
70910.0,436050.0,23114.0,-17297.0,-169.20000000000002,3.0,0.0,3.0,3.0,1.0,0.0,3.0,0.0,0.0,1.0
132930.0,556065.0,26403.0,-8532.0,-431.0,1.0,0.0,3.0,3.0,1.0,0.0,1.0,0.0,0.0,0.0
38220.0,170640.0,10777.0,-20803.0,-1513.0,2.0,0.0,1.0,3.0,1.0,0.0,2.0,0.0,1.0,1.0
107380.0,709965.0,36751.0,-11328.0,-586.0,2.0,0.0,3.0,3.0,1.0,0.0,3.0,1.0,1.0,0.0
151130.0,1308555.0,79482.0,-23485.0,-924.0,1.0,0.0,3.0,0.0,1.0,0.0,1.0,0.0,0.0,1.0
188720.0,1287900.0,80171.0,-20156.0,-1056.0,3.0,0.0,1.0,3.0,2.0,0.0,1.0,0.0,0.0,0.0
352660.0,1849095.0000000002,91299.0,-21248.0,-2045.0,1.0,1.0,3.0,3.0,1.0,0.0,3.0,0.0,0.0,1.0
58799.99999999999,481950.00000000006,28067.0,-19986.0,-1087.0,2.0,0.0,3.0,3.0,1.0,0.0,2.0,1.0,0.0,0.0
54390.0,248535.00000000003,12038.0,-11934.0,-491.20000000000005,3.0,0.0,3.0,3.0,4.0,0.0,3.0,0.0,1.0,1.0
64539.99999999999,518535.00000000006,32682.0,-19069.0,-1695.0,3.0,0.0,2.0,3.0,0.0,0.0,2.0,0.0,0.0,0.0
120609.99999999999,700650.0,29471.0,-17190.0,-962.0,2.0,0.0,3.0,3.0,3.0,0.0,3.0,0.0,0.0,0.0
116479.99999999999,938520.0000000001,57382.0,-11095.0,-402.0,2.0,1.0,3.0,3.0,3.0,0.0,1.0,0.0,1.0,1.0
47250.0,290385.0,16731.0,-12860.0,-237.0,2.0,0.0,3.0,3.0,1.0,0.0,2.0,0.0,1.0,1.0
94010.0,449685.00000000006,29315.0,-16150.0,-435.0,2.0,0.0,3.0,0.0,2.0,1.0,3.0,0.0,0.0,1.0
74550.0,423765.0,18031.0,-10112.0,-1898.0,2.0,0.0,3.0,0.0,4.0,0.0,2.0,0.0,0.0,1.0
109480.0,861435.0,37050.0,-17426.0,-3641.0,2.0,0.0,1.0,3.0,1.0,0.0,3.0,0.0,1.0,1.0
144410.0,727245.0,47086.0,-20937.0,-2536.0,2.0,0.0,3.0,3.0,3.0,0.0,3.0,1.0,0.0,0.0
42280.0,158355.0,8918.0,-19286.0,-1799.0,1.0,0.0,0.0,0.0,1.0,0.0,1.0,0.0,1.0,1.0
114240.0,830925.0,44304.0,-18050.0,-135.6,3.0,0.0,0.0,3.0,1.0,0.0,2.0,0.0,0.0,0.0
140280.0,868320.0,42250.0,-8750.0,-623.0,3.0,0.0,0.0,0.0,0.0,0.0,3.0,0.0,0.0,1.0
97720.0,560250.0,34138.0,-23146.0,-633.6,3.0,1.0,1.0,3.0,1.0,2.0,3.0,0.0,1.0,1.0
115989.99999999999,750060.0,33969.0,-18315.0,-722.4000000000001,3.0,0.0,1.0,3.0,2.0,0.0,3.0,0.0,0.0,0.0
77140.0,366930.0,18551.0,-17405.0,-1806.0,2.0,0.0,3.0,0.0,3.0,0.0,3.0,0.0,1.0,1.0
62789.99999999999,356400.0,17316.0,-9989.0,-1869.0,2.0,0.0,0.0,3.0,1.0,0.0,3.0,1.0,0.0,0.0
82460.0,691335.0,31720.0,-8538.0,-1232.0,5.0,0.0,3.0,3.0,1.0,0.0,2.0,0.0,1.0,1.0
111720.0,636795.0,26182.0,-16372.0,-3470.0,2.0,0.0,1.0,0.0,1.0,0.0,3.0,0.0,0.0,1.0
103740.0,707805.0,34736.0,-13216.0,-64.0,3.0,0.0,1.0,3.0,1.0,0.0,3.0,0.0,1.0,1.0
109830.0,676350.0,39715.0,-20991.0,-1079.0,4.0,0.0,0.0,3.0,3.0,0.0,3.0,1.0,0.0,0.0
87360.0,608985.0,28769.0,-19252.0,-541.0,4.0,0.0,3.0,3.0,1.0,0.0,2.0,0.0,0.0,1.0
164710.0,1169235.0,76466.0,-15298.0,-444.40000000000003,2.0,1.0,1.0,3.0,0.0,0.0,3.0,0.0,0.0,1.0
118999.99999999999,459135.00000000006,18772.0,-18551.0,-2920.4,2.0,0.0,3.0,1.0,2.0,0.0,2.0,0.0,1.0,0.0
220500.0,1011285.0000000001,55926.0,-12068.0,-89.60000000000001,3.0,0.0,0.0,3.0,1.0,0.0,2.0,0.0,0.0,1.0
70280.0,513675.00000000006,26338.0,-17914.0,-2683.0,3.0,1.0,0.0,0.0,1.0,0.0,3.0,1.0,0.0,0.0
91070.0,729000.0,44642.0,-14775.0,-16.400000000000002,1.0,0.0,3.0,3.0,0.0,0.0,2.0,1.0,0.0,1.0
178150.0,1039500.0000000001,48958.0,-20933.0,-241.20000000000002,2.0,0.0,0.0,2.0,1.0,0.0,1.0,0.0,1.0,0.0
105070.0,679050.0,42588.0,-11335.0,-556.8000000000001,3.0,0.0,1.0,3.0,3.0,3.0,2.0,0.0,1.0,0.0
152250.0,714690.0,29367.0,-9908.0,-2829.0,1.0,0.0,3.0,3.0,3.0,0.0,2.0,0.0,0.0,0.0
65239.99999999999,329400.0,20475.0,-9496.0,-286.40000000000003,2.0,0.0,1.0,0.0,1.0,0.0,3.0,0.0,0.0,0.0
215320.0,1708020.0,98176.0,-13600.0,-1682.0,2.0,0.0,3.0,3.0,1.0,0.0,3.0,0.0,1.0,1.0
194950.0,1273050.0,58565.0,-13977.0,-419.20000000000005,4.0,0.0,1.0,0.0,2.0,0.0,2.0,0.0,0.0,1.0
330960.0,2440935.0,116649.0,-20129.0,-1587.0,3.0,0.0,0.0,3.0,1.0,0.0,3.0,0.0,0.0,0.0
212940.0,1455705.0,92430.0,-13646.0,-1066.4,3.0,0.0,2.0,3.0,1.0,0.0,3.0,1.0,1.0,1.0
187950.0,1208385.0,76752.0,-12474.0,-308.40000000000003,2.0,0.0,3.0,3.0,2.0,0.0,2.0,1.0,0.0,1.0
116899.99999999999,738855.0,35516.0,-16886.0,-4357.0,4.0,0.0,0.0,2.0,3.0,0.0,3.0,0.0,0.0,1.0
204750.0,1043820.0000000001,42406.0,-20334.0,-141.6,2.0,0.0,0.0,3.0,1.0,3.0,3.0,0.0,1.0,0.0
65099.99999999999,326565.0,14131.0,-13012.0,-2564.8,5.0,0.0,3.0,3.0,2.0,0.0,3.0,0.0,1.0,1.0
95130.0,583065.0,26975.0,-13432.0,-429.20000000000005,5.0,0.0,0.0,3.0,1.0,0.0,3.0,0.0,0.0,0.0
92960.0,627075.0,38571.0,-21332.0,-714.0,2.0,0.0,3.0,3.0,1.0,0.0,1.0,0.0,1.0,1.0
44030.0,338985.0,19929.0,-20969.0,-474.8,3.0,0.0,0.0,0.0,3.0,0.0,3.0,0.0,0.0,1.0
60339.99999999999,434700.0,22555.0,-10933.0,-575.2,2.0,0.0,3.0,3.0,2.0,0.0,2.0,1.0,0.0,0.0
125929.99999999999,461160.00000000006,23842.0,-13055.0,-106.0,4.0,0.0,0.0,0.0,4.0,0.0,2.0,1.0,0.0,0.0
346780.0,2967300.0,124995.0,-9836.0,-3261.0,2.0,0.0,3.0,3.0,1.0,0.0,3.0,0.0,0.0,1.0
102970.0,394335.0,25298.0,-13706.0,-2671.0,2.0,0.0,3.0,3.0,3.0,0.0,3.0,0.0,0.0,1.0
79380.0,549585.0,30667.0,-10255.0,-279.6,2.0,0.0,3.0,3.0,1.0,0.0,2.0,0.0,0.0,0.0
92190.0,474120.00000000006,19955.0,-10131.0,-915.0,2.0,0.0,3.0,3.0,1.0,0.0,3.0,0.0,0.0,1.0
98630.0,387720.0,24947.0,-13421.0,-802.0,2.0,0.0,3.0,0.0,1.0,1.0,2.0,0.0,0.0,0.0
67480.0,574155.0,27950.0,-14625.0,-1227.6000000000001,2.0,0.0,0.0,3.0,2.0,0.0,3.0,0.0,0.0,0.0
93520.0,498825.00000000006,29159.0,-12166.0,-1452.0,2.0,0.0,3.0,3.0,1.0,0.0,3.0,0.0,1.0,1.0
194740.0,1583010.0,100347.0,-12015.0,-1718.8000000000002,2.0,0.0,3.0,0.0,1.0,0.0,2.0,0.0,1.0,1.0
136430.0,1131975.0,67730.0,-23672.0,-18.400000000000002,2.0,0.0,2.0,0.0,4.0,0.0,2.0,1.0,1.0,1.0
62159.99999999999,261765.00000000003,15808.0,-9668.0,-1924.0,2.0,0.0,2.0,0.0,0.0,0.0,2.0,0.0,0.0,1.0
221830.0,1009665.0000000001,49296.0,-12067.0,-1120.0,2.0,0.0,1.0,3.0,0.0,2.0,2.0,1.0,0.0,0.0
59919.99999999999,227745.00000000003,11258.0,-13363.0,-175.0,2.0,0.0,1.0,3.0,3.0,0.0,2.0,0.0,0.0,1.0
68460.0,314280.0,16146.0,-9096.0,-767.0,1.0,0.0,3.0,3.0,1.0,0.0,1.0,0.0,0.0,1.0
93870.0,655020.0,28821.0,-11791.0,-36.0,4.0,0.0,2.0,3.0,1.0,0.0,2.0,1.0,0.0,0.0
78610.0,475065.00000000006,22711.0,-16146.0,-133.6,1.0,0.0,0.0,3.0,1.0,0.0,1.0,0.0,0.0,1.0
226730.0,972945.0000000001,39416.0,-10370.0,-1013.6,2.0,0.0,3.0,0.0,1.0,1.0,3.0,0.0,1.0,1.0
80360.0,320625.0,19682.0,-11578.0,-14.4,2.0,0.0,3.0,3.0,1.0,0.0,3.0,0.0,0.0,1.0
88060.0,500850.00000000006,25389.0,-19017.0,-1459.0,2.0,0.0,3.0,0.0,0.0,0.0,3.0,0.0,1.0,1.0
66010.0,328590.0,18343.0,-22153.0,-1244.0,2.0,0.0,0.0,3.0,3.0,0.0,2.0,0.0,0.0,1.0
57330.0,364500.0,23387.0,-17963.0,-452.0,1.0,0.0,3.0,1.0,1.0,0.0,3.0,0.0,1.0,1.0
98980.0,597510.0,34073.0,-14249.0,-1530.0,1.0,0.0,3.0,3.0,1.0,0.0,3.0,1.0,1.0,0.0
176470.0,700650.0,44629.0,-16321.0,-1470.0,2.0,0.0,3.0,3.0,0.0,0.0,3.0,0.0,0.0,0.0
74200.0,397575.0,22178.0,-12253.0,-794.0,2.0,1.0,3.0,3.0,1.0,0.0,2.0,0.0,1.0,0.0
125929.99999999999,592785.0,38688.0,-20542.0,-2765.0,5.0,0.0,1.0,3.0,1.0,0.0,3.0,0.0,0.0,1.0
126419.99999999999,822825.0,48633.0,-14254.0,-468.0,5.0,0.0,1.0,0.0,0.0,0.0,2.0,0.0,1.0,0.0
123409.99999999999,763020.0,41158.0,-18535.0,-366.0,3.0,0.0,3.0,0.0,0.0,0.0,3.0,0.0,0.0,0.0
138810.0,1003995.0000000001,42510.0,-13114.0,-935.2,3.0,1.0,3.0,3.0,1.0,0.0,3.0,0.0,1.0,1.0
94150.0,489240.00000000006,29783.0,-13093.0,-1800.0,3.0,0.0,3.0,3.0,1.0,0.0,3.0,0.0,0.0,1.0
80430.0,483300.00000000006,28574.0,-18817.0,-380.8,2.0,0.0,3.0,0.0,1.0,0.0,2.0,0.0,1.0,1.0
267540.0,2022435.0000000002,100113.0,-13144.0,-428.40000000000003,2.0,0.0,0.0,3.0,1.0,0.0,3.0,0.0,0.0,1.0
198940.0,968490.0000000001,52065.0,-14858.0,-27.200000000000003,4.0,0.0,3.0,3.0,1.0,0.0,3.0,0.0,0.0,1.0
87360.0,485055.00000000006,26598.0,-18650.0,-173.0,1.0,0.0,3.0,0.0,3.0,0.0,3.0,1.0,0.0,0.0
153860.0,1081350.0,44265.0,-13297.0,-939.0,1.0,0.0,3.0,3.0,2.0,0.0,2.0,0.0,0.0,1.0
56420.0,287145.0,15639.0,-12758.0,-766.8000000000001,1.0,1.0,2.0,1.0,1.0,0.0,2.0,0.0,1.0,0.0
60059.99999999999,235305.00000000003,14417.0,-11988.0,-1386.8000000000002,1.0,1.0,0.0,3.0,0.0,0.0,1.0,0.0,0.0,1.0
140420.0,994410.0000000001,41743.0,-19594.0,-445.0,1.0,1.0,0.0,3.0,1.0,0.0,3.0,0.0,0.0,1.0
247449.99999999997,1679130.0,94276.0,-12839.0,-106.4,3.0,0.0,1.0,3.0,1.0,0.0,2.0,0.0,0.0,0.0
86030.0,375570.0,17563.0,-16835.0,-63.6,3.0,1.0,1.0,3.0,1.0,0.0,2.0,0.0,0.0,1.0
119209.99999999999,902880.0000000001,49400.0,-23356.0,-1464.0,2.0,0.0,3.0,3.0,1.0,1.0,3.0,1.0,1.0,1.0
113120.0,790425.0,36569.0,-16632.0,-3146.0,1.0,0.0,3.0,3.0,1.0,0.0,3.0,0.0,1.0,0.0
82040.0,510030.00000000006,21242.0,-19283.0,-182.0,3.0,0.0,3.0,0.0,1.0,0.0,1.0,0.0,0.0,0.0
117739.99999999999,924480.0000000001,48997.0,-16057.0,-316.8,1.0,0.0,0.0,3.0,1.0,0.0,3.0,0.0,0.0,0.0
157640.0,665010.0,29497.0,-20662.0,-697.6,1.0,0.0,0.0,0.0,4.0,3.0,3.0,0.0,0.0,1.0
145180.0,828630.0,43745.0,-15535.0,-5071.0,2.0,0.0,3.0,3.0,3.0,0.0,1.0,0.0,1.0,0.0
62299.99999999999,350730.0,19643.0,-20889.0,-3230.0,2.0,0.0,3.0,3.0,3.0,0.0,2.0,1.0,0.0,0.0
88410.0,448875.00000000006,19045.0,-14968.0,-1566.0,1.0,0.0,3.0,3.0,1.0,0.0,3.0,1.0,1.0,1.0
108080.0,577260.0,35711.0,-13370.0,-1242.0,2.0,0.0,3.0,0.0,1.0,0.0,3.0,1.0,1.0,1.0
58869.99999999999,292410.0,12727.0,-15646.0,-635.0,2.0,0.0,1.0,3.0,1.0,0.0,3.0,0.0,1.0,0.0
162330.0,1114155.0,63310.0,-16690.0,-400.0,2.0,0.0,3.0,3.0,0.0,0.0,2.0,0.0,0.0,0.0
112910.0,588330.0,25506.0,-14784.0,-593.0,2.0,0.0,3.0,3.0,1.0,0.0,1.0,0.0,0.0,1.0
86100.0,719280.0,35893.0,-9012.0,-471.0,1.0,0.0,3.0,3.0,1.0,0.0,1.0,0.0,1.0,1.0
56490.0,327645.0,16744.0,-15660.0,-1241.0,2.0,0.0,3.0,1.0,3.0,0.0,3.0,1.0,0.0,0.0
100030.0,812160.0,44733.0,-12085.0,-899.0,2.0,0.0,0.0,3.0,1.0,0.0,2.0,1.0,0.0,1.0
75040.0,437265.0,21814.0,-20626.0,-1147.0,4.0,0.0,2.0,3.0,3.0,0.0,1.0,0.0,1.0,0.0
75530.0,464940.00000000006,18954.0,-9106.0,-318.8,2.0,0.0,3.0,1.0,1.0,0.0,3.0,0.0,0.0,0.0
122429.99999999999,847260.0,50648.0,-12292.0,-1729.0,2.0,0.0,1.0,0.0,1.0,0.0,3.0,0.0,0.0,1.0
95550.0,667440.0,41015.0,-18297.0,-104.0,3.0,0.0,1.0,0.0,1.0,0.0,1.0,0.0,0.0,1.0
84910.0,391770.0,22269.0,-8999.0,-1822.0,1.0,0.0,3.0,3.0,1.0,0.0,2.0,0.0,0.0,1.0
71820.0,313335.0,18876.0,-19529.0,-218.4,1.0,0.0,0.0,3.0,1.0,0.0,3.0,0.0,0.0,1.0
163800.0,1240515.0,59540.0,-10394.0,-64.0,4.0,0.0,2.0,3.0,3.0,0.0,1.0,0.0,0.0,1.0
79730.0,673515.0,37219.0,-19429.0,-723.0,1.0,0.0,1.0,3.0,3.0,0.0,2.0,1.0,1.0,1.0
56910.0,490455.00000000006,28171.0,-16097.0,-138.4,3.0,0.0,1.0,3.0,1.0,0.0,2.0,0.0,1.0,1.0
80150.0,648000.0,36140.0,-17983.0,-935.0,1.0,0.0,3.0,0.0,1.0,0.0,2.0,0.0,0.0,1.0
77490.0,671355.0,38129.0,-15487.0,-96.0,2.0,0.0,3.0,0.0,4.0,2.0,3.0,1.0,1.0,0.0
156870.0,1223235.0,66053.0,-14403.0,-124.0,2.0,0.0,0.0,0.0,4.0,1.0,2.0,1.0,1.0,1.0
112630.0,772065.0,45188.0,-8932.0,-942.8000000000001,2.0,0.0,3.0,3.0,1.0,0.0,2.0,0.0,1.0,1.0
40040.0,226800.00000000003,9607.0,-8049.0,-1474.0,1.0,0.0,0.0,0.0,3.0,0.0,3.0,1.0,0.0,1.0
67550.0,373410.0,20722.0,-12566.0,-149.20000000000002,3.0,0.0,1.0,3.0,1.0,0.0,2.0,0.0,0.0,0.0
104230.0,715500.0,28977.0,-7672.0,-1097.0,3.0,0.0,0.0,3.0,1.0,0.0,3.0,0.0,0.0,1.0
43750.0,190350.0,9919.0,-9532.0,-1024.0,2.0,0.0,3.0,0.0,3.0,0.0,3.0,0.0,0.0,0.0
54600.0,364770.0,19721.0,-20711.0,-3281.0,4.0,0.0,1.0,0.0,4.0,3.0,3.0,0.0,0.0,1.0
146020.0,672435.0,31018.0,-22756.0,-4555.0,2.0,0.0,1.0,0.0,4.0,0.0,3.0,0.0,1.0,1.0
147910.0,683100.0,38129.0,-13606.0,-456.0,2.0,0.0,3.0,3.0,3.0,0.0,2.0,0.0,1.0,1.0
103460.0,391500.0,18915.0,-22172.0,-528.0,3.0,0.0,0.0,0.0,2.0,0.0,2.0,0.0,1.0,1.0
112070.0,867645.0,36348.0,-20203.0,-589.6,2.0,1.0,3.0,0.0,1.0,0.0,2.0,1.0,0.0,0.0
97650.0,624375.0,38662.0,-10253.0,-61.2,2.0,0.0,0.0,3.0,1.0,0.0,2.0,0.0,0.0,1.0
136780.0,1162485.0,67301.0,-17067.0,-338.0,3.0,0.0,3.0,3.0,3.0,0.0,3.0,0.0,0.0,1.0
110390.0,590760.0,28691.0,-11296.0,-452.0,4.0,0.0,0.0,3.0,1.0,0.0,1.0,1.0,0.0,1.0
147420.0,978075.0000000001,58045.0,-16012.0,-36.0,2.0,0.0,3.0,3.0,1.0,0.0,2.0,0.0,0.0,1.0
31499.999999999996,215730.0,12961.0,-14922.0,-448.0,2.0,0.0,3.0,3.0,3.0,0.0,3.0,0.0,0.0,0.0
71400.0,381645.0,20618.0,-20905.0,-2615.0,3.0,0.0,3.0,3.0,2.0,0.0,2.0,1.0,0.0,1.0
73920.0,553770.0,32279.0,-14335.0,-1422.0,3.0,0.0,1.0,3.0,1.0,0.0,3.0,0.0,1.0,1.0
68950.0,545670.0,29016.0,-11709.0,-773.0,2.0,0.0,3.0,0.0,1.0,0.0,3.0,1.0,1.0,1.0
190190.0,721440.0,35334.0,-14267.0,-993.2,2.0,0.0,3.0,3.0,1.0,0.0,2.0,0.0,0.0,1.0
114590.0,811350.0,46943.0,-21199.0,-390.0,4.0,0.0,0.0,3.0,3.0,0.0,2.0,0.0,0.0,1.0
170520.0,1341225.0,69225.0,-14391.0,-118.80000000000001,3.0,0.0,3.0,3.0,3.0,0.0,3.0,0.0,1.0,0.0
87920.0,411750.0,18512.0,-19966.0,-3141.0,1.0,0.0,0.0,3.0,1.0,0.0,2.0,0.0,0.0,1.0
100240.0,352350.0,18395.0,-10160.0,-495.0,2.0,1.0,3.0,0.0,1.0,0.0,2.0,0.0,0.0,0.0
127399.99999999999,1097280.0,61607.0,-19241.0,-561.0,3.0,1.0,3.0,3.0,1.0,0.0,3.0,0.0,0.0,1.0
66710.0,507465.00000000006,29900.0,-15842.0,-378.40000000000003,4.0,0.0,1.0,3.0,2.0,0.0,3.0,0.0,1.0,1.0
140770.0,604665.0,28860.0,-7910.0,-210.4,2.0,0.0,3.0,3.0,2.0,0.0,3.0,0.0,0.0,1.0
106820.0,535005.0,22269.0,-17711.0,-1928.0,2.0,0.0,0.0,3.0,0.0,0.0,2.0,0.0,0.0,0.0
144620.0,999675.0000000001,52442.0,-11128.0,-296.0,2.0,0.0,0.0,3.0,0.0,0.0,2.0,0.0,0.0,1.0
77070.0,634500.0,26884.0,-18372.0,-348.0,4.0,0.0,2.0,0.0,1.0,0.0,2.0,0.0,0.0,1.0
173390.0,956205.0000000001,42107.0,-14790.0,-103.60000000000001,2.0,0.0,3.0,3.0,1.0,0.0,3.0,0.0,0.0,1.0
179760.0,1415610.0,66300.0,-23154.0,-112.80000000000001,2.0,0.0,3.0,0.0,2.0,0.0,3.0,1.0,1.0,1.0
251089.99999999997,1006020.0000000001,49621.0,-15278.0,-1171.6000000000001,1.0,0.0,0.0,3.0,1.0,0.0,2.0,0.0,0.0,1.0
45080.0,184545.0,11219.0,-17920.0,-917.0,3.0,0.0,3.0,3.0,0.0,0.0,3.0,0.0,0.0,1.0
91770.0,376650.0,24336.0,-11986.0,-500.0,2.0,0.0,0.0,3.0,3.0,0.0,2.0,0.0,1.0,0.0
44310.0,299565.0,15782.0,-17123.0,-1174.8,5.0,0.0,3.0,1.0,3.0,0.0,3.0,0.0,1.0,0.0
62929.99999999999,472230.00000000006,26559.0,-21908.0,-49.6,2.0,0.0,0.0,3.0,1.0,2.0,2.0,0.0,1.0,1.0
257949.99999999997,994680.0000000001,60515.0,-13668.0,-1686.0,4.0,0.0,3.0,3.0,3.0,0.0,2.0,1.0,0.0,1.0
182490.0,1135350.0,72761.0,-18259.0,-298.0,2.0,0.0,1.0,3.0,1.0,0.0,3.0,0.0,1.0,0.0
105560.0,501390.00000000006,23777.0,-9919.0,-3345.0,1.0,0.0,1.0,1.0,1.0,0.0,3.0,0.0,1.0,1.0
149450.0,1260495.0,68432.0,-14274.0,-1873.0,2.0,0.0,3.0,3.0,1.0,0.0,2.0,0.0,0.0,1.0
117529.99999999999,493830.00000000006,29562.0,-21604.0,-775.2,1.0,0.0,3.0,0.0,1.0,0.0,2.0,0.0,1.0,1.0
137200.0,916110.0000000001,50050.0,-11526.0,-643.2,2.0,0.0,0.0,3.0,1.0,0.0,3.0,1.0,0.0,0.0
199080.0,1385505.0,87646.0,-13252.0,-1272.0,5.0,0.0,3.0,0.0,1.0,0.0,3.0,0.0,1.0,1.0
138600.0,581445.0,34697.0,-19151.0,-205.0,2.0,0.0,0.0,0.0,1.0,0.0,1.0,0.0,1.0,0.0
70910.0,313875.0,17537.0,-22702.0,-1646.0,3.0,1.0,3.0,0.0,1.0,0.0,2.0,0.0,1.0,1.0
95410.0,640845.0,36530.0,-17963.0,-159.20000000000002,2.0,0.0,1.0,3.0,1.0,3.0,2.0,0.0,0.0,0.0
69160.0,550530.0,29419.0,-9271.0,-173.0,4.0,0.0,0.0,3.0,1.0,0.0,3.0,0.0,0.0,1.0
84350.0,720900.0,31174.0,-13393.0,-737.6,3.0,0.0,3.0,0.0,2.0,0.0,2.0,0.0,1.0,0.0
78330.0,292410.0,13234.0,-22973.0,-239.0,2.0,0.0,1.0,3.0,2.0,0.0,2.0,0.0,0.0,1.0
106890.0,800685.0,36309.0,-18431.0,-793.0,2.0,0.0,0.0,3.0,2.0,0.0,3.0,1.0,1.0,1.0
82950.0,675270.0,30693.0,-8032.0,-583.2,1.0,0.0,0.0,2.0,1.0,0.0,3.0,0.0,1.0,1.0
32409.999999999996,193995.0,9984.0,-8471.0,-758.8000000000001,2.0,0.0,3.0,3.0,1.0,0.0,2.0,0.0,0.0,0.0
108080.0,463455.00000000006,18785.0,-16962.0,-179.20000000000002,1.0,0.0,3.0,0.0,0.0,0.0,2.0,1.0,1.0,1.0
80640.0,579420.0,31330.0,-23019.0,-95.60000000000001,1.0,0.0,3.0,3.0,3.0,0.0,3.0,0.0,0.0,1.0
184940.0,838215.0,48438.0,-8041.0,-23.200000000000003,4.0,0.0,0.0,0.0,1.0,0.0,3.0,0.0,0.0,0.0
122639.99999999999,747225.0,39091.0,-22942.0,-4057.6000000000004,1.0,0.0,3.0,3.0,1.0,0.0,3.0,0.0,0.0,1.0
48510.0,386910.0,19045.0,-23362.0,-6115.0,3.0,0.0,1.0,1.0,1.0,0.0,2.0,0.0,0.0,1.0
84210.0,374490.0,20852.0,-16461.0,-3467.0,2.0,0.0,3.0,3.0,1.0,0.0,2.0,0.0,0.0,1.0
73080.0,438075.0,19149.0,-18323.0,-966.8000000000001,1.0,0.0,3.0,0.0,1.0,0.0,3.0,0.0,1.0,0.0
73290.0,393390.0,17888.0,-16565.0,-905.0,1.0,0.0,0.0,0.0,1.0,0.0,2.0,0.0,0.0,1.0
119559.99999999999,673650.0,28691.0,-18502.0,-2967.6000000000004,3.0,0.0,0.0,3.0,1.0,0.0,1.0,1.0,0.0,1.0
75460.0,352620.0,20774.0,-13492.0,-588.0,2.0,0.0,1.0,0.0,1.0,0.0,3.0,0.0,1.0,1.0
191870.0,681480.0,29354.0,-12076.0,-776.8000000000001,2.0,0.0,3.0,3.0,1.0,0.0,2.0,1.0,1.0,1.0
143570.0,593055.0,30602.0,-20614.0,-454.0,2.0,0.0,1.0,3.0,1.0,3.0,1.0,0.0,1.0,0.0
87500.0,616410.0,29848.0,-17479.0,-4098.0,2.0,0.0,1.0,3.0,1.0,0.0,2.0,0.0,1.0,1.0
50540.0,318600.0,20254.0,-19204.0,-2494.0,1.0,0.0,3.0,3.0,1.0,0.0,3.0,0.0,1.0,1.0
154210.0,1129140.0,62335.0,-16028.0,-2869.0,2.0,0.0,3.0,3.0,3.0,0.0,1.0,0.0,0.0,1.0
108290.0,839565.0,36296.0,-14714.0,-1070.8,1.0,0.0,0.0,3.0,1.0,0.0,3.0,0.0,0.0,1.0
102200.0,852930.0,53261.0,-16349.0,-1156.0,2.0,0.0,1.0,3.0,1.0,0.0,3.0,1.0,0.0,0.0
161140.0,1045710.0000000001,43914.0,-15781.0,-864.4000000000001,2.0,0.0,1.0,3.0,2.0,0.0,1.0,1.0,0.0,0.0
102900.0,557145.0,22880.0,-11990.0,-94.0,1.0,0.0,3.0,3.0,1.0,0.0,3.0,0.0,0.0,1.0
69230.0,524205.00000000006,26247.0,-21562.0,-2984.8,1.0,0.0,0.0,3.0,1.0,3.0,2.0,0.0,0.0,1.0
60059.99999999999,232065.00000000003,14651.0,-22098.0,-3387.0,2.0,0.0,0.0,3.0,1.0,0.0,3.0,0.0,0.0,0.0
74270.0,450090.00000000006,27989.0,-22398.0,-2089.6,3.0,0.0,0.0,3.0,3.0,0.0,3.0,0.0,0.0,1.0
73990.0,563355.0,23049.0,-13827.0,-50.0,3.0,0.0,3.0,3.0,1.0,0.0,3.0,0.0,1.0,0.0
131670.0,605475.0,28184.0,-23620.0,-1605.0,3.0,0.0,3.0,0.0,1.0,0.0,3.0,0.0,1.0,1.0
58869.99999999999,412830.0,25844.0,-17045.0,-5293.0,3.0,0.0,0.0,0.0,2.0,0.0,2.0,0.0,0.0,1.0
199710.0,1416150.0,68874.0,-11739.0,-5164.0,2.0,0.0,0.0,3.0,1.0,0.0,2.0,1.0,0.0,1.0
135520.0,704295.0,45630.0,-18885.0,-1771.0,1.0,0.0,3.0,3.0,1.0,0.0,3.0,0.0,1.0,0.0
76510.0,375030.0,19448.0,-17973.0,-14.4,3.0,0.0,3.0,3.0,1.0,0.0,2.0,0.0,0.0,1.0
111720.0,932445.0000000001,51805.0,-21514.0,-1058.8,4.0,0.0,1.0,3.0,1.0,0.0,3.0,1.0,0.0,0.0
193130.0,730350.0,41821.0,-13674.0,-2839.6000000000004,1.0,0.0,3.0,3.0,1.0,0.0,1.0,0.0,1.0,1.0
166810.0,961470.0000000001,43823.0,-12024.0,-1447.6000000000001,5.0,0.0,1.0,3.0,0.0,0.0,2.0,0.0,0.0,1.0
73710.0,358830.0,21086.0,-19113.0,-120.80000000000001,3.0,0.0,3.0,3.0,1.0,0.0,3.0,1.0,1.0,0.0
58589.99999999999,244755.00000000003,10088.0,-14534.0,-532.8000000000001,2.0,0.0,3.0,3.0,1.0,0.0,3.0,0.0,0.0,1.0
72100.0,587520.0,34593.0,-19721.0,-7926.0,1.0,0.0,2.0,3.0,1.0,0.0,3.0,0.0,0.0,1.0
196980.0,1501470.0,91806.0,-15848.0,-265.0,2.0,1.0,3.0,0.0,1.0,0.0,3.0,0.0,0.0,1.0
68530.0,531090.0,32994.0,-12706.0,-593.6,2.0,0.0,2.0,3.0,1.0,0.0,2.0,0.0,0.0,0.0
136010.0,767340.0,33475.0,-10213.0,-182.0,1.0,0.0,3.0,3.0,3.0,0.0,2.0,0.0,1.0,1.0
133210.0,661770.0,36842.0,-19973.0,-256.40000000000003,5.0,0.0,0.0,3.0,3.0,0.0,3.0,1.0,0.0,1.0
152530.0,758160.0,42575.0,-18370.0,-168.0,2.0,0.0,3.0,3.0,1.0,0.0,2.0,0.0,0.0,1.0
74200.0,484920.00000000006,30160.0,-16435.0,-130.0,2.0,0.0,1.0,3.0,1.0,0.0,3.0,0.0,0.0,1.0
130619.99999999999,886410.0000000001,37687.0,-20527.0,-110.0,2.0,0.0,3.0,3.0,1.0,0.0,3.0,0.0,1.0,1.0
162400.0,1228500.0,52897.0,-11102.0,-697.0,2.0,0.0,1.0,3.0,1.0,0.0,2.0,0.0,0.0,1.0
64889.99999999999,232605.00000000003,14976.0,-18481.0,-1236.0,2.0,0.0,3.0,3.0,1.0,0.0,2.0,1.0,0.0,1.0
57819.99999999999,289035.0,14352.0,-18528.0,-102.0,1.0,0.0,0.0,3.0,1.0,0.0,3.0,0.0,1.0,1.0
51520.0,337905.0,16120.0,-13543.0,-4066.0,2.0,0.0,0.0,3.0,3.0,0.0,3.0,1.0,1.0,0.0
94360.0,725625.0,46982.0,-10466.0,-421.0,3.0,0.0,0.0,3.0,3.0,0.0,3.0,0.0,0.0,1.0
125719.99999999999,947565.0000000001,54704.0,-8315.0,-1335.0,2.0,1.0,3.0,3.0,3.0,0.0,3.0,0.0,0.0,1.0
179130.0,1128195.0,54886.0,-15392.0,-852.8000000000001,4.0,0.0,3.0,3.0,1.0,0.0,1.0,1.0,0.0,0.0
152810.0,1031670.0000000001,44005.0,-15710.0,-38.0,4.0,0.0,0.0,3.0,0.0,0.0,2.0,0.0,0.0,1.0
180390.0,785565.0,39754.0,-18342.0,-1088.8,2.0,0.0,2.0,3.0,1.0,0.0,3.0,1.0,1.0,1.0
47880.0,346815.0,14677.0,-9164.0,-320.0,1.0,0.0,3.0,3.0,1.0,0.0,2.0,0.0,1.0,1.0
78330.0,485055.00000000006,20124.0,-20029.0,-6762.0,1.0,0.0,1.0,3.0,1.0,2.0,2.0,0.0,1.0,1.0
92260.0,383670.0,16926.0,-21830.0,-642.8000000000001,1.0,0.0,3.0,0.0,1.0,3.0,3.0,0.0,0.0,1.0
49560.0,203850.0,11232.0,-12260.0,-1736.0,3.0,0.0,2.0,3.0,1.0,0.0,3.0,0.0,0.0,0.0
109060.0,516105.00000000006,27170.0,-14015.0,-669.0,1.0,0.0,3.0,3.0,1.0,0.0,2.0,0.0,0.0,1.0
87710.0,721575.0,43199.0,-20443.0,-1250.0,2.0,0.0,3.0,3.0,3.0,0.0,1.0,0.0,0.0,0.0
73290.0,448200.00000000006,24323.0,-23347.0,-1092.0,3.0,0.0,3.0,0.0,1.0,0.0,3.0,0.0,0.0,1.0
70070.0,592650.0,33488.0,-15577.0,-379.0,2.0,0.0,3.0,3.0,1.0,0.0,3.0,0.0,0.0,1.0
173600.0,1252530.0,70252.0,-22401.0,-760.4000000000001,2.0,0.0,3.0,0.0,1.0,0.0,3.0,0.0,1.0,0.0
156240.0,1085805.0,57408.0,-13225.0,-3246.0,2.0,1.0,3.0,3.0,0.0,0.0,2.0,1.0,1.0,1.0
114799.99999999999,432135.0,18408.0,-18537.0,-2255.6,5.0,0.0,0.0,0.0,1.0,0.0,2.0,1.0,1.0,1.0
81130.0,614115.0,29393.0,-8603.0,-1959.0,2.0,0.0,0.0,3.0,1.0,0.0,3.0,1.0,0.0,0.0
77280.0,322380.0,13936.0,-15938.0,-849.6,2.0,0.0,0.0,3.0,1.0,0.0,2.0,0.0,0.0,0.0
146790.0,964305.0000000001,45630.0,-23047.0,-5384.0,2.0,0.0,3.0,3.0,1.0,0.0,3.0,0.0,0.0,1.0
73080.0,592380.0,24726.0,-13218.0,-589.0,2.0,0.0,0.0,3.0,1.0,0.0,3.0,0.0,0.0,1.0
103670.0,587655.0,26702.0,-10378.0,-1121.2,1.0,0.0,1.0,3.0,1.0,0.0,3.0,1.0,0.0,1.0
161000.0,664200.0,40001.0,-9294.0,-2552.0,3.0,0.0,3.0,3.0,1.0,0.0,2.0,0.0,0.0,1.0
120539.99999999999,830115.0,50323.0,-13182.0,-571.0,2.0,0.0,1.0,3.0,3.0,0.0,2.0,0.0,0.0,1.0
128869.99999999999,823365.0,33397.0,-15404.0,-2248.0,2.0,0.0,3.0,3.0,1.0,0.0,3.0,0.0,0.0,1.0
100940.0,487890.00000000006,22828.0,-17991.0,-4339.0,4.0,0.0,0.0,3.0,3.0,1.0,2.0,0.0,0.0,1.0
190890.0,837540.0,51519.0,-17211.0,-2265.0,1.0,0.0,3.0,0.0,1.0,0.0,1.0,0.0,0.0,1.0
57609.99999999999,456975.00000000006,22607.0,-9343.0,-257.2,1.0,0.0,3.0,3.0,1.0,0.0,2.0,0.0,0.0,0.0
225750.0,903690.0000000001,39312.0,-23393.0,-756.0,1.0,0.0,0.0,2.0,1.0,3.0,3.0,0.0,0.0,1.0
71820.0,522855.00000000006,31785.0,-23723.0,-1028.0,1.0,0.0,3.0,3.0,3.0,0.0,2.0,0.0,1.0,1.0
106470.0,795960.0,36140.0,-14384.0,-319.0,2.0,0.0,3.0,0.0,1.0,0.0,1.0,0.0,1.0,1.0
229529.99999999997,1247130.0,68549.0,-10341.0,-457.20000000000005,3.0,0.0,3.0,3.0,1.0,0.0,3.0,0.0,1.0,0.0
182070.0,1023030.0000000001,60489.0,-16972.0,-3664.0,3.0,0.0,0.0,0.0,0.0,0.0,2.0,1.0,1.0,1.0
80500.0,496260.00000000006,24765.0,-13624.0,-926.0,2.0,0.0,1.0,3.0,3.0,0.0,3.0,0.0,0.0,0.0
103600.0,723870.0,31109.0,-16052.0,-89.0,2.0,0.0,3.0,3.0,1.0,0.0,2.0,0.0,1.0,1.0
77350.0,372330.0,15340.0,-14050.0,-1177.0,1.0,0.0,0.0,3.0,1.0,0.0,2.0,1.0,0.0,1.0
137830.0,915840.0000000001,58721.0,-15259.0,-2068.0,2.0,0.0,2.0,0.0,3.0,0.0,3.0,0.0,1.0,1.0
138250.0,748440.0,34606.0,-22417.0,-2628.0,2.0,0.0,3.0,0.0,1.0,0.0,2.0,0.0,1.0,1.0
58449.99999999999,225720.00000000003,13468.0,-11529.0,-1588.0,2.0,1.0,3.0,3.0,0.0,0.0,3.0,0.0,1.0,0.0
126349.99999999999,1076220.0,64792.0,-23658.0,-1812.0,1.0,0.0,3.0,3.0,1.0,1.0,3.0,1.0,0.0,1.0
81480.0,392040.0,24830.0,-16947.0,-1366.0,2.0,1.0,1.0,3.0,1.0,0.0,3.0,0.0,0.0,0.0
407470.0,2412990.0,150137.0,-18692.0,-1922.0,4.0,0.0,1.0,3.0,3.0,0.0,2.0,0.0,0.0,1.0
100030.0,772875.0,39936.0,-18252.0,-902.0,2.0,0.0,3.0,3.0,2.0,0.0,3.0,1.0,0.0,0.0
201740.0,1203255.0,75556.0,-18536.0,-1292.0,1.0,0.0,3.0,3.0,1.0,0.0,3.0,1.0,0.0,1.0
113120.0,861435.0,52325.0,-21753.0,-1494.0,2.0,0.0,0.0,3.0,1.0,0.0,3.0,0.0,0.0,0.0
97930.0,580365.0,35763.0,-11077.0,-4502.0,2.0,0.0,3.0,3.0,1.0,0.0,3.0,0.0,0.0,0.0
235969.99999999997,1309230.0,63895.0,-16673.0,-1730.0,1.0,0.0,0.0,0.0,4.0,0.0,2.0,0.0,1.0,0.0
46690.0,332640.0,21580.0,-17321.0,-3661.0,2.0,0.0,3.0,3.0,1.0,0.0,2.0,0.0,0.0,1.0
105910.0,445500.00000000006,29081.0,-11196.0,-484.8,4.0,1.0,3.0,3.0,1.0,0.0,3.0,0.0,1.0,0.0
67200.0,300510.0,13793.0,-14202.0,-36.0,4.0,0.0,3.0,3.0,0.0,3.0,1.0,0.0,1.0,1.0
87710.0,468315.00000000006,28782.0,-23374.0,-68.0,4.0,0.0,1.0,3.0,0.0,3.0,2.0,0.0,1.0,0.0
89460.0,517050.00000000006,21970.0,-10484.0,-2593.0,2.0,0.0,3.0,3.0,1.0,0.0,2.0,1.0,0.0,1.0
52080.0,278370.0,17017.0,-14808.0,-221.0,3.0,1.0,3.0,3.0,1.0,0.0,3.0,0.0,0.0,1.0
51590.0,367335.0,21645.0,-22162.0,-2033.0,3.0,0.0,3.0,3.0,1.0,0.0,2.0,0.0,0.0,1.0
193690.0,1530630.0,65000.0,-8440.0,-231.60000000000002,2.0,0.0,3.0,0.0,1.0,0.0,2.0,0.0,0.0,0.0
48230.0,242865.00000000003,12987.0,-14633.0,-817.0,2.0,0.0,3.0,3.0,4.0,0.0,2.0,0.0,1.0,1.0
79310.0,455490.00000000006,24076.0,-11581.0,-117.0,3.0,0.0,3.0,3.0,1.0,0.0,3.0,0.0,0.0,1.0
71750.0,446175.00000000006,27053.0,-12699.0,-1400.0,2.0,1.0,1.0,3.0,4.0,0.0,2.0,1.0,1.0,1.0
82320.0,417555.0,27053.0,-16568.0,-1504.0,1.0,0.0,3.0,0.0,1.0,1.0,2.0,0.0,0.0,1.0
116479.99999999999,625860.0,28418.0,-16077.0,-575.6,2.0,0.0,3.0,3.0,0.0,0.0,2.0,0.0,1.0,1.0
67900.0,490860.00000000006,23387.0,-18261.0,-1148.0,1.0,0.0,3.0,3.0,3.0,1.0,2.0,1.0,0.0,1.0
83720.0,292005.0,16731.0,-11929.0,-120.80000000000001,2.0,1.0,3.0,3.0,1.0,0.0,3.0,0.0,1.0,1.0
143360.0,866835.0,40872.0,-16006.0,-5048.0,3.0,0.0,1.0,3.0,1.0,0.0,2.0,0.0,0.0,0.0
173460.0,1177470.0,75452.0,-19053.0,-1405.6000000000001,1.0,0.0,1.0,3.0,2.0,0.0,3.0,1.0,1.0,1.0
129639.99999999999,473310.00000000006,23673.0,-17558.0,-2592.0,1.0,0.0,3.0,3.0,1.0,0.0,2.0,0.0,1.0,1.0
78400.0,606015.0,35763.0,-12661.0,-3652.0,2.0,0.0,0.0,0.0,1.0,0.0,3.0,0.0,0.0,1.0
31499.999999999996,167400.0,9516.0,-11333.0,-109.60000000000001,1.0,0.0,0.0,3.0,3.0,0.0,3.0,0.0,0.0,0.0
200830.0,1475280.0,76466.0,-19898.0,-769.0,1.0,0.0,3.0,1.0,1.0,3.0,3.0,0.0,1.0,1.0
31499.999999999996,124875.00000000001,8099.0,-9169.0,-2504.0,2.0,0.0,1.0,0.0,3.0,0.0,2.0,0.0,0.0,0.0
54320.0,346140.0,20891.0,-22377.0,-751.0,5.0,0.0,3.0,3.0,0.0,0.0,3.0,0.0,1.0,1.0
47740.0,281475.0,14378.0,-16945.0,-3570.0,2.0,0.0,1.0,3.0,1.0,0.0,2.0,0.0,0.0,0.0
51940.0,225315.00000000003,10608.0,-7976.0,-560.4,3.0,0.0,3.0,3.0,1.0,0.0,2.0,0.0,0.0,1.0
111790.0,555795.0,36387.0,-17587.0,-1918.0,4.0,0.0,3.0,3.0,3.0,0.0,3.0,0.0,0.0,1.0
84980.0,431325.0,21203.0,-15090.0,-50.0,1.0,0.0,0.0,3.0,1.0,0.0,3.0,0.0,0.0,1.0
63769.99999999999,267705.0,13286.0,-22868.0,-120.0,2.0,0.0,0.0,0.0,1.0,1.0,3.0,0.0,0.0,1.0
84420.0,545670.0,25233.0,-16455.0,-1064.8,2.0,0.0,3.0,3.0,1.0,0.0,2.0,1.0,1.0,0.0
148190.0,1150470.0,48295.0,-13373.0,-740.0,2.0,0.0,0.0,0.0,1.0,0.0,2.0,0.0,1.0,1.0
95340.0,654885.0,36738.0,-22901.0,-3249.0,3.0,0.0,3.0,3.0,2.0,0.0,2.0,1.0,1.0,1.0
132020.0,492480.00000000006,24050.0,-12869.0,-719.0,2.0,0.0,3.0,0.0,1.0,3.0,3.0,0.0,1.0,1.0
117669.99999999999,988740.0000000001,61997.0,-20033.0,-209.0,4.0,0.0,0.0,0.0,1.0,0.0,1.0,0.0,0.0,1.0
57749.99999999999,211275.0,11089.0,-20804.0,-485.0,2.0,0.0,3.0,3.0,4.0,0.0,2.0,0.0,1.0,1.0
86940.0,740745.0,37011.0,-19503.0,-1337.0,2.0,0.0,3.0,0.0,1.0,0.0,2.0,0.0,0.0,1.0
195720.0,1059210.0,64571.0,-11229.0,-25.6,1.0,0.0,0.0,0.0,3.0,0.0,2.0,0.0,0.0,0.0
38290.0,266490.0,11349.0,-20575.0,-1109.0,1.0,1.0,3.0,0.0,1.0,0.0,2.0,1.0,1.0,0.0
143570.0,842130.0,40001.0,-8027.0,-580.8000000000001,2.0,0.0,1.0,3.0,3.0,0.0,2.0,0.0,0.0,1.0
117599.99999999999,800820.0,49205.0,-22464.0,-1964.0,1.0,1.0,3.0,3.0,1.0,0.0,3.0,0.0,1.0,1.0
87990.0,363015.0,19747.0,-17322.0,-1023.0,4.0,0.0,2.0,3.0,1.0,0.0,3.0,0.0,0.0,1.0
67900.0,561330.0,34879.0,-11926.0,-455.6,3.0,0.0,2.0,0.0,1.0,0.0,3.0,0.0,0.0,0.0
78680.0,509625.00000000006,21268.0,-16358.0,-1924.0,2.0,0.0,0.0,3.0,3.0,0.0,3.0,1.0,0.0,0.0
152250.0,672300.0,29744.0,-22875.0,-1398.0,1.0,0.0,3.0,3.0,3.0,0.0,3.0,1.0,0.0,0.0
173740.0,1190025.0,60255.0,-21195.0,-2161.0,3.0,0.0,3.0,3.0,1.0,0.0,2.0,0.0,1.0,0.0
202300.0,1624320.0,102466.0,-14411.0,-2135.0,2.0,0.0,0.0,3.0,3.0,0.0,2.0,0.0,0.0,1.0
141120.0,1115370.0,54535.0,-18773.0,-585.2,1.0,0.0,0.0,3.0,3.0,0.0,1.0,0.0,0.0,0.0
53130.0,371925.0,17147.0,-13197.0,-563.0,2.0,0.0,0.0,3.0,4.0,0.0,2.0,0.0,0.0,1.0
146300.0,678780.0,35048.0,-19499.0,-1082.0,3.0,0.0,0.0,3.0,3.0,0.0,3.0,1.0,0.0,1.0
69300.0,463455.00000000006,26351.0,-19762.0,-91.60000000000001,2.0,0.0,3.0,3.0,3.0,0.0,2.0,0.0,0.0,0.0
115009.99999999999,989010.0000000001,43199.0,-15248.0,-873.2,4.0,0.0,3.0,0.0,1.0,0.0,3.0,0.0,1.0,0.0
139930.0,756000.0,34749.0,-21815.0,-6351.0,1.0,0.0,3.0,3.0,1.0,0.0,2.0,1.0,1.0,1.0
42070.0,268785.0,10881.0,-22644.0,-3091.0,1.0,0.0,2.0,3.0,3.0,0.0,3.0,0.0,0.0,1.0
59289.99999999999,353295.0,19799.0,-8611.0,-1879.0,1.0,0.0,3.0,3.0,3.0,0.0,1.0,0.0,0.0,1.0
166530.0,1236735.0,74542.0,-9743.0,-1267.6000000000001,3.0,0.0,3.0,3.0,1.0,0.0,2.0,0.0,1.0,1.0
109550.0,613035.0,25493.0,-22134.0,-318.0,2.0,0.0,3.0,3.0,1.0,0.0,2.0,0.0,1.0,1.0
55930.0,351810.0,15548.0,-11177.0,-234.0,4.0,0.0,3.0,3.0,0.0,0.0,1.0,0.0,1.0,1.0
80150.0,404730.0,17732.0,-17687.0,-718.4000000000001,3.0,1.0,3.0,0.0,3.0,3.0,2.0,0.0,1.0,1.0
71260.0,567000.0,34593.0,-21704.0,-29.6,4.0,0.0,0.0,0.0,1.0,0.0,2.0,0.0,1.0,0.0
90300.0,387585.0,23075.0,-9137.0,-158.4,5.0,0.0,3.0,3.0,1.0,0.0,2.0,1.0,0.0,0.0
78540.0,440505.0,25428.0,-13859.0,-3071.0,2.0,0.0,0.0,0.0,1.0,0.0,2.0,1.0,1.0,1.0
121869.99999999999,538515.0,26689.0,-7830.0,-413.0,1.0,0.0,0.0,0.0,1.0,0.0,2.0,1.0,0.0,1.0
65449.99999999999,378270.0,22126.0,-20575.0,-1980.0,2.0,0.0,0.0,3.0,1.0,0.0,2.0,1.0,0.0,0.0
93590.0,568890.0,30771.0,-13851.0,-1114.0,2.0,0.0,1.0,3.0,1.0,3.0,3.0,0.0,0.0,1.0
123339.99999999999,634095.0,37921.0,-22724.0,-2516.8,2.0,0.0,0.0,3.0,3.0,0.0,3.0,0.0,0.0,1.0
209580.0,1691415.0,101335.0,-13847.0,-743.0,2.0,0.0,0.0,0.0,1.0,0.0,2.0,1.0,0.0,1.0
229180.0,1724760.0,96161.0,-17421.0,-354.40000000000003,2.0,0.0,2.0,3.0,0.0,0.0,3.0,0.0,1.0,0.0
100380.0,825660.0,37830.0,-18555.0,-2887.0,1.0,0.0,1.0,3.0,1.0,0.0,3.0,0.0,1.0,1.0
122219.99999999999,661500.0,35646.0,-15995.0,-322.0,3.0,0.0,3.0,2.0,3.0,0.0,2.0,0.0,0.0,0.0
227920.0,1529820.0,84747.0,-13726.0,-715.0,2.0,0.0,1.0,0.0,1.0,0.0,2.0,0.0,0.0,1.0
262570.0,1212300.0,61880.0,-11185.0,-1479.2,2.0,0.0,1.0,3.0,1.0,0.0,3.0,0.0,0.0,0.0
47040.0,275400.0,17498.0,-18653.0,-343.0,2.0,0.0,3.0,3.0,0.0,0.0,3.0,0.0,1.0,1.0
116829.99999999999,626130.0,38389.0,-11739.0,-72.0,3.0,0.0,3.0,3.0,0.0,0.0,3.0,0.0,1.0,1.0
100450.0,809865.0,52247.0,-16656.0,-98.0,1.0,0.0,0.0,3.0,2.0,0.0,3.0,0.0,1.0,1.0
77840.0,613980.0,37895.0,-13579.0,-539.0,1.0,0.0,0.0,3.0,1.0,0.0,1.0,0.0,0.0,1.0
164220.0,1190430.0,66612.0,-18757.0,-1275.0,2.0,0.0,3.0,3.0,1.0,0.0,2.0,0.0,0.0,0.0
158550.0,1274940.0,78910.0,-19476.0,-620.0,3.0,1.0,0.0,3.0,1.0,0.0,3.0,0.0,0.0,1.0
68040.0,558360.0,34073.0,-8197.0,-742.0,2.0,0.0,1.0,2.0,2.0,0.0,3.0,0.0,0.0,0.0
177450.0,1355400.0,84981.0,-22188.0,-309.6,2.0,0.0,1.0,3.0,1.0,0.0,3.0,0.0,0.0,1.0
127679.99999999999,723600.0,36309.0,-13176.0,-1525.0,2.0,0.0,3.0,3.0,0.0,2.0,2.0,1.0,0.0,0.0
147770.0,1231740.0,57629.0,-20361.0,-2168.0,2.0,1.0,3.0,0.0,3.0,0.0,2.0,0.0,0.0,0.0
291270.0,1932255.0000000002,109473.0,-11138.0,-612.0,5.0,0.0,2.0,3.0,1.0,0.0,2.0,0.0,1.0,0.0
141400.0,498420.00000000006,26611.0,-8547.0,-313.0,2.0,0.0,3.0,3.0,1.0,0.0,3.0,0.0,0.0,0.0
50260.0,281475.0,13039.0,-19312.0,-3486.0,4.0,0.0,0.0,0.0,0.0,0.0,2.0,0.0,0.0,0.0
62789.99999999999,304155.0,16146.0,-15523.0,-739.0,1.0,0.0,3.0,0.0,3.0,0.0,3.0,1.0,0.0,1.0
261659.99999999997,1493235.0,81029.0,-11185.0,-758.0,2.0,0.0,3.0,3.0,1.0,0.0,2.0,0.0,0.0,1.0
48580.0,246375.00000000003,14157.0,-9615.0,-292.8,1.0,0.0,3.0,0.0,1.0,0.0,2.0,0.0,0.0,0.0
61389.99999999999,312525.0,19149.0,-21525.0,-278.0,2.0,0.0,3.0,3.0,1.0,0.0,2.0,0.0,1.0,1.0
124669.99999999999,440505.0,26884.0,-10492.0,-765.6,1.0,0.0,0.0,0.0,1.0,0.0,3.0,0.0,0.0,1.0
98350.0,375165.0,19487.0,-14930.0,-357.0,2.0,0.0,0.0,3.0,1.0,0.0,3.0,0.0,0.0,1.0
186970.0,994950.0000000001,49153.0,-15785.0,-141.20000000000002,1.0,0.0,0.0,3.0,1.0,0.0,3.0,1.0,0.0,0.0
119489.99999999999,1019115.0000000001,65377.0,-13659.0,-278.0,3.0,1.0,0.0,3.0,1.0,0.0,2.0,0.0,0.0,1.0
64119.99999999999,532845.0,23530.0,-23521.0,-358.0,3.0,0.0,0.0,0.0,1.0,0.0,3.0,1.0,0.0,1.0
59989.99999999999,369495.0,18694.0,-12995.0,-83.2,3.0,0.0,3.0,3.0,3.0,0.0,2.0,0.0,1.0,0.0
102970.0,485055.00000000006,20722.0,-14880.0,-366.0,3.0,0.0,0.0,3.0,1.0,0.0,3.0,0.0,0.0,0.0
141960.0,1197180.0,53755.0,-15507.0,-136.4,2.0,0.0,1.0,1.0,1.0,0.0,2.0,0.0,1.0,1.0
125579.99999999999,927585.0000000001,56758.0,-7721.0,-458.8,4.0,1.0,1.0,3.0,1.0,0.0,2.0,0.0,0.0,0.0
97440.0,731700.0,44499.0,-7756.0,-1181.0,2.0,0.0,1.0,3.0,1.0,0.0,2.0,0.0,0.0,1.0
129429.99999999999,787590.0,49218.0,-8990.0,-22.400000000000002,3.0,0.0,3.0,0.0,1.0,0.0,3.0,0.0,0.0,1.0
47040.0,225990.00000000003,11336.0,-20116.0,-625.6,1.0,0.0,2.0,3.0,1.0,0.0,1.0,0.0,0.0,1.0
79170.0,664740.0,40885.0,-16371.0,-382.0,1.0,0.0,3.0,0.0,0.0,0.0,3.0,0.0,0.0,0.0
73990.0,375030.0,19292.0,-18940.0,-118.80000000000001,2.0,0.0,0.0,3.0,1.0,1.0,2.0,0.0,1.0,0.0
39060.0,315360.0,17849.0,-22580.0,-5596.0,3.0,0.0,3.0,1.0,3.0,0.0,2.0,1.0,0.0,1.0
107870.0,847125.0,39156.0,-22693.0,-744.4000000000001,1.0,0.0,2.0,1.0,0.0,0.0,2.0,0.0,0.0,1.0
134190.0,757080.0,43550.0,-17101.0,-1843.2,3.0,0.0,3.0,3.0,1.0,0.0,2.0,0.0,1.0,0.0
184380.0,658125.0,29445.0,-7910.0,-611.0,2.0,0.0,3.0,3.0,1.0,0.0,3.0,0.0,0.0,1.0
70840.0,547020.0,28327.0,-11944.0,-468.40000000000003,1.0,0.0,0.0,0.0,1.0,0.0,3.0,1.0,1.0,1.0
81970.0,363555.0,17030.0,-22438.0,-1203.6000000000001,1.0,0.0,0.0,3.0,1.0,0.0,2.0,0.0,0.0,1.0
116759.99999999999,652185.0,38506.0,-20059.0,-566.8000000000001,1.0,0.0,3.0,0.0,1.0,0.0,2.0,0.0,0.0,0.0
262360.0,2200635.0,122915.0,-18960.0,-2601.2000000000003,2.0,0.0,0.0,3.0,1.0,0.0,2.0,0.0,0.0,0.0
101990.0,834840.0,46319.0,-21429.0,-341.0,3.0,0.0,3.0,3.0,0.0,0.0,3.0,0.0,0.0,0.0
44660.0,180495.0,10660.0,-18454.0,-135.20000000000002,2.0,0.0,3.0,0.0,3.0,0.0,3.0,0.0,0.0,1.0
156590.0,1339065.0,63882.0,-23117.0,-886.0,1.0,0.0,0.0,0.0,1.0,0.0,3.0,0.0,1.0,1.0
110250.0,531630.0,27469.0,-9638.0,-1889.0,1.0,0.0,0.0,3.0,1.0,0.0,2.0,0.0,0.0,0.0
187880.0,1620135.0,68185.0,-22662.0,-2160.0,2.0,0.0,0.0,3.0,0.0,0.0,2.0,0.0,0.0,0.0
52640.0,244620.00000000003,12519.0,-9175.0,-2600.0,1.0,0.0,0.0,3.0,1.0,0.0,2.0,0.0,0.0,1.0
50470.0,326160.0,19175.0,-13380.0,-1264.0,3.0,1.0,2.0,3.0,1.0,0.0,3.0,0.0,0.0,1.0
104580.0,732645.0,46176.0,-13925.0,-818.0,3.0,0.0,0.0,3.0,1.0,1.0,2.0,0.0,1.0,1.0
204610.0,1163160.0,52767.0,-22842.0,-1476.8000000000002,1.0,0.0,1.0,2.0,1.0,0.0,3.0,1.0,0.0,1.0
149520.0,994140.0000000001,41470.0,-7830.0,-1255.0,2.0,0.0,3.0,3.0,1.0,0.0,2.0,0.0,0.0,0.0
224280.0,1697760.0,101335.0,-22428.0,-4480.0,3.0,0.0,0.0,0.0,1.0,0.0,3.0,1.0,0.0,0.0
33110.0,170640.0,7072.0,-14531.0,-542.0,2.0,0.0,3.0,1.0,1.0,0.0,3.0,0.0,0.0,1.0
81690.0,382995.0,15951.0,-11647.0,-36.0,3.0,0.0,1.0,0.0,1.0,0.0,3.0,0.0,0.0,1.0
63069.99999999999,541620.0,25233.0,-19923.0,-307.0,1.0,0.0,1.0,3.0,1.0,0.0,1.0,0.0,1.0,1.0
133070.0,1140480.0,70954.0,-10134.0,-181.60000000000002,3.0,0.0,3.0,3.0,1.0,0.0,2.0,0.0,1.0,0.0
90510.0,723600.0,37986.0,-20130.0,-1124.8,2.0,0.0,3.0,3.0,0.0,0.0,3.0,0.0,0.0,1.0
310940.0,2017845.0000000002,104598.0,-9253.0,-2679.0,1.0,0.0,3.0,0.0,1.0,0.0,3.0,0.0,1.0,0.0
185640.0,1008585.0000000001,59852.0,-17725.0,-2071.0,3.0,0.0,3.0,3.0,3.0,0.0,3.0,0.0,0.0,0.0
66360.0,449415.00000000006,27001.0,-9121.0,-418.0,3.0,0.0,1.0,3.0,3.0,0.0,3.0,1.0,0.0,0.0
240869.99999999997,1540485.0,82537.0,-11566.0,-572.0,2.0,1.0,3.0,0.0,1.0,0.0,2.0,0.0,1.0,1.0
88760.0,589410.0,36348.0,-10854.0,-2207.0,2.0,0.0,3.0,1.0,1.0,0.0,3.0,0.0,0.0,0.0
101150.0,459405.00000000006,24479.0,-10479.0,-410.0,2.0,0.0,3.0,3.0,0.0,0.0,3.0,0.0,0.0,1.0
133560.0,1087560.0,52325.0,-16899.0,-98.0,4.0,0.0,1.0,3.0,1.0,0.0,3.0,0.0,0.0,1.0
62859.99999999999,442530.00000000006,21840.0,-13132.0,-2140.8,2.0,0.0,0.0,1.0,1.0,0.0,2.0,0.0,0.0,1.0
108990.0,812565.0,41899.0,-20287.0,-2014.0,2.0,0.0,3.0,3.0,1.0,0.0,3.0,0.0,0.0,1.0
145040.0,911250.0000000001,44551.0,-8462.0,-1709.0,2.0,0.0,3.0,0.0,1.0,0.0,3.0,0.0,1.0,1.0
62439.99999999999,372195.0,19474.0,-11135.0,-1321.2,4.0,0.0,2.0,3.0,3.0,0.0,1.0,0.0,1.0,1.0
56910.0,434295.0,24479.0,-14063.0,-14.4,2.0,0.0,0.0,0.0,1.0,0.0,3.0,0.0,0.0,1.0
55790.0,252720.00000000003,16029.0,-16406.0,-864.0,2.0,0.0,3.0,3.0,1.0,0.0,3.0,0.0,0.0,1.0
31499.999999999996,162270.0,9815.0,-21051.0,-2732.0,2.0,0.0,0.0,3.0,0.0,0.0,2.0,0.0,0.0,0.0
131950.0,932580.0000000001,52104.0,-12617.0,-119.0,2.0,0.0,3.0,3.0,1.0,0.0,1.0,0.0,1.0,1.0
106540.0,492750.00000000006,29978.0,-8595.0,-561.0,2.0,0.0,1.0,3.0,0.0,0.0,2.0,0.0,1.0,1.0
55370.0,221265.00000000003,13247.0,-7938.0,-84.0,2.0,1.0,3.0,3.0,3.0,0.0,3.0,0.0,1.0,0.0
45500.0,169425.0,7215.0,-21329.0,-278.40000000000003,1.0,1.0,3.0,3.0,0.0,0.0,2.0,0.0,0.0,1.0
67340.0,574965.0,24037.0,-21193.0,-650.0,2.0,0.0,0.0,3.0,1.0,0.0,3.0,1.0,1.0,1.0
153650.0,1234035.0,68913.0,-19961.0,-684.0,2.0,0.0,3.0,3.0,1.0,0.0,3.0,0.0,0.0,1.0
56210.0,340470.0,18720.0,-21291.0,-88.0,2.0,0.0,0.0,3.0,1.0,0.0,2.0,0.0,0.0,1.0
57819.99999999999,203850.0,9191.0,-10843.0,-958.0,2.0,1.0,3.0,3.0,1.0,0.0,3.0,0.0,0.0,1.0
84910.0,436590.0,22607.0,-19493.0,-1024.0,2.0,0.0,3.0,0.0,1.0,3.0,2.0,0.0,0.0,0.0
65800.0,426330.0,17264.0,-9713.0,-482.0,2.0,0.0,3.0,3.0,1.0,0.0,1.0,0.0,1.0,0.0
196560.0,1540890.0,92898.0,-8139.0,-625.6,2.0,0.0,3.0,3.0,3.0,0.0,1.0,0.0,0.0,1.0
72030.0,408105.0,17030.0,-20569.0,-6959.0,1.0,0.0,1.0,3.0,1.0,0.0,2.0,0.0,1.0,1.0
117669.99999999999,691065.0,39559.0,-17221.0,-785.0,2.0,0.0,2.0,0.0,2.0,0.0,3.0,0.0,0.0,0.0
113960.0,713070.0,35412.0,-12901.0,-6326.0,2.0,0.0,1.0,3.0,0.0,0.0,2.0,0.0,1.0,1.0
251229.99999999997,2125980.0,97734.0,-21193.0,-324.8,1.0,0.0,0.0,3.0,1.0,0.0,2.0,0.0,0.0,0.0
95480.0,557685.0,28106.0,-15780.0,-815.0,2.0,1.0,3.0,3.0,1.0,0.0,2.0,0.0,1.0,1.0
81970.0,475335.00000000006,23452.0,-17102.0,-70.0,4.0,0.0,0.0,3.0,3.0,0.0,1.0,0.0,1.0,1.0
69860.0,573885.0,25376.0,-16681.0,-764.4000000000001,4.0,0.0,3.0,3.0,1.0,0.0,2.0,0.0,0.0,1.0
68110.0,269325.0,12116.0,-18001.0,-58.400000000000006,2.0,0.0,1.0,3.0,2.0,0.0,1.0,0.0,0.0,0.0
183470.0,847665.0,36764.0,-17368.0,-348.0,1.0,0.0,3.0,3.0,0.0,0.0,2.0,0.0,1.0,1.0
270690.0,2012985.0000000002,100867.0,-17075.0,-1575.0,2.0,0.0,2.0,3.0,1.0,0.0,3.0,0.0,1.0,1.0
121589.99999999999,1031940.0000000001,48087.0,-11230.0,-350.0,4.0,0.0,0.0,3.0,1.0,2.0,2.0,1.0,0.0,0.0
86380.0,613710.0,38298.0,-8638.0,-1557.0,2.0,0.0,0.0,0.0,1.0,0.0,2.0,0.0,0.0,1.0
207270.0,1247130.0,75270.0,-18479.0,-261.2,1.0,0.0,3.0,0.0,1.0,0.0,3.0,0.0,0.0,1.0
68880.0,358290.0,21268.0,-16381.0,-152.0,2.0,1.0,3.0,3.0,1.0,0.0,1.0,1.0,0.0,1.0
114939.99999999999,796635.0,39806.0,-15333.0,-1661.6000000000001,4.0,0.0,1.0,3.0,1.0,0.0,3.0,0.0,0.0,0.0
74620.0,324675.0,15444.0,-11248.0,-907.0,2.0,0.0,0.0,3.0,3.0,1.0,1.0,0.0,0.0,1.0
72870.0,551205.0,30017.0,-13375.0,-1600.0,4.0,0.0,1.0,0.0,0.0,0.0,3.0,0.0,1.0,1.0
94710.0,644760.0,31343.0,-8032.0,-417.6,1.0,0.0,1.0,3.0,1.0,0.0,3.0,0.0,1.0,0.0
136010.0,1133190.0,68497.0,-10341.0,-620.4000000000001,1.0,0.0,3.0,3.0,1.0,0.0,3.0,0.0,0.0,0.0
47950.0,403785.0,26000.0,-21738.0,-474.0,1.0,0.0,3.0,3.0,1.0,0.0,2.0,0.0,0.0,1.0
131670.0,695655.0,34567.0,-12826.0,-3160.0,1.0,0.0,0.0,3.0,1.0,0.0,3.0,1.0,0.0,1.0
203350.0,1037205.0000000001,60437.0,-10073.0,-1399.6000000000001,4.0,0.0,2.0,0.0,2.0,0.0,3.0,0.0,0.0,1.0
88410.0,518805.00000000006,28483.0,-8952.0,-2378.0,3.0,0.0,0.0,0.0,1.0,3.0,2.0,1.0,1.0,1.0
89530.0,489105.00000000006,28028.0,-19179.0,-85.2,1.0,0.0,3.0,3.0,4.0,3.0,2.0,0.0,0.0,1.0
71540.0,401220.0,22841.0,-21817.0,-3492.0,1.0,0.0,1.0,0.0,1.0,0.0,3.0,0.0,0.0,0.0
151060.0,1103355.0,45695.0,-16414.0,-68.8,2.0,0.0,0.0,3.0,1.0,0.0,3.0,0.0,0.0,1.0
81900.0,466965.00000000006,21346.0,-20877.0,-64.4,2.0,0.0,1.0,3.0,2.0,0.0,2.0,0.0,1.0,0.0
204190.0,777870.0,35230.0,-23485.0,-928.4000000000001,2.0,0.0,1.0,0.0,1.0,0.0,2.0,0.0,1.0,0.0
55650.0,312255.0,18603.0,-7720.0,-1145.0,2.0,0.0,3.0,2.0,3.0,0.0,2.0,0.0,0.0,1.0
353220.0,1793070.0000000002,93275.0,-9915.0,-1132.0,1.0,0.0,3.0,3.0,1.0,0.0,3.0,1.0,0.0,1.0
125509.99999999999,855900.0,52091.0,-21662.0,-882.0,2.0,0.0,1.0,3.0,1.0,0.0,2.0,0.0,0.0,0.0
86520.0,596295.0,25389.0,-14903.0,-2232.0,4.0,0.0,3.0,3.0,1.0,0.0,3.0,0.0,1.0,0.0
148190.0,950940.0000000001,52390.0,-12583.0,-4463.0,2.0,1.0,3.0,3.0,1.0,3.0,3.0,0.0,0.0,1.0
39060.0,214110.0,9503.0,-14408.0,-2029.6000000000001,2.0,0.0,0.0,0.0,1.0,0.0,2.0,0.0,0.0,0.0
115009.99999999999,540270.0,34931.0,-14403.0,-603.0,3.0,0.0,2.0,3.0,1.0,0.0,2.0,0.0,0.0,1.0
163030.0,1239975.0,60112.0,-17379.0,-461.0,2.0,0.0,1.0,0.0,1.0,0.0,3.0,0.0,0.0,0.0
81130.0,616005.0,37869.0,-19528.0,-46.0,2.0,0.0,0.0,3.0,2.0,0.0,3.0,1.0,0.0,1.0
43260.0,295110.0,14976.0,-16395.0,-8002.0,2.0,0.0,3.0,3.0,1.0,3.0,2.0,1.0,0.0,1.0
56630.0,407160.0,17446.0,-15033.0,-825.6,2.0,0.0,3.0,1.0,1.0,0.0,3.0,0.0,0.0,1.0
58589.99999999999,350055.0,21567.0,-23703.0,-1078.0,2.0,0.0,0.0,3.0,1.0,0.0,2.0,0.0,0.0,1.0
119279.99999999999,792990.0,44876.0,-18094.0,-608.0,3.0,0.0,0.0,3.0,1.0,0.0,3.0,0.0,0.0,1.0
33950.0,241515.00000000003,12259.0,-8580.0,-255.0,2.0,1.0,3.0,3.0,1.0,0.0,3.0,0.0,0.0,0.0
57190.0,350730.0,22906.0,-12172.0,-1685.0,4.0,0.0,1.0,3.0,0.0,0.0,2.0,0.0,0.0,1.0
136640.0,902610.0000000001,53378.0,-14737.0,-267.6,1.0,0.0,1.0,3.0,1.0,0.0,3.0,0.0,0.0,1.0
260609.99999999997,1047870.0000000001,51259.0,-10388.0,-325.20000000000005,2.0,0.0,0.0,0.0,1.0,0.0,2.0,0.0,1.0,1.0
47110.0,211950.0,12103.0,-19858.0,-69.0,2.0,0.0,0.0,3.0,1.0,0.0,2.0,0.0,1.0,1.0
127119.99999999999,491805.00000000006,28314.0,-12801.0,-549.0,1.0,0.0,0.0,0.0,2.0,0.0,3.0,0.0,0.0,0.0
179410.0,1542780.0,93444.0,-10980.0,-746.4000000000001,4.0,0.0,3.0,0.0,3.0,0.0,1.0,0.0,1.0,1.0
89600.0,375165.0,21060.0,-11010.0,-1774.0,2.0,0.0,0.0,0.0,1.0,0.0,3.0,0.0,0.0,1.0
161630.0,1116990.0,69043.0,-21987.0,-1310.8000000000002,3.0,0.0,3.0,0.0,1.0,1.0,3.0,0.0,0.0,0.0
35280.0,161460.0,7228.0,-12141.0,-775.6,2.0,0.0,3.0,3.0,1.0,0.0,1.0,0.0,1.0,1.0
106330.0,822420.0,42666.0,-20578.0,-667.0,2.0,0.0,2.0,3.0,1.0,0.0,2.0,1.0,0.0,1.0
88690.0,410130.0,20852.0,-21243.0,-1097.0,5.0,0.0,3.0,3.0,1.0,0.0,3.0,0.0,1.0,1.0
104720.0,483300.00000000006,28951.0,-12453.0,-35.2,3.0,0.0,3.0,3.0,2.0,0.0,2.0,0.0,0.0,1.0
224210.0,1895670.0000000002,102258.0,-18558.0,-2222.8,2.0,0.0,3.0,3.0,0.0,0.0,3.0,0.0,1.0,1.0
88900.0,654075.0,40482.0,-11425.0,-1403.6000000000001,2.0,0.0,1.0,1.0,1.0,0.0,3.0,0.0,0.0,1.0
70140.0,496260.00000000006,25155.0,-10725.0,-190.4,2.0,0.0,0.0,3.0,1.0,0.0,2.0,0.0,0.0,1.0
144200.0,1045035.0000000001,61555.0,-9722.0,-270.0,2.0,0.0,0.0,0.0,1.0,0.0,2.0,0.0,1.0,1.0
230089.99999999997,1050570.0,58890.0,-13164.0,-1128.0,2.0,0.0,3.0,0.0,2.0,0.0,3.0,0.0,0.0,0.0
66150.0,408510.0,18304.0,-21975.0,-1181.0,2.0,0.0,3.0,0.0,1.0,3.0,3.0,1.0,0.0,1.0
82740.0,655020.0,29198.0,-8069.0,-163.20000000000002,2.0,0.0,3.0,1.0,1.0,3.0,3.0,0.0,0.0,1.0
81130.0,502335.00000000006,23816.0,-8958.0,-2175.0,2.0,0.0,3.0,3.0,1.0,0.0,3.0,0.0,0.0,1.0
57469.99999999999,292410.0,15912.0,-12625.0,-3535.0,2.0,0.0,0.0,3.0,1.0,0.0,3.0,0.0,0.0,0.0
133070.0,1029375.0000000001,54171.0,-20868.0,-168.0,2.0,0.0,1.0,2.0,1.0,0.0,1.0,0.0,0.0,1.0
177170.0,1059480.0,60866.0,-10050.0,-1325.0,2.0,0.0,3.0,0.0,4.0,0.0,3.0,0.0,0.0,0.0
105140.0,619515.0,28132.0,-19801.0,-377.6,2.0,0.0,3.0,3.0,1.0,0.0,3.0,0.0,1.0,1.0
82250.0,556200.0,28821.0,-11279.0,-1048.4,1.0,0.0,3.0,0.0,1.0,0.0,2.0,0.0,1.0,0.0
112420.0,441450.0,22880.0,-22079.0,-2546.0,2.0,0.0,0.0,0.0,0.0,0.0,3.0,0.0,1.0,1.0
69160.0,424845.0,25168.0,-7901.0,-83.2,4.0,0.0,0.0,3.0,1.0,0.0,3.0,0.0,0.0,0.0
95970.0,448470.00000000006,19890.0,-8759.0,-874.0,3.0,0.0,3.0,0.0,1.0,0.0,3.0,0.0,0.0,1.0
217560.0,1076355.0,52416.0,-10088.0,-341.0,3.0,0.0,0.0,1.0,1.0,3.0,2.0,0.0,0.0,1.0
132300.0,464130.00000000006,24310.0,-18119.0,-146.0,3.0,0.0,1.0,3.0,2.0,0.0,2.0,0.0,0.0,1.0
123269.99999999999,862515.0,41288.0,-11654.0,-1115.0,2.0,0.0,2.0,3.0,1.0,0.0,3.0,0.0,1.0,1.0
56980.0,475200.00000000006,29575.0,-7942.0,-547.2,1.0,0.0,3.0,1.0,1.0,0.0,2.0,0.0,0.0,0.0
67900.0,456435.00000000006,23842.0,-10663.0,-125.0,4.0,0.0,3.0,3.0,1.0,0.0,2.0,0.0,0.0,0.0
160650.0,838350.0,36595.0,-14014.0,-461.0,2.0,0.0,0.0,3.0,1.0,0.0,1.0,0.0,0.0,1.0
279300.0,2372895.0,97981.0,-23242.0,-2343.0,2.0,0.0,0.0,0.0,0.0,0.0,3.0,0.0,0.0,1.0
213220.0,1289385.0,80041.0,-18985.0,-3554.0,2.0,0.0,0.0,0.0,1.0,0.0,2.0,1.0,0.0,0.0
148190.0,1031265.0000000001,56901.0,-17041.0,-4647.0,1.0,0.0,0.0,3.0,1.0,0.0,3.0,0.0,0.0,1.0
129429.99999999999,920025.0000000001,40937.0,-23670.0,-1156.0,3.0,0.0,2.0,0.0,1.0,0.0,3.0,1.0,0.0,1.0
105420.0,397980.0,25987.0,-21493.0,-932.8000000000001,1.0,0.0,3.0,0.0,2.0,0.0,1.0,1.0,0.0,0.0
118299.99999999999,596970.0,25051.0,-9594.0,-1056.0,3.0,0.0,1.0,3.0,1.0,0.0,2.0,1.0,1.0,0.0
48860.0,375165.0,23985.0,-23353.0,-1184.4,1.0,0.0,0.0,0.0,3.0,0.0,2.0,0.0,0.0,1.0
94570.0,765315.0,48646.0,-22711.0,-1382.4,3.0,0.0,1.0,3.0,1.0,3.0,1.0,0.0,1.0,1.0
135800.0,832140.0,50102.0,-13446.0,-557.6,2.0,0.0,3.0,0.0,1.0,0.0,2.0,0.0,0.0,1.0
147700.0,1179630.0,56576.0,-20849.0,-556.0,2.0,0.0,3.0,0.0,2.0,0.0,3.0,0.0,1.0,1.0
76720.0,301320.0,13806.0,-17446.0,-541.0,1.0,0.0,3.0,3.0,1.0,0.0,2.0,0.0,0.0,0.0
236879.99999999997,1357560.0,74009.0,-19626.0,-59.0,2.0,0.0,1.0,3.0,1.0,2.0,3.0,0.0,0.0,0.0
169820.0,1370925.0,72033.0,-21425.0,-1191.2,2.0,0.0,2.0,0.0,1.0,0.0,2.0,0.0,1.0,1.0
55370.0,387180.0,24336.0,-21534.0,-44.0,1.0,0.0,3.0,3.0,1.0,0.0,2.0,0.0,1.0,1.0
279650.0,1194075.0,73216.0,-14911.0,-1772.0,3.0,0.0,0.0,0.0,1.0,0.0,2.0,0.0,0.0,0.0
98140.0,632475.0,30004.0,-11325.0,-312.40000000000003,2.0,0.0,0.0,0.0,1.0,0.0,2.0,0.0,1.0,1.0
82250.0,664200.0,39663.0,-15430.0,-311.0,2.0,1.0,0.0,3.0,3.0,0.0,2.0,1.0,0.0,0.0
86450.0,355320.0,22477.0,-10573.0,-140.0,2.0,0.0,3.0,3.0,1.0,0.0,3.0,1.0,0.0,1.0
132510.0,1122255.0,68445.0,-12763.0,-1274.0,2.0,0.0,3.0,3.0,1.0,0.0,2.0,1.0,0.0,0.0
79940.0,473580.00000000006,23010.0,-9818.0,-3244.0,3.0,0.0,3.0,3.0,0.0,1.0,2.0,0.0,0.0,1.0
146650.0,1021410.0000000001,63778.0,-21865.0,-1036.0,5.0,0.0,1.0,3.0,1.0,0.0,3.0,0.0,0.0,0.0
126979.99999999999,669330.0,30043.0,-9656.0,-1778.0,2.0,0.0,0.0,0.0,1.0,0.0,2.0,1.0,1.0,0.0
233449.99999999997,1248210.0,71344.0,-9039.0,-2387.0,1.0,0.0,3.0,3.0,1.0,0.0,3.0,0.0,0.0,1.0
255989.99999999997,914355.0000000001,58279.0,-11825.0,-3680.0,2.0,0.0,0.0,3.0,3.0,0.0,3.0,0.0,0.0,1.0
144690.0,698355.0,45149.0,-9828.0,-590.8000000000001,2.0,0.0,1.0,0.0,0.0,0.0,3.0,0.0,1.0,1.0
185570.0,1491615.0,81029.0,-20969.0,-2300.4,3.0,0.0,3.0,3.0,1.0,0.0,3.0,0.0,1.0,1.0
86380.0,379620.0,21801.0,-8576.0,-800.4000000000001,2.0,0.0,1.0,3.0,3.0,1.0,2.0,0.0,0.0,1.0
49280.0,205200.0,12311.0,-23477.0,-935.0,2.0,0.0,1.0,3.0,2.0,0.0,3.0,0.0,1.0,1.0
51660.0,184410.0,9126.0,-22705.0,-1654.0,4.0,0.0,3.0,3.0,1.0,0.0,3.0,0.0,0.0,1.0
91700.0,353430.0,22477.0,-14238.0,-1736.8000000000002,2.0,0.0,3.0,3.0,4.0,0.0,2.0,0.0,0.0,0.0
332640.0,2808000.0,147303.0,-7788.0,-589.0,2.0,0.0,1.0,0.0,1.0,0.0,3.0,0.0,0.0,1.0
158270.0,696330.0,37986.0,-9801.0,-1809.0,3.0,0.0,3.0,3.0,1.0,0.0,3.0,0.0,0.0,1.0
63069.99999999999,419175.0,17680.0,-17863.0,-1114.0,2.0,0.0,3.0,3.0,1.0,0.0,2.0,0.0,0.0,0.0
66990.0,271485.0,15652.0,-17890.0,-1199.0,2.0,0.0,0.0,3.0,1.0,0.0,3.0,1.0,1.0,1.0
272930.0,1944270.0000000002,94497.0,-9551.0,-1673.0,3.0,0.0,3.0,3.0,1.0,0.0,2.0,0.0,1.0,1.0
84910.0,671220.0,32630.0,-18646.0,-4114.0,2.0,0.0,1.0,1.0,1.0,0.0,2.0,0.0,0.0,1.0
42840.0,192915.0,10686.0,-8831.0,-902.4000000000001,1.0,0.0,0.0,3.0,4.0,3.0,2.0,1.0,0.0,1.0
99050.0,501525.00000000006,29640.0,-17532.0,-75.0,1.0,0.0,2.0,3.0,1.0,0.0,3.0,0.0,1.0,0.0
93800.0,399600.0,22594.0,-10404.0,-3830.0,2.0,0.0,1.0,0.0,1.0,0.0,2.0,0.0,1.0,1.0
66220.0,459405.00000000006,22620.0,-12656.0,-86.0,2.0,0.0,3.0,1.0,1.0,0.0,3.0,0.0,0.0,0.0
211610.0,859545.0,48958.0,-9352.0,-1086.0,2.0,0.0,3.0,3.0,4.0,0.0,3.0,0.0,0.0,1.0
121029.99999999999,567810.0,29133.0,-19386.0,-354.40000000000003,1.0,0.0,3.0,3.0,3.0,0.0,3.0,0.0,0.0,1.0
103600.0,663120.0,36634.0,-9499.0,-304.40000000000003,3.0,0.0,3.0,3.0,1.0,0.0,2.0,0.0,1.0,0.0
232119.99999999997,1397655.0,78793.0,-13140.0,-566.0,1.0,1.0,1.0,3.0,1.0,0.0,3.0,0.0,1.0,1.0
110320.0,442800.00000000006,23335.0,-15451.0,-393.6,2.0,0.0,2.0,0.0,2.0,0.0,2.0,0.0,0.0,1.0
121379.99999999999,879390.0,38363.0,-16071.0,-911.6,1.0,0.0,0.0,0.0,0.0,0.0,1.0,0.0,0.0,1.0
103530.0,483165.00000000006,29887.0,-14466.0,-1245.0,1.0,0.0,1.0,3.0,1.0,0.0,2.0,0.0,0.0,1.0
53410.0,422415.0,26039.0,-21518.0,-1556.0,1.0,0.0,3.0,3.0,1.0,0.0,2.0,0.0,1.0,1.0
164640.0,817425.0,35334.0,-18531.0,-724.0,4.0,0.0,0.0,0.0,1.0,0.0,3.0,0.0,0.0,1.0
478799.99999999994,1879875.0000000002,93314.0,-9474.0,-1455.0,2.0,0.0,0.0,3.0,3.0,3.0,3.0,1.0,1.0,0.0
91350.0,623835.0,28275.0,-8823.0,-765.6,3.0,0.0,3.0,3.0,1.0,0.0,3.0,1.0,0.0,0.0
78820.0,393255.0,21385.0,-17774.0,-1997.0,2.0,0.0,3.0,3.0,1.0,0.0,3.0,1.0,0.0,0.0
49910.0,308205.0,13988.0,-19247.0,-712.4000000000001,3.0,0.0,1.0,0.0,1.0,0.0,2.0,0.0,0.0,0.0
117249.99999999999,700920.0,43394.0,-11300.0,-1206.0,3.0,1.0,0.0,3.0,0.0,0.0,1.0,0.0,0.0,1.0
356930.0,1587330.0,90610.0,-21268.0,-933.0,3.0,0.0,0.0,0.0,3.0,0.0,3.0,0.0,0.0,1.0
93520.0,474660.00000000006,27846.0,-20079.0,-1172.0,1.0,0.0,3.0,3.0,1.0,0.0,3.0,1.0,0.0,0.0
79100.0,595890.0,27833.0,-14830.0,-1687.0,3.0,0.0,3.0,3.0,3.0,0.0,2.0,0.0,0.0,1.0
59149.99999999999,450630.00000000006,24869.0,-17361.0,-5134.0,2.0,1.0,3.0,3.0,1.0,0.0,3.0,0.0,0.0,1.0
104160.0,877500.0,38883.0,-11685.0,-1063.6000000000001,2.0,0.0,3.0,3.0,1.0,0.0,2.0,1.0,1.0,0.0
73640.0,467100.00000000006,20332.0,-23273.0,-1293.0,2.0,0.0,2.0,3.0,1.0,0.0,1.0,0.0,1.0,0.0
89110.0,586305.0,37245.0,-7731.0,-1157.0,2.0,0.0,3.0,3.0,1.0,3.0,2.0,0.0,0.0,1.0
116339.99999999999,548505.0,25272.0,-14916.0,-2791.6000000000004,2.0,0.0,3.0,0.0,1.0,0.0,3.0,0.0,0.0,1.0
45850.0,387855.0,16172.0,-9010.0,-1265.0,3.0,0.0,0.0,3.0,1.0,0.0,3.0,0.0,1.0,1.0
198100.0,1547775.0,98280.0,-19202.0,-3028.0,2.0,0.0,0.0,0.0,2.0,0.0,2.0,0.0,0.0,0.0
99820.0,612765.0,31603.0,-8834.0,-88.4,2.0,0.0,3.0,3.0,1.0,0.0,3.0,0.0,0.0,1.0
96390.0,808245.0,33059.0,-16633.0,-294.0,3.0,0.0,3.0,3.0,3.0,0.0,3.0,0.0,0.0,1.0
76650.0,429975.0,19552.0,-9579.0,-2652.0,1.0,0.0,1.0,3.0,3.0,0.0,3.0,0.0,1.0,1.0
157780.0,1036530.0000000001,57798.0,-10916.0,-4342.0,3.0,0.0,3.0,3.0,0.0,2.0,3.0,0.0,0.0,1.0
90790.0,668115.0,36595.0,-12200.0,-2098.0,1.0,1.0,3.0,3.0,1.0,0.0,2.0,0.0,0.0,1.0
85820.0,452520.00000000006,21697.0,-16322.0,-729.0,2.0,0.0,3.0,3.0,3.0,1.0,3.0,0.0,1.0,1.0
67760.0,415935.0,23777.0,-11789.0,-51.0,2.0,0.0,3.0,3.0,3.0,0.0,2.0,0.0,0.0,0.0
71330.0,436050.0,18213.0,-19250.0,-453.0,4.0,0.0,3.0,3.0,1.0,0.0,3.0,1.0,0.0,0.0
80150.0,588060.0,28964.0,-8718.0,-383.6,1.0,0.0,3.0,3.0,1.0,0.0,1.0,0.0,0.0,0.0
76790.0,574965.0,31291.0,-10180.0,-809.0,3.0,0.0,0.0,3.0,1.0,0.0,3.0,0.0,0.0,1.0
126419.99999999999,494640.00000000006,28743.0,-8249.0,-1674.0,2.0,0.0,2.0,0.0,1.0,0.0,3.0,0.0,0.0,0.0
53060.0,354645.0,19032.0,-8010.0,-574.0,2.0,0.0,0.0,3.0,1.0,0.0,3.0,0.0,0.0,1.0
63769.99999999999,255420.00000000003,11180.0,-8284.0,-1709.0,3.0,0.0,1.0,3.0,1.0,3.0,2.0,1.0,0.0,1.0
45010.0,199530.0,9880.0,-13926.0,-4222.0,1.0,0.0,3.0,0.0,1.0,0.0,2.0,0.0,0.0,0.0
187670.0,1379295.0,84162.0,-14066.0,-1015.2,1.0,0.0,0.0,3.0,4.0,0.0,3.0,0.0,0.0,1.0
219940.0,1234980.0,58305.0,-15699.0,-2304.0,2.0,0.0,1.0,3.0,3.0,0.0,3.0,0.0,0.0,1.0
110180.0,486000.00000000006,25714.0,-16724.0,-36.0,1.0,0.0,3.0,3.0,1.0,0.0,3.0,0.0,1.0,1.0
115429.99999999999,668250.0,27859.0,-21422.0,-135.0,2.0,0.0,3.0,0.0,1.0,0.0,3.0,0.0,0.0,0.0
112560.0,395955.0,20397.0,-17133.0,-789.2,2.0,0.0,1.0,3.0,2.0,0.0,3.0,1.0,0.0,1.0
96740.0,459135.00000000006,29406.0,-15203.0,-1128.0,3.0,0.0,3.0,3.0,1.0,0.0,2.0,0.0,1.0,0.0
168070.0,1159110.0,71253.0,-20127.0,-113.2,2.0,1.0,3.0,0.0,1.0,0.0,2.0,1.0,0.0,0.0
79940.0,537840.0,26611.0,-16797.0,-1120.0,5.0,0.0,2.0,3.0,1.0,0.0,2.0,0.0,1.0,1.0
78960.0,643140.0,35711.0,-20640.0,-479.20000000000005,3.0,0.0,3.0,3.0,1.0,0.0,3.0,0.0,1.0,1.0
76650.0,605205.0,30862.0,-14208.0,-1846.0,2.0,0.0,3.0,3.0,3.0,0.0,2.0,0.0,0.0,0.0
105140.0,573345.0,32097.0,-12214.0,-202.4,1.0,1.0,1.0,3.0,0.0,0.0,2.0,0.0,1.0,1.0
131180.0,524340.0,22451.0,-15675.0,-421.6,1.0,0.0,1.0,3.0,4.0,0.0,2.0,0.0,0.0,1.0
77490.0,591570.0,27820.0,-17140.0,-524.0,2.0,0.0,3.0,3.0,3.0,3.0,3.0,0.0,1.0,1.0
177730.0,1061640.0,47580.0,-14431.0,-91.0,4.0,0.0,0.0,0.0,1.0,0.0,2.0,0.0,1.0,1.0
321370.0,2207115.0,121589.0,-8310.0,-694.0,2.0,0.0,3.0,3.0,1.0,0.0,3.0,0.0,0.0,1.0
248919.99999999997,1865160.0000000002,84591.0,-10572.0,-709.0,3.0,0.0,1.0,3.0,2.0,0.0,3.0,0.0,0.0,0.0
114799.99999999999,879525.0,51766.0,-12627.0,-1261.6000000000001,2.0,0.0,3.0,0.0,1.0,0.0,1.0,0.0,1.0,1.0
287980.0,1914840.0000000002,85306.0,-17859.0,-2012.0,1.0,0.0,0.0,3.0,0.0,0.0,2.0,0.0,1.0,1.0
129779.99999999999,1018305.0000000001,59254.0,-21711.0,-1647.0,2.0,0.0,3.0,3.0,1.0,0.0,1.0,1.0,0.0,1.0
87010.0,556470.0,29757.0,-9916.0,-1336.8000000000002,3.0,0.0,1.0,0.0,1.0,0.0,2.0,0.0,0.0,1.0
166740.0,1116855.0,56927.0,-15330.0,-3502.0,1.0,0.0,0.0,3.0,1.0,0.0,3.0,1.0,1.0,0.0
99820.0,478170.00000000006,31239.0,-13720.0,-22.400000000000002,3.0,0.0,0.0,1.0,0.0,0.0,2.0,0.0,0.0,1.0
79800.0,569700.0,32656.0,-9193.0,-230.0,2.0,0.0,3.0,3.0,1.0,0.0,2.0,0.0,0.0,0.0
152810.0,1175850.0,49712.0,-15186.0,-2621.0,3.0,0.0,3.0,0.0,1.0,3.0,1.0,0.0,1.0,1.0
89670.0,497475.00000000006,27404.0,-18813.0,-2166.8,2.0,0.0,3.0,1.0,1.0,0.0,3.0,1.0,0.0,1.0
116549.99999999999,934335.0000000001,52832.0,-11743.0,-268.0,1.0,0.0,1.0,3.0,1.0,0.0,2.0,1.0,1.0,1.0
102410.0,440505.0,24609.0,-21624.0,-1221.2,2.0,0.0,3.0,1.0,1.0,0.0,1.0,0.0,0.0,1.0
192360.0,698895.0,43212.0,-12238.0,-109.60000000000001,3.0,0.0,0.0,3.0,2.0,0.0,3.0,1.0,0.0,1.0
103460.0,671895.0,27924.0,-14835.0,-2187.0,2.0,0.0,1.0,3.0,1.0,0.0,3.0,0.0,0.0,1.0
76790.0,314820.0,20319.0,-8774.0,-1077.0,2.0,0.0,3.0,3.0,1.0,1.0,3.0,0.0,0.0,1.0
92890.0,667980.0,28795.0,-17597.0,-142.0,4.0,0.0,3.0,3.0,1.0,0.0,3.0,1.0,0.0,0.0
83510.0,708210.0,46319.0,-22111.0,-2887.0,2.0,0.0,3.0,3.0,1.0,1.0,2.0,0.0,0.0,1.0
224700.0,1147230.0,59579.0,-19539.0,-1960.0,1.0,0.0,1.0,3.0,3.0,0.0,3.0,1.0,1.0,1.0
40040.0,286470.0,15015.0,-14642.0,-465.0,3.0,1.0,2.0,3.0,1.0,0.0,3.0,0.0,0.0,1.0
125509.99999999999,871290.0,55354.0,-18081.0,-383.6,5.0,0.0,0.0,3.0,4.0,0.0,2.0,0.0,0.0,1.0
127609.99999999999,705915.0,45721.0,-11583.0,-2638.0,1.0,0.0,3.0,3.0,1.0,0.0,2.0,0.0,1.0,0.0
126769.99999999999,764370.0,31005.0,-15945.0,-160.0,3.0,0.0,1.0,0.0,1.0,0.0,2.0,0.0,1.0,1.0
103600.0,470745.00000000006,29315.0,-8343.0,-330.0,1.0,0.0,2.0,0.0,1.0,0.0,3.0,0.0,1.0,0.0
121939.99999999999,882090.0,44382.0,-11900.0,-513.6,2.0,0.0,2.0,1.0,1.0,2.0,3.0,0.0,0.0,1.0
183330.0,1566135.0,96863.0,-8140.0,-540.8000000000001,2.0,0.0,2.0,3.0,1.0,0.0,2.0,0.0,0.0,1.0
76090.0,464940.00000000006,28314.0,-20682.0,-36.0,4.0,0.0,3.0,3.0,1.0,0.0,2.0,0.0,1.0,1.0
91840.0,562140.0,35867.0,-20216.0,-83.2,3.0,0.0,3.0,1.0,1.0,0.0,3.0,1.0,0.0,1.0
120189.99999999999,888975.0000000001,55523.0,-15386.0,-468.0,3.0,0.0,3.0,3.0,1.0,0.0,2.0,0.0,0.0,1.0
74970.0,322650.0,14599.0,-23687.0,-344.0,4.0,0.0,3.0,3.0,1.0,0.0,3.0,0.0,0.0,0.0
124529.99999999999,783810.0,49985.0,-19026.0,-346.0,1.0,0.0,3.0,3.0,1.0,0.0,3.0,0.0,0.0,1.0
134470.0,494235.00000000006,21151.0,-11225.0,-1072.4,2.0,0.0,0.0,3.0,1.0,0.0,3.0,0.0,0.0,0.0
104860.0,609660.0,24791.0,-10409.0,-477.20000000000005,1.0,0.0,1.0,3.0,0.0,0.0,3.0,0.0,1.0,1.0
103390.0,824445.0,42666.0,-13391.0,-1474.0,2.0,0.0,1.0,3.0,2.0,0.0,2.0,0.0,1.0,0.0
49770.0,178335.0,9646.0,-19516.0,-20.0,4.0,0.0,3.0,0.0,1.0,0.0,1.0,1.0,0.0,0.0
92820.0,654480.0,40898.0,-7779.0,-1204.0,2.0,0.0,0.0,0.0,1.0,0.0,3.0,0.0,0.0,0.0
186270.0,695655.0,28951.0,-11971.0,-693.0,2.0,0.0,0.0,0.0,1.0,0.0,3.0,0.0,0.0,1.0
105280.0,671895.0,34424.0,-10114.0,-3540.0,2.0,1.0,1.0,3.0,1.0,0.0,2.0,0.0,0.0,1.0
37870.0,144720.0,6903.0,-12713.0,-661.0,2.0,0.0,1.0,3.0,1.0,0.0,3.0,1.0,0.0,0.0
113820.0,518535.00000000006,29627.0,-13181.0,-1470.0,3.0,0.0,3.0,2.0,1.0,0.0,3.0,0.0,0.0,1.0
127679.99999999999,736020.0,37908.0,-8055.0,-40.0,2.0,1.0,3.0,0.0,3.0,0.0,2.0,1.0,0.0,0.0
38500.0,218970.0,13234.0,-22127.0,-588.0,2.0,0.0,1.0,3.0,1.0,0.0,2.0,0.0,1.0,1.0
102340.0,735075.0,36725.0,-13973.0,-140.0,5.0,0.0,3.0,3.0,1.0,0.0,2.0,0.0,1.0,0.0
79240.0,372195.0,16692.0,-18707.0,-2478.0,1.0,0.0,3.0,3.0,1.0,0.0,3.0,1.0,1.0,1.0
61599.99999999999,483570.00000000006,28470.0,-12434.0,-882.0,2.0,0.0,1.0,3.0,0.0,0.0,3.0,1.0,1.0,1.0
91420.0,478440.00000000006,30238.0,-15639.0,-783.0,3.0,1.0,3.0,3.0,0.0,0.0,2.0,0.0,0.0,0.0
36610.0,168075.0,9958.0,-18038.0,-660.0,4.0,0.0,0.0,3.0,3.0,0.0,2.0,0.0,0.0,1.0
209370.0,1457730.0,77064.0,-20813.0,-1527.0,1.0,0.0,3.0,0.0,1.0,0.0,3.0,0.0,1.0,1.0
70000.0,545265.0,35191.0,-19736.0,-1882.0,2.0,0.0,0.0,3.0,1.0,0.0,3.0,0.0,1.0,0.0
167160.0,1396980.0,86619.0,-9054.0,-52.0,1.0,0.0,3.0,3.0,3.0,0.0,2.0,0.0,0.0,1.0
47250.0,290385.0,12051.0,-21213.0,-14.8,1.0,0.0,0.0,3.0,0.0,2.0,2.0,1.0,0.0,1.0
533470.0,2396520.0,139958.0,-15037.0,-161.0,1.0,0.0,3.0,0.0,0.0,0.0,3.0,0.0,0.0,0.0
63209.99999999999,244080.00000000003,10348.0,-18135.0,-1420.0,4.0,0.0,3.0,3.0,1.0,0.0,2.0,0.0,0.0,1.0
136570.0,516645.00000000006,28431.0,-13513.0,-1066.8,3.0,0.0,0.0,3.0,1.0,0.0,3.0,0.0,0.0,1.0
70420.0,324405.0,15054.0,-11634.0,-748.0,1.0,0.0,1.0,3.0,3.0,0.0,1.0,0.0,0.0,1.0
165690.0,1342575.0,60827.0,-22603.0,-514.8000000000001,2.0,0.0,2.0,3.0,1.0,0.0,3.0,0.0,0.0,1.0
137410.0,1035990.0000000001,44070.0,-12447.0,-429.6,3.0,0.0,3.0,0.0,3.0,0.0,2.0,0.0,0.0,1.0
64539.99999999999,450225.00000000006,20137.0,-12043.0,-288.0,1.0,0.0,1.0,3.0,1.0,2.0,1.0,0.0,0.0,1.0
86100.0,549990.0,23257.0,-11315.0,-1275.0,2.0,0.0,3.0,3.0,0.0,0.0,2.0,0.0,0.0,1.0
150220.0,622620.0,37622.0,-15539.0,-75.0,2.0,0.0,0.0,0.0,1.0,0.0,2.0,0.0,0.0,1.0
114799.99999999999,886410.0000000001,46371.0,-20846.0,-363.0,1.0,1.0,3.0,3.0,1.0,0.0,2.0,1.0,0.0,1.0
59219.99999999999,296730.0,15236.0,-8500.0,-36.0,2.0,0.0,0.0,3.0,1.0,0.0,2.0,0.0,0.0,1.0
93030.0,333720.0,16367.0,-23628.0,-3198.0,1.0,0.0,0.0,3.0,1.0,0.0,2.0,0.0,1.0,1.0
64189.99999999999,536625.0,23192.0,-13987.0,-630.0,1.0,0.0,0.0,3.0,3.0,0.0,2.0,0.0,1.0,1.0
110530.0,467235.00000000006,21944.0,-9180.0,-53.0,2.0,0.0,2.0,3.0,1.0,0.0,1.0,0.0,1.0,1.0
113470.0,612495.0,24973.0,-8882.0,-1772.0,2.0,0.0,3.0,3.0,1.0,3.0,3.0,0.0,0.0,1.0
83650.0,446985.00000000006,20189.0,-13427.0,-1130.0,3.0,0.0,1.0,3.0,1.0,0.0,3.0,1.0,0.0,1.0
208250.0,1588140.0,75218.0,-9238.0,-1065.6000000000001,2.0,0.0,0.0,3.0,0.0,0.0,2.0,0.0,1.0,1.0
179480.0,920835.0000000001,40495.0,-12819.0,-1073.0,2.0,0.0,3.0,1.0,1.0,0.0,3.0,0.0,1.0,0.0
41370.0,218160.0,11505.0,-13420.0,-656.0,2.0,0.0,1.0,0.0,2.0,1.0,2.0,1.0,1.0,1.0
111020.0,799740.0,48230.0,-23494.0,-864.8000000000001,2.0,0.0,1.0,3.0,1.0,3.0,3.0,0.0,0.0,1.0
113260.0,875475.0,54626.0,-17604.0,-1381.0,1.0,0.0,3.0,3.0,3.0,0.0,2.0,0.0,0.0,1.0
107520.0,410400.0,21125.0,-12148.0,-477.6,1.0,0.0,3.0,0.0,3.0,0.0,2.0,0.0,1.0,1.0
150220.0,1048545.0000000001,44525.0,-14146.0,-512.4,2.0,0.0,1.0,3.0,1.0,0.0,3.0,1.0,1.0,1.0
74060.0,380430.0,16393.0,-16849.0,-1334.0,2.0,1.0,0.0,3.0,2.0,0.0,2.0,1.0,0.0,1.0
158410.0,1347975.0,73034.0,-16828.0,-938.0,2.0,0.0,3.0,3.0,3.0,3.0,3.0,0.0,0.0,1.0
45850.0,236655.00000000003,13689.0,-12351.0,-1207.0,2.0,0.0,0.0,3.0,1.0,0.0,3.0,0.0,1.0,1.0
246259.99999999997,1740555.0,108472.0,-16273.0,-609.0,3.0,0.0,3.0,3.0,1.0,1.0,3.0,0.0,0.0,1.0
150360.0,1041795.0000000001,61061.0,-14645.0,-518.0,3.0,0.0,3.0,3.0,0.0,0.0,3.0,0.0,1.0,0.0
62929.99999999999,251370.00000000003,11037.0,-11021.0,-4446.0,1.0,0.0,0.0,3.0,1.0,0.0,3.0,0.0,0.0,1.0
42000.0,180495.0,10192.0,-21823.0,-354.40000000000003,3.0,0.0,0.0,3.0,1.0,0.0,2.0,0.0,0.0,0.0
97720.0,606690.0,26728.0,-20963.0,-297.2,2.0,0.0,3.0,3.0,1.0,0.0,3.0,0.0,0.0,0.0
98280.0,465750.00000000006,30121.0,-9776.0,-669.2,5.0,0.0,0.0,3.0,1.0,0.0,3.0,1.0,0.0,1.0
122429.99999999999,670410.0,29445.0,-21530.0,-718.4000000000001,3.0,0.0,3.0,3.0,3.0,0.0,3.0,0.0,0.0,0.0
115009.99999999999,837405.0,48308.0,-8210.0,-654.0,2.0,0.0,3.0,2.0,2.0,3.0,3.0,0.0,0.0,0.0
55160.0,206280.0,11752.0,-12041.0,-1497.0,1.0,0.0,3.0,3.0,4.0,0.0,3.0,0.0,0.0,1.0
152950.0,926100.0000000001,41821.0,-8263.0,-930.0,2.0,0.0,1.0,0.0,3.0,0.0,3.0,0.0,1.0,1.0
141400.0,530010.0,23049.0,-21732.0,-190.0,3.0,0.0,3.0,0.0,3.0,0.0,2.0,1.0,0.0,1.0
61109.99999999999,498555.00000000006,28756.0,-18281.0,-1021.0,1.0,0.0,3.0,3.0,1.0,0.0,3.0,0.0,0.0,0.0
57749.99999999999,405945.0,20410.0,-17743.0,-9340.0,1.0,0.0,1.0,3.0,2.0,0.0,2.0,0.0,0.0,0.0
62719.99999999999,497610.00000000006,22971.0,-20991.0,-1482.0,1.0,1.0,0.0,3.0,1.0,0.0,3.0,0.0,0.0,1.0
157290.0,913005.0000000001,44564.0,-17913.0,-5749.0,2.0,1.0,0.0,3.0,1.0,0.0,3.0,0.0,0.0,0.0
119489.99999999999,416610.0,18434.0,-8093.0,-149.20000000000002,1.0,0.0,3.0,3.0,1.0,0.0,2.0,1.0,0.0,1.0
123269.99999999999,1030860.0000000001,65130.0,-12962.0,-912.0,3.0,1.0,3.0,3.0,1.0,0.0,2.0,0.0,0.0,1.0
219940.0,1697085.0,96980.0,-21806.0,-509.0,3.0,0.0,3.0,0.0,1.0,0.0,2.0,0.0,1.0,1.0
72310.0,545535.0,29731.0,-11578.0,-196.0,2.0,1.0,3.0,3.0,1.0,0.0,3.0,0.0,1.0,1.0
47390.0,370170.0,20215.0,-20878.0,-1186.4,4.0,0.0,3.0,3.0,3.0,1.0,2.0,0.0,1.0,1.0
229739.99999999997,1959660.0000000002,91299.0,-14969.0,-1134.0,2.0,0.0,3.0,3.0,1.0,0.0,3.0,0.0,0.0,0.0
226380.0,1522395.0,82082.0,-10214.0,-438.0,2.0,0.0,3.0,3.0,1.0,2.0,2.0,0.0,1.0,1.0
36190.0,293220.0,19162.0,-23135.0,-1465.0,2.0,0.0,0.0,3.0,1.0,0.0,2.0,0.0,1.0,0.0
91280.0,639495.0,41743.0,-21936.0,-4149.0,3.0,0.0,1.0,0.0,1.0,0.0,1.0,0.0,0.0,1.0
197400.0,750870.0,45006.0,-17409.0,-435.0,2.0,0.0,3.0,1.0,1.0,0.0,2.0,0.0,0.0,1.0
148260.0,1050975.0,50765.0,-8946.0,-200.0,1.0,0.0,1.0,3.0,1.0,0.0,2.0,0.0,0.0,1.0
64329.99999999999,523665.00000000006,24895.0,-23525.0,-806.0,2.0,0.0,2.0,3.0,1.0,0.0,3.0,0.0,0.0,1.0
141750.0,781920.0,44083.0,-20494.0,-8702.0,2.0,0.0,3.0,3.0,3.0,0.0,3.0,0.0,0.0,1.0
62439.99999999999,432675.0,25350.0,-8588.0,-805.2,1.0,0.0,1.0,3.0,3.0,1.0,2.0,0.0,1.0,1.0
94990.0,438345.0,23127.0,-14349.0,-1643.0,1.0,0.0,3.0,0.0,1.0,0.0,1.0,1.0,0.0,0.0
74760.0,524880.0,22828.0,-13058.0,-1452.0,3.0,0.0,0.0,3.0,2.0,0.0,3.0,0.0,0.0,1.0
32900.0,214245.0,13988.0,-10290.0,-1138.0,2.0,0.0,3.0,3.0,3.0,2.0,2.0,0.0,0.0,0.0
114939.99999999999,754515.0,44746.0,-18696.0,-860.0,2.0,0.0,1.0,3.0,3.0,0.0,1.0,0.0,0.0,1.0
94500.0,333990.0,14326.0,-10453.0,-1056.0,2.0,0.0,0.0,3.0,1.0,1.0,3.0,0.0,0.0,0.0
124459.99999999999,865215.0,44642.0,-15497.0,-36.0,2.0,0.0,0.0,3.0,1.0,0.0,3.0,0.0,1.0,1.0
110950.0,511650.00000000006,23010.0,-11603.0,-974.4000000000001,2.0,0.0,1.0,3.0,1.0,1.0,3.0,0.0,0.0,0.0
75460.0,589140.0,31174.0,-18058.0,-370.8,2.0,0.0,1.0,3.0,1.0,1.0,3.0,1.0,1.0,1.0
133770.0,1091880.0,47541.0,-14275.0,-7701.0,3.0,0.0,2.0,0.0,1.0,0.0,3.0,0.0,0.0,0.0
62719.99999999999,404460.0,26260.0,-19694.0,-2448.4,1.0,0.0,1.0,3.0,1.0,0.0,3.0,0.0,0.0,1.0
160160.0,994680.0000000001,45942.0,-15464.0,-2628.0,2.0,0.0,3.0,3.0,4.0,0.0,2.0,0.0,0.0,1.0
45850.0,207090.0,11206.0,-10416.0,-947.0,2.0,0.0,3.0,3.0,1.0,0.0,2.0,0.0,1.0,0.0
123339.99999999999,711180.0,40885.0,-15660.0,-34.0,2.0,0.0,3.0,3.0,1.0,0.0,3.0,0.0,1.0,1.0
184380.0,860490.0,40885.0,-8598.0,-844.0,2.0,0.0,2.0,0.0,4.0,0.0,3.0,0.0,0.0,0.0
50540.0,269460.0,16965.0,-19038.0,-795.0,2.0,0.0,3.0,0.0,1.0,0.0,3.0,0.0,0.0,0.0
88620.0,456435.00000000006,28990.0,-16573.0,-2242.8,2.0,0.0,1.0,3.0,0.0,0.0,1.0,0.0,0.0,1.0
104090.0,516510.00000000006,31083.0,-19112.0,-1006.0,2.0,0.0,0.0,0.0,3.0,0.0,2.0,0.0,0.0,0.0
61669.99999999999,461565.00000000006,26364.0,-18330.0,-1359.0,4.0,0.0,1.0,3.0,1.0,0.0,2.0,1.0,0.0,0.0
56210.0,331695.0,16731.0,-23462.0,-215.0,3.0,1.0,0.0,3.0,0.0,0.0,3.0,0.0,0.0,1.0
80850.0,325485.0,19357.0,-9601.0,-1846.0,3.0,0.0,0.0,3.0,1.0,0.0,2.0,1.0,0.0,0.0
37030.0,244350.00000000003,12779.0,-13880.0,-5426.0,1.0,0.0,3.0,3.0,0.0,0.0,2.0,0.0,1.0,1.0
75530.0,467370.00000000006,20605.0,-15468.0,-62.0,2.0,0.0,0.0,0.0,2.0,0.0,3.0,0.0,1.0,1.0
91140.0,634500.0,27417.0,-16668.0,-369.0,1.0,0.0,1.0,0.0,1.0,0.0,1.0,0.0,0.0,1.0
60199.99999999999,229500.00000000003,10972.0,-17209.0,-247.0,3.0,0.0,3.0,3.0,1.0,0.0,3.0,1.0,0.0,0.0
97860.0,388665.0,18421.0,-18866.0,-5778.0,4.0,0.0,0.0,0.0,3.0,0.0,3.0,1.0,0.0,1.0
90930.0,739125.0,33956.0,-16420.0,-2408.4,2.0,0.0,3.0,3.0,0.0,0.0,2.0,0.0,1.0,1.0
107590.0,763290.0,43108.0,-17366.0,-3542.0,1.0,0.0,2.0,3.0,1.0,0.0,1.0,0.0,1.0,1.0
70140.0,493965.00000000006,29627.0,-15132.0,-205.20000000000002,2.0,0.0,1.0,3.0,1.0,3.0,2.0,1.0,0.0,1.0
166250.0,1201500.0,52546.0,-15587.0,-1555.6000000000001,1.0,0.0,3.0,3.0,1.0,0.0,2.0,0.0,1.0,1.0
93170.0,496125.00000000006,30342.0,-19166.0,-1956.4,3.0,1.0,3.0,3.0,0.0,0.0,3.0,0.0,0.0,1.0
93590.0,442935.00000000006,27677.0,-16416.0,-5153.0,1.0,0.0,3.0,0.0,3.0,1.0,2.0,1.0,0.0,1.0
78330.0,599535.0,27300.0,-22388.0,-323.0,4.0,0.0,3.0,3.0,4.0,0.0,2.0,0.0,0.0,1.0
118719.99999999999,482490.00000000006,28288.0,-16980.0,-8910.0,3.0,0.0,0.0,3.0,4.0,0.0,2.0,0.0,0.0,1.0
101570.0,818370.0,51844.0,-16552.0,-2333.0,2.0,0.0,0.0,3.0,1.0,0.0,1.0,0.0,1.0,1.0
107170.0,905040.0000000001,48633.0,-15884.0,-234.0,1.0,0.0,3.0,3.0,1.0,0.0,3.0,1.0,0.0,1.0
70770.0,279720.0,15587.0,-21696.0,-731.0,1.0,0.0,3.0,3.0,3.0,0.0,2.0,0.0,0.0,1.0
122919.99999999999,810000.0,41600.0,-18944.0,-926.0,3.0,0.0,0.0,3.0,1.0,0.0,2.0,0.0,0.0,0.0
76160.0,482625.00000000006,23179.0,-21088.0,-536.4,5.0,0.0,0.0,2.0,1.0,0.0,2.0,0.0,1.0,0.0
124109.99999999999,554850.0,32838.0,-16563.0,-705.2,1.0,1.0,3.0,3.0,1.0,0.0,2.0,0.0,0.0,1.0
60339.99999999999,468990.00000000006,28392.0,-13503.0,-3828.0,3.0,0.0,3.0,3.0,1.0,0.0,2.0,0.0,0.0,1.0
68880.0,443340.00000000006,20579.0,-15064.0,-3659.0,1.0,0.0,3.0,3.0,1.0,0.0,3.0,0.0,1.0,1.0
168560.0,752355.0,37648.0,-7853.0,-511.6,1.0,0.0,2.0,0.0,2.0,0.0,3.0,0.0,0.0,1.0
87010.0,662175.0,34970.0,-13914.0,-72.8,2.0,0.0,1.0,3.0,1.0,0.0,2.0,0.0,1.0,0.0
59639.99999999999,420255.0,23634.0,-8965.0,-2391.0,2.0,0.0,3.0,0.0,0.0,0.0,2.0,0.0,0.0,1.0
40390.0,191835.0,12389.0,-21136.0,-1780.4,2.0,0.0,3.0,0.0,0.0,0.0,3.0,0.0,0.0,1.0
161700.0,1329885.0,80899.0,-21561.0,-276.0,2.0,0.0,3.0,3.0,1.0,0.0,3.0,1.0,0.0,1.0
95550.0,711450.0,39988.0,-17992.0,-2553.0,1.0,0.0,0.0,3.0,1.0,0.0,3.0,0.0,0.0,1.0
42840.0,313740.0,18889.0,-16029.0,-646.0,3.0,0.0,3.0,2.0,1.0,0.0,3.0,0.0,1.0,0.0
75670.0,343170.0,17472.0,-11815.0,-487.20000000000005,2.0,0.0,3.0,3.0,1.0,0.0,3.0,0.0,0.0,1.0
159740.0,850365.0,51025.0,-15420.0,-1153.0,1.0,0.0,3.0,3.0,1.0,3.0,1.0,0.0,0.0,1.0
116969.99999999999,764235.0,41756.0,-11402.0,-2883.0,2.0,0.0,3.0,3.0,1.0,0.0,3.0,0.0,0.0,1.0
55090.0,207900.0,8697.0,-21977.0,-1206.0,4.0,0.0,1.0,3.0,1.0,0.0,3.0,0.0,0.0,0.0
85120.0,304695.0,12480.0,-15320.0,-1417.0,1.0,0.0,0.0,1.0,1.0,0.0,2.0,0.0,0.0,1.0
112910.0,444690.00000000006,22334.0,-22715.0,-1451.2,2.0,0.0,3.0,3.0,1.0,0.0,3.0,0.0,1.0,1.0
36330.0,156195.0,7683.0,-19683.0,-654.0,2.0,0.0,3.0,3.0,3.0,0.0,1.0,0.0,0.0,1.0
233589.99999999997,1807650.0000000002,91208.0,-11726.0,-707.0,2.0,0.0,3.0,0.0,2.0,0.0,2.0,1.0,0.0,1.0
154980.0,889245.0000000001,38610.0,-12369.0,-3060.0,1.0,0.0,3.0,0.0,2.0,0.0,1.0,1.0,0.0,1.0
77350.0,664065.0,43017.0,-22158.0,-302.0,2.0,0.0,0.0,3.0,1.0,2.0,3.0,0.0,0.0,1.0
191380.0,757215.0,39845.0,-22039.0,-1890.0,3.0,0.0,3.0,3.0,4.0,0.0,3.0,0.0,0.0,0.0
158480.0,1080945.0,67288.0,-10310.0,-3735.0,5.0,1.0,1.0,3.0,0.0,0.0,2.0,0.0,0.0,0.0
114380.0,478845.00000000006,31005.0,-13021.0,-2278.0,2.0,0.0,0.0,3.0,1.0,0.0,3.0,1.0,0.0,0.0
115219.99999999999,533925.0,27989.0,-19246.0,-14.4,2.0,0.0,3.0,3.0,1.0,0.0,3.0,0.0,1.0,1.0
157640.0,612495.0,37401.0,-12077.0,-2897.0,4.0,0.0,1.0,0.0,1.0,0.0,2.0,0.0,0.0,0.0
58449.99999999999,211140.0,10855.0,-17981.0,-687.2,2.0,0.0,2.0,0.0,3.0,0.0,2.0,0.0,0.0,1.0
136010.0,1072575.0,56641.0,-12022.0,-165.60000000000002,1.0,0.0,3.0,3.0,1.0,0.0,3.0,0.0,1.0,1.0
73430.0,304425.0,18538.0,-22376.0,-1955.6000000000001,3.0,0.0,3.0,3.0,1.0,0.0,2.0,0.0,0.0,1.0
95410.0,691200.0,32695.0,-17437.0,-511.0,2.0,0.0,0.0,0.0,3.0,0.0,3.0,0.0,1.0,0.0
